{"layout":"col-2cl","body_boxed":"no","body_max_width":"1230","main_full_width":"no","main_space":{"top":"40","bottom":"40"},"backtotop_btn":"yes","favicon":"","favicon_iphone":"","favicon_ipad":"","logo":"","logo_2x":"","logo_transparency":"","logo_transparency_2x":"","logo_mobile":"","logo_mobile_2x":"","logo_mobile_transparency":"","logo_mobile_transparency_2x":"","body_background":{"image":"","repeat":"repeat","position":"left top","attachment":"","size":"","color":""},"body_boxed_background":{"image":"","repeat":"repeat","position":"left top","attachment":"","size":"","color":""},"text_color":"#989898","heading_color":"#4a4141","primary_color":"#a38b5e","secondary_color":"#262626","three_color":"#e7e7e7","border_color":"#e7e7e7","page_loading_animation":"on","page_loading_style":"3","page_loading_custom":"","body_font_size":"14px","font_source":"1","main_font":{"family":"Montserrat","variant":["300","300italic","regular","italic","600","600italic","700","700italic"],"font":"google"},"secondary_font":{"family":"Montserrat","variant":["300","300italic","regular","italic","600","600italic","700","700italic"],"font":"google"},"highlight_font":{"family":"Playfair Display","variant":["regular","italic","700","700italic"],"font":"google"},"font_google_code":"","main_google_font_face":"","secondary_google_font_face":"","highlight_google_font_face":"","font_typekit_kit_id":"","main_typekit_font_face":"","secondary_typekit_font_face":"","highlight_typekit_font_face":"","header_layout":"5","header_full_width":"yes","header_transparency":"no","header_sticky":"auto","header_access_icon_1":[{"type":"search_1","el_class":""},{"type":"cart","icon":"dl-icon-cart1","link":"#","el_class":""},{"type":"aside_header","icon":"dl-icon-menu1","el_class":""}],"enable_searchbox_header5":"yes","enable_header_top":"no","header_top_elements":{"1":{"type":"link_text","icon":"","text":"(800) +54.656.565","link":"tel:80054656565","menu_id":"16","el_class":""},"2":{"type":"link_text","icon":"","text":"info@la-studioweb.com","link":"mailto:info@la-studioweb.com","menu_id":"16","el_class":"hidden-xs"},"3":{"type":"dropdown_menu","icon":"","text":"Language","link":"#","menu_id":"17","el_class":"la_com_dropdown_show_arrow la_com_dropdown_language"},"4":{"type":"dropdown_menu","icon":"","text":"Currency","link":"#","menu_id":"18","el_class":"la_com_dropdown_show_arrow la_com_dropdown_currency"}},"use_custom_header_top":"","header_background":{"image":"","repeat":"repeat","position":"left top","attachment":"","size":"","color":"#fff"},"header_text_color":"#4a4141","header_link_color":"#4a4141","header_link_hover_color":"#a38b5e","mm_lv_1_color":"#4a4141","mm_lv_1_bg_color":"rgba(0,0,0,0)","mm_lv_1_hover_color":"#a38b5e","mm_lv_1_hover_bg_color":"rgba(0,0,0,0)","header_top_background_color":"rgba(0,0,0,0)","header_top_text_color":"#989898","header_top_link_color":"#989898","header_top_link_hover_color":"#a38b5e","transparency_header_background":{"image":"","repeat":"repeat","position":"left top","attachment":"","size":"","color":"rgba(0,0,0,0)"},"transparency_header_text_color":"#fff","transparency_header_link_color":"#fff","transparency_header_link_hover_color":"#a38b5e","transparency_mm_lv_1_color":"#fff","transparency_mm_lv_1_bg_color":"rgba(0,0,0,0)","transparency_mm_lv_1_hover_color":"#a38b5e","transparency_mm_lv_1_hover_bg_color":"rgba(0,0,0,0)","transparency_header_top_background_color":"rgba(0,0,0,0)","transparency_header_top_text_color":"#ffffff","transparency_header_top_link_color":"#fff","transparency_header_top_link_hover_color":"#a38b5e","offcanvas_background":"#fff","offcanvas_text_color":"#4a4141","offcanvas_heading_color":"#4a4141","offcanvas_link_color":"#4a4141","offcanvas_link_hover_color":"#a38b5e","mm_dropdown_bg":"#fff","mm_dropdown_link_color":"#989898","mm_dropdown_link_bg":"rgba(0,0,0,0)","mm_dropdown_link_hover_color":"#4a4141","mm_dropdown_link_hover_bg":"rgba(0,0,0,0)","mm_wide_dropdown_bg":"#fff","mm_wide_dropdown_heading_color":"#4a4141","mm_wide_dropdown_link_color":"#989898","mm_wide_dropdown_link_bg":"rgba(0,0,0,0)","mm_wide_dropdown_link_hover_color":"#4a4141","mm_wide_dropdown_link_hover_bg":"rgba(0,0,0,0)","header_mb_layout":"2","mm_mb_effect":"1","header_mb_component_1":{"1":{"type":"search_1","icon":"","text":"","link":"","menu_id":"16","el_class":""},"2":{"type":"primary_menu","icon":"","text":"","link":"","menu_id":"16","el_class":""}},"enable_header_mb_footer_bar":"yes","header_mb_footer_bar_component":{"1":{"type":"dropdown_menu","icon":"dl-icon-user4","text":"","link":"#","menu_id":"77","el_class":""},"2":{"type":"wishlist","icon":"dl-icon-heart3","text":"","link":"https:\/\/mantis.la-studioweb.com\/wishlist\/","menu_id":"81","el_class":""},"3":{"type":"compare","icon":"dl-icon-compare","text":"","link":"https:\/\/mantis.la-studioweb.com\/compare\/","menu_id":"81","el_class":""},"4":{"type":"cart","icon":"dl-icon-cart3","text":"","link":"#","menu_id":"81","el_class":"force-display-on-mobile"}},"enable_header_mb_footer_bar_sticky":"down","header_mb_background":"#fff","header_mb_text_color":"#989898","header_mb_transparency_background":"#fff","header_mb_transparency_text_color":"#989898","mb_background":"#fff","mb_lv_1_color":"#4a4141","mb_lv_1_bg_color":"rgba(0,0,0,0)","mb_lv_1_hover_color":"#a38b5e","mb_lv_1_hover_bg_color":"rgba(0,0,0,0)","mb_lv_2_color":"#4a4141","mb_lv_2_bg_color":"rgba(0,0,0,0)","mb_lv_2_hover_color":"#fff","mb_lv_2_hover_bg_color":"#a38b5e","header_height":"150px","header_sticky_height":"90px","header_sm_height":"90px","header_sm_sticky_height":"90px","header_mb_height":"70px","header_mb_sticky_height":"70px","page_title_bar_layout":"1","enable_page_title_subtext":"no","page_title_custom_subtext":"","page_title_font_size":{"xlg":"","lg":"","md":"","sm":"","xs":"","mb":""},"page_title_bar_background":{"image":"","repeat":"repeat","position":"left top","attachment":"","size":"","color":"#f9f9f9"},"page_title_bar_heading_color":"#4A4141","page_title_bar_text_color":"#989898","page_title_bar_link_color":"#989898","page_title_bar_link_hover_color":"#A38B5E","page_title_bar_spacing":{"top":"45","bottom":"45"},"page_title_bar_spacing_tablet":{"top":"25","bottom":"25"},"page_title_bar_spacing_mobile":{"top":"25","bottom":"25"},"woo_override_page_title_bar":"off","woo_page_title_bar_layout":"hide","woo_page_title_font_size":{"xlg":"","lg":"","md":"","sm":"","xs":"","mb":""},"woo_page_title_bar_background":{"image":"","repeat":"repeat","position":"left top","attachment":"","size":"","color":""},"woo_page_title_bar_heading_color":"","woo_page_title_bar_text_color":"","woo_page_title_bar_link_color":"","woo_page_title_bar_link_hover_color":"","woo_page_title_bar_spacing":{"top":"","bottom":""},"woo_page_title_bar_spacing_tablet":{"top":"","bottom":""},"woo_page_title_bar_spacing_mobile":{"top":"","bottom":""},"archive_portfolio_override_page_title_bar":"off","archive_portfolio_page_title_bar_layout":"hide","archive_portfolio_page_title_font_size":{"xlg":"","lg":"","md":"","sm":"","xs":"","mb":""},"archive_portfolio_page_title_bar_background":{"image":"","repeat":"repeat","position":"left top","attachment":"","size":"","color":""},"archive_portfolio_page_title_bar_heading_color":"","archive_portfolio_page_title_bar_text_color":"","archive_portfolio_page_title_bar_link_color":"","archive_portfolio_page_title_bar_link_hover_color":"","archive_portfolio_page_title_bar_spacing":{"top":"","bottom":""},"archive_portfolio_page_title_bar_spacing_tablet":{"top":"","bottom":""},"archive_portfolio_page_title_bar_spacing_mobile":{"top":"","bottom":""},"single_post_override_page_title_bar":"off","single_post_page_title_bar_layout":"hide","single_post_page_title_font_size":{"xlg":"","lg":"","md":"","sm":"","xs":"","mb":""},"single_post_page_title_bar_background":{"image":"","repeat":"repeat","position":"left top","attachment":"","size":"","color":""},"single_post_page_title_bar_heading_color":"","single_post_page_title_bar_text_color":"","single_post_page_title_bar_link_color":"","single_post_page_title_bar_link_hover_color":"","single_post_page_title_bar_spacing":{"top":"","bottom":""},"single_post_page_title_bar_spacing_tablet":{"top":"","bottom":""},"single_post_page_title_bar_spacing_mobile":{"top":"","bottom":""},"single_product_override_page_title_bar":"on","single_product_page_title_bar_layout":"hide","single_product_page_title_font_size":{"xlg":"","lg":"","md":"","sm":"","xs":"","mb":""},"single_product_page_title_bar_background":{"image":"","repeat":"repeat","position":"left top","attachment":"","size":"","color":""},"single_product_page_title_bar_heading_color":"","single_product_page_title_bar_text_color":"","single_product_page_title_bar_link_color":"","single_product_page_title_bar_link_hover_color":"","single_product_page_title_bar_spacing":{"top":"","bottom":""},"single_product_page_title_bar_spacing_tablet":{"top":"","bottom":""},"single_product_page_title_bar_spacing_mobile":{"top":"","bottom":""},"single_portfolio_override_page_title_bar":"off","single_portfolio_page_title_bar_layout":"hide","single_portfolio_page_title_font_size":{"xlg":"","lg":"","md":"","sm":"","xs":"","mb":""},"single_portfolio_page_title_bar_background":{"image":"","repeat":"repeat","position":"left top","attachment":"","size":"","color":""},"single_portfolio_page_title_bar_heading_color":"","single_portfolio_page_title_bar_text_color":"","single_portfolio_page_title_bar_link_color":"","single_portfolio_page_title_bar_link_hover_color":"","single_portfolio_page_title_bar_spacing":{"top":"","bottom":""},"single_portfolio_page_title_bar_spacing_tablet":{"top":"","bottom":""},"single_portfolio_page_title_bar_spacing_mobile":{"top":"","bottom":""},"footer_layout":"6col322223","footer_full_width":"yes","enable_footer_copyright":"yes","footer_copyright":"<div class=\"row\">\r\n\t<div class=\"col-xs-12 col-sm-4 xs-text-center\">\r\n\t\t[la_social_link]\r\n\t<\/div>\r\n\t<div class=\"col-xs-12 col-sm-4 text-center\">\r\n\t\t\u00a9 2018 Mantis All rights reserved\r\n\t<\/div>\r\n\t<div class=\"col-xs-12 col-sm-4 text-right xs-text-center\">\r\n\t\t<img src=\"\/\/mantis.la-studioweb.com\/wp-content\/themes\/mantis\/assets\/images\/payments.png\" alt=\"payment\"\/>\r\n\t<\/div>\r\n<\/div>","footer_background":{"image":"","repeat":"repeat","position":"left top","attachment":"","size":"","color":""},"footer_space":{"margin_top":"","margin_right":"","margin_bottom":"","margin_left":"","border_top":"1px","border_right":"","border_bottom":"","border_left":"","padding_top":"50px","padding_right":"","padding_bottom":"10px","padding_left":"","border_style":"solid","border_color":"#e7e7e7"},"footer_text_color":"#989898","footer_heading_color":"#4a4141","footer_link_color":"#989898","footer_link_hover_color":"#262626","footer_copyright_background_color":"#ffffff","footer_copyright_text_color":"#616161","footer_copyright_link_color":"#616161","footer_copyright_link_hover_color":"#262626","layout_blog":"col-2cl","blog_small_layout":"off","page_title_bar_layout_blog_global":"on","blog_design":"list_2","blog_post_column":{"xlg":"1","lg":"1","md":"1","sm":"1","xs":"1","mb":"1"},"blog_item_space":"default","featured_images_blog":"on","blog_thumbnail_height_mode":"custom","blog_thumbnail_height_custom":"54%","blog_thumbnail_size":"full","blog_content_display":"excerpt","blog_excerpt_length":"30","blog_masonry":"off","blog_pagination_type":"pagination","layout_single_post":"col-2cl","single_small_layout":"off","featured_images_single":"on","single_post_thumbnail_size":"870x475","blog_pn_nav":"off","blog_post_title":"above","blog_author_info":"off","blog_social_sharing_box":"on","blog_related_posts":"on","blog_related_design":"1","blog_related_by":"random","blog_related_max_post":"5","blog_comments":"on","layout_archive_product":"col-2cl","main_full_width_archive_product":"inherit","main_space_archive_product":{"top":"","bottom":""},"catalog_mode":"off","catalog_mode_price":"off","active_shop_filter":"on","hide_shop_toolbar":"off","woocommerce_toggle_grid_list":"off","shop_catalog_display_type":"grid","shop_catalog_grid_style":"1","active_shop_masonry":"off","shop_masonry_column_type":"default","product_masonry_container_width":"1170","product_masonry_image_size":"shop_catalog","product_masonry_item_width":"270","product_masonry_item_height":"390","woocommerce_shop_page_columns":{"xlg":"3","lg":"3","md":"3","sm":"2","xs":"1","mb":"1"},"woocommerce_shop_masonry_columns":{"xlg":"4","lg":"4","md":"3","sm":"2","xs":"1","mb":"1"},"woocommerce_shop_masonry_custom_columns":{"md":"3","sm":"2","xs":"1","mb":"1"},"enable_shop_masonry_custom_setting":"off","shop_masonry_item_setting":[{"size_name":"1x Width + 1x Height","w":"0.5","h":"0.5"}],"shop_item_space":"default","product_per_page_allow":"9,12,15","product_per_page_default":"12","woocommerce_enable_crossfade_effect":"on","woocommerce_show_rating_on_catalog":"off","woocommerce_show_addcart_btn":"on","woocommerce_show_quickview_btn":"on","woocommerce_show_wishlist_btn":"on","woocommerce_show_compare_btn":"on","layout_single_product":"col-1c","main_full_width_single_product":"yes","main_space_single_product":{"top":"","bottom":""},"woocommerce_product_page_design":"1","single_ajax_add_cart":"yes","move_woo_tabs_to_bottom":"no","woocommerce_gallery_zoom":"yes","woocommerce_gallery_lightbox":"yes","product_single_hide_breadcrumb":"no","product_single_hide_page_title":"no","product_single_hide_product_title":"no","product_gallery_column":{"xlg":"3","lg":"3","md":"3","sm":"5","xs":"4","mb":"3"},"product_sharing":"on","related_products":"on","related_product_title":"Related Products","related_product_subtitle":"","related_products_columns":{"xlg":"4","lg":"4","md":"3","sm":"2","xs":"2","mb":"1"},"upsell_products":"on","upsell_product_title":"You may also like\u2026","upsell_product_subtitle":"","upsell_products_columns":{"xlg":"4","lg":"4","md":"3","sm":"2","xs":"2","mb":"1"},"woo_enable_custom_tab":"on","woo_custom_tab_title":"","woo_custom_tab_content":"","crosssell_products":"on","crosssell_product_title":"You may be interested in\u2026","crosssell_product_subtitle":"","crosssell_products_columns":{"xlg":"4","lg":"4","md":"3","sm":"2","xs":"1","mb":"1"},"wishlist_page":"283","compare_page":"286","compare_attribute":["image","title","add-to-cart","price","sku","description","stock","weight","dimensions"],"layout_archive_portfolio":"col-1c","main_full_width_archive_portfolio":"yes","main_space_archive_portfolio":{"top":"","bottom":""},"portfolio_display_type":"grid","portfolio_thumbnail_height_mode":"1-1","portfolio_thumbnail_height_custom":"70%","portfolio_item_space":"30","portfolio_display_style":"1","portfolio_column":{"xlg":"4","lg":"4","md":"3","sm":"3","xs":"1","mb":"1"},"portfolio_per_page":"8","portfolio_thumbnail_size":"480x390","layout_single_portfolio":"col-1c","single_portfolio_nextprev":"on","social_links":{"1":{"title":"Facebook","icon":"fa fa-facebook","link":"https:\/\/www.facebook.com\/"},"2":{"title":"Twitter","icon":"fa fa-twitter","link":"https:\/\/twitter.com\/"},"3":{"title":"Pinterest","icon":"fa fa-pinterest-p","link":"https:\/\/www.pinterest.com\/"},"4":{"title":"Instagram","icon":"fa fa-instagram","link":"https:\/\/www.instagram.com\/"},"5":{"title":"Behance","icon":"fa fa-behance","link":"https:\/\/www.behance.net\/gallery\/4452429\/Anchoivn-Ngon-B-R"}},"sharing_facebook":true,"sharing_twitter":true,"sharing_google_plus":true,"sharing_pinterest":true,"sharing_line":true,"google_key":"AIzaSyCRVgKaDYPQokbMuy5fvGy-QoR44WNG7IA","instagram_token":"7608181471.3a81a9f.7aa83c93a1e5412783f3a5cf5fa46b51","la_custom_css":"\n\n","header_js":"","footer_js":"","404_page_content":"","popup_max_width":"790","popup_max_height":"430","popup_background":{"image":"","repeat":"repeat","position":"left top","attachment":"","size":"","color":""},"newsletter_popup_delay":"2000","popup_dont_show_text":"Do not show popup anymore","newsletter_popup_show_again":"1","newsletter_popup_content":"","enable_maintenance":"no","maintenance_page":"","import":"","header_access_icon_2":"","header_mb_component_2":"","pages_global_sidebar":"","portfolio_global_sidebar":"","portfolio_archive_global_sidebar":"","posts_global_sidebar":"","blog_archive_global_sidebar":"","sharing_reddit":"","sharing_linkedin":"","sharing_tumblr":"","sharing_vk":"","sharing_email":"","enable_newsletter_popup":"","only_show_newsletter_popup_on_home_page":"","disable_popup_on_mobile":"","show_checkbox_hide_newsletter_popup":""}