{"sidebar":{"search-3":{"title":""},"categories-3":{"title":"Categories","count":0,"hierarchical":0,"dropdown":0},"la-recent-posts-2":{"title":"Recent News","number":5,"show_date":true},"archives-3":{"title":"Archives","count":0,"dropdown":1},"tag_cloud-3":{"title":"Tags","count":0,"taxonomy":"post_tag"},"custom_html-5":{"title":"","content":"<div class=\"sidebar__banner sidebar__banner--style2\">\r\n\t<a href=\"#\">\r\n\t\t\t<img src=\"\/\/zephys.la-studioweb.com\/wp-content\/uploads\/2019\/05\/shop-sidebar-banner2.jpg\" width=\"270\" height=\"240\" alt=\"Zephys - Architecture, Furniture, Real Estate WordPress Theme\"\/>\r\n\t\t<div class=\"sidebar__banner-content\">\r\n\t\t\t<h4>Ad Banner<\/h4>\r\n\t\t\t<p>info@la-studioweb.com<\/p>\r\n\t\t<\/div>\r\n\t<\/a>\r\n<\/div>"}},"sidebar-shop-filter":{"la-price-filter-list-2":{"title":"Price","text":"0|20\r\n20|40\r\n40|50\r\n50|60\r\n60"},"woocommerce_layered_nav-5":{"title":"Size","attribute":"size","display_type":"list","query_type":"or"},"woocommerce_layered_nav-6":{"title":"Color","attribute":"color","display_type":"list","query_type":"or"},"woocommerce_layered_nav-7":{"title":"Brands","attribute":"brands","display_type":"list","query_type":"or"}},"zephys_widget_area_1":{"woocommerce_product_categories-2":{"title":"Categories","orderby":"name","dropdown":0,"count":1,"hierarchical":1,"show_children_only":0,"hide_empty":0,"max_depth":""},"woocommerce_price_filter-2":{"title":"Price"},"woocommerce_layered_nav-2":{"title":"Size","attribute":"size","display_type":"list","query_type":"or"},"woocommerce_layered_nav-3":{"title":"Color","attribute":"color","display_type":"list","query_type":"or"},"woocommerce_layered_nav-4":{"title":"Brands","attribute":"brands","display_type":"list","query_type":"or"},"woocommerce_product_tag_cloud-2":{"title":"Tags"},"custom_html-4":{"title":"","content":"<div class=\"sidebar__banner\">\r\n\t<a href=\"#\">\r\n\t\t\t<img src=\"\/\/zephys.la-studioweb.com\/wp-content\/uploads\/2019\/05\/shop-sidebar-banner.jpg\" width=\"270\" height=\"346\" alt=\"Zephys - Architecture, Furniture, Real Estate WordPress Theme\"\/>\r\n\t\t<div class=\"sidebar__banner-content\">\r\n\t\t\t<h4>Mid Century Sofa<\/h4>\r\n\t\t\t<p>off 25%<\/p>\r\n\t\t<\/div>\r\n\t<\/a>\r\n<\/div>"}},"zephys_widget_area_2":{"custom_html-6":{"title":"","content":"<p><a href=\"#\"><i class=\"lastudioicon-pin-3-2\"><\/i>Store availability<\/a><a href=\"#\"><i class=\"lastudioicon-cart-return\"><\/i>Delivery and return<\/a><a href=\"#\"><i class=\"lastudioicon-measure-17\"><\/i>Size Guide<\/a><\/p>"}}}