{
  "sidebar-primary": {
    "search-2": {
      "title": ""
    },
    "nav_menu-5": {
      "title": "CATEGORIES",
      "nav_menu": "Post Category",
      "classes": ""
    },
    "text-6": {
      "title": "POPULAR POST",
      "text": "[la_show_posts blog_style=\"mini\" orderby=\"\" order=\"\" excerpt_length=\"20\" img_size=\"70x90\" item_space=\"default\" per_page=\"3\" column=\"xlg:1;lg:1;md:1;sm:1;xs:1;mb:1;\"]",
      "filter": true,
      "visual": true,
      "classes": ""
    },
    "recent-comments-3": {
      "title": "RECENT COMMENTS",
      "number": 5,
      "classes": ""
    },
    "tag_cloud-2": {
      "title": "TAGS",
      "count": 0,
      "taxonomy": "post_tag",
      "classes": ""
    }
  },
  "sidebar-shop-filter": {
    "product-sort-by-2": {
      "title": "SORT BY",
      "classes": ""
    },
    "la-price-filter-list-2": {
      "title": "PRICE",
      "text": "0|20\r\n20|40\r\n40|60\r\n60|80\r\n80|100\r\n100",
      "classes": ""
    },
    "woocommerce_layered_nav-3": {
      "title": "COLOR",
      "attribute": "color",
      "display_type": "swatches",
      "query_type": "and",
      "classes": ""
    },
    "woocommerce_layered_nav-4": {
      "title": "SIZES",
      "attribute": "size",
      "display_type": "list",
      "query_type": "and",
      "classes": ""
    },
    "la_product_tag_cloud-2": {
      "title": "TAGS",
      "classes": ""
    }
  },
  "aside-widget": {
    "media_image-4": {
      "attachment_id": 776,
      "url": "http:\/\/la-zyra.la-studioweb.com\/wp-content\/uploads\/2017\/11\/about1-logo.png",
      "title": "",
      "size": "full",
      "width": 183,
      "height": 44,
      "caption": "",
      "alt": "",
      "link_type": "custom",
      "link_url": "http:\/\/la-zyra.la-studioweb.com\/",
      "image_classes": "",
      "link_classes": "",
      "link_rel": "",
      "link_target_blank": false,
      "image_title": "",
      "classes": ""
    },
    "custom_html-4": {
      "title": "",
      "content": "Curabitur placerat urna augue, id luctus sem imperdiet id. Nunc congue ac libero ut lacinia. In ultrices elementum ipsum, in tempus enim accumsan..",
      "classes": "line-height-24 margin-bottom-20"
    },
    "text-3": {
      "title": "",
      "text": "[la_social_link]",
      "filter": true,
      "visual": true,
      "classes": "font-size-16 margin-bottom-50"
    },
    "media_image-3": {
      "attachment_id": 1055,
      "url": "http:\/\/la-zyra.la-studioweb.com\/wp-content\/uploads\/2017\/11\/aside-image.jpg",
      "title": "",
      "size": "full",
      "width": 358,
      "height": 358,
      "caption": "",
      "alt": "",
      "link_type": "custom",
      "link_url": "http:\/\/la-zyra.la-studioweb.com\/",
      "image_classes": "",
      "link_classes": "",
      "link_rel": "",
      "link_target_blank": false,
      "image_title": "",
      "classes": "margin-bottom-50"
    },
    "contact_info-2": {
      "title": "",
      "phone": "(+61 2) 9251 5600",
      "email": "info@la-studioweb.com",
      "address": "PO Box 16122 Collins Street West  Victoria 8007 Australia",
      "classes": "margin-bottom-50 text-color-secondary"
    },
    "custom_html-3": {
      "title": "",
      "content": "\u00a9 2017 Created by LaStudio",
      "classes": "text-uppercase font-size-10 letter-spacing-2 margin-bottom-0"
    }
  },
  "header-sidebar-bottom": {
    "text-10": {
      "title": "",
      "text": "[la_social_link]",
      "filter": true,
      "visual": true,
      "classes": "text-center text-color-body"
    },
    "text-9": {
      "title": "",
      "text": "[la_maps height=\"280\" zoom=\"14\" marker_icon=\"custom\" icon_img_url=\"http:\/\/la-zyra.la-studioweb.com\/wp-content\/uploads\/2017\/11\/market.png\"][\/la_maps]",
      "filter": true,
      "visual": true,
      "classes": ""
    }
  },
  "f-col-1": {
    "media_image-6": {
      "attachment_id": 822,
      "url": "http:\/\/la-zyra.la-studioweb.com\/wp-content\/uploads\/2017\/11\/about2-logo.png",
      "title": "",
      "size": "full",
      "width": 183,
      "height": 44,
      "caption": "",
      "alt": "",
      "link_type": "custom",
      "link_url": "http:\/\/la-zyra.la-studioweb.com\/",
      "image_classes": "",
      "link_classes": "",
      "link_rel": "",
      "link_target_blank": false,
      "image_title": "",
      "classes": "xs-text-center"
    },
    "custom_html-6": {
      "title": "",
      "content": "\u00a9 2017 Created by LaStudio",
      "classes": "text-uppercase font-size-10 letter-spacing-2 xs-text-center"
    }
  },
  "f-col-2": {
    "nav_menu-6": {
      "nav_menu": "Footer Nav",
      "classes": "menu-inline-item text-center xs-text-center"
    }
  },
  "f-col-3": {
    "text-8": {
      "title": "",
      "text": "[la_social_link]",
      "filter": true,
      "visual": true,
      "classes": "text-right margin-top-5 xs-text-center"
    }
  },
  "sidebar-shop": {
    "woocommerce_product_search-2": {
      "title": "SEARCH PRODUCT",
      "classes": ""
    },
    "woocommerce_product_categories-2": {
      "title": "CATEGORIES",
      "orderby": "name",
      "dropdown": 0,
      "count": 0,
      "hierarchical": 1,
      "show_children_only": 0,
      "hide_empty": 0,
      "max_depth": "1",
      "classes": ""
    },
    "woocommerce_layered_nav-2": {
      "title": "COLOR",
      "attribute": "color",
      "display_type": "swatches",
      "query_type": "and",
      "classes": ""
    },
    "woocommerce_layered_nav-5": {
      "title": "SIZE",
      "attribute": "size",
      "display_type": "list",
      "query_type": "and",
      "classes": ""
    },
    "woocommerce_price_filter-2": {
      "title": "FILTER BY PRICE",
      "classes": ""
    },
    "text-7": {
      "title": "POPULAR PRODUCTS",
      "text": "[products layout=\"list\" list_style=\"mini\" per_page=\"4\"]",
      "filter": true,
      "visual": true,
      "classes": ""
    }
  }
}