{
  "sidebar-primary": {
    "categories-2": {
      "title": "Categories",
      "count": 0,
      "hierarchical": 0,
      "dropdown": 0,
      "classes": ""
    },
    "la-recent-posts-2": {
      "title": "Recent Posts",
      "number": 4,
      "show_date": true,
      "classes": ""
    },
    "archives-2": {
      "title": "Archive",
      "count": 0,
      "dropdown": 0,
      "classes": ""
    },
    "meta-2": {
      "title": "Meta",
      "classes": ""
    },
    "tag_cloud-2": {
      "title": "Tags",
      "count": 0,
      "taxonomy": "post_tag",
      "classes": ""
    },
    "media_image-3": {
      "attachment_id": 632,
      "url": "http:\/\/mantis.la-studioweb.com\/wp-content\/uploads\/2018\/06\/sidebar-author.jpg",
      "title": "About Author",
      "size": "full",
      "width": 270,
      "height": 194,
      "caption": "",
      "alt": "",
      "link_type": "custom",
      "link_url": "",
      "image_classes": "",
      "link_classes": "",
      "link_rel": "",
      "link_target_blank": false,
      "image_title": "",
      "classes": "margin-bottom-15"
    },
    "text-2": {
      "title": "",
      "text": "<p class=\"three-font-family text-color-heading margin-bottom-5\">Nataila Portman \u2013 Blogger\/Designer<\/p>\r\n\r\n<p class=\"font-size-12\">Praesent sed ex vel mauris eleifend mollis. Vestibulum dictum sodales ante, ac pulvinar urna sollicitudin in<\/p>\r\n\r\n[la_social_link el_class=\"text-color-heading\"]",
      "filter": true,
      "visual": true,
      "classes": ""
    }
  },
  "sidebar-shop-filter": {
    "product-sort-by-2": {
      "title": "SORT BY",
      "classes": ""
    },
    "la-price-filter-list-2": {
      "title": "BY PRICE",
      "text": "0|20\r\n20|30\r\n30|40\r\n40|50\r\n50|60\r\n60|70\r\n70",
      "classes": ""
    },
    "woocommerce_product_categories-2": {
      "title": "BY CATEGORY",
      "orderby": "name",
      "dropdown": 0,
      "count": 0,
      "hierarchical": 0,
      "show_children_only": 0,
      "hide_empty": 0,
      "max_depth": "",
      "classes": ""
    },
    "woocommerce_layered_nav-2": {
      "title": "BY COLOR",
      "attribute": "color",
      "display_type": "swatches",
      "query_type": "or",
      "classes": ""
    },
    "woocommerce_layered_nav-3": {
      "title": "BY SIZE",
      "attribute": "size",
      "display_type": "list",
      "query_type": "or",
      "classes": ""
    }
  },
  "aside-widget": {
    "text-6": {
      "title": "",
      "text": "<a href=\"\/\/mantis.la-studioweb.com\/\"><img src=\"\/\/mantis.la-studioweb.com\/wp-content\/themes\/mantis\/assets\/images\/logo.svg\" alt=\"Mantis\" \/><\/a>",
      "filter": true,
      "visual": true,
      "classes": ""
    },
    "text-7": {
      "title": "",
      "text": "Nullam varius porttitor augue id rutrum. Duis vehicula magna at magna tempus rhoncus. Maecenas quis lobortis elit, nec faucibus augue.\r\n\r\nPhasellus pellentesque mi ut mauris volutpat pellentesque. Donec id leo efficitur, bibendum enim ac, consectetur ex.",
      "filter": true,
      "visual": true,
      "classes": ""
    },
    "media_image-4": {
      "attachment_id": 732,
      "url": "http:\/\/mantis.la-studioweb.com\/wp-content\/uploads\/2018\/06\/aside-image.jpg",
      "title": "",
      "size": "full",
      "width": 358,
      "height": 358,
      "caption": "",
      "alt": "",
      "link_type": "custom",
      "link_url": "https:\/\/mantis.la-studioweb.com\/",
      "image_classes": "",
      "link_classes": "",
      "link_rel": "",
      "link_target_blank": false,
      "image_title": "",
      "classes": "padding-top-30"
    },
    "text-8": {
      "title": "",
      "text": "<a href=\"tel:+61225315600\">(+612) 2531 5600<\/a>\r\n<a href=\"mailto:info@la-studioweb.com\">info@la-studioweb.com<\/a>\r\nPO Box 1622 Colins Street West\r\n\r\n<a class=\"text-color-heading\" href=\"https:\/\/www.google.com\/maps\" target=\"_blank\" rel=\"noopener\"><u>Google maps<\/u><\/a>\r\n\r\n[la_social_link]",
      "filter": true,
      "visual": true,
      "classes": "padding-top-30"
    }
  },
  "header-sidebar-bottom": {
    "text-14": {
      "title": "",
      "text": "<a href=\"tel:+6122531 5600\">(+612) 2531 5600<\/a>\r\n<a href=\"mailto:info@la-studioweb.com\">info@la-studioweb.com<\/a>\r\nPO Box 1622 Colins Street West\r\n\r\n<a class=\"text-color-heading\" href=\"https:\/\/www.google.com\/maps\" target=\"_blank\" rel=\"noopener\"><u>Google maps<\/u><\/a>\r\n\r\n[la_social_link]",
      "filter": true,
      "visual": true,
      "classes": "font-size-12"
    }
  },
  "f-col-1": {
    "text-3": {
      "title": "",
      "text": "<a href=\"\/\/mantis.la-studioweb.com\/\"><img src=\"\/\/mantis.la-studioweb.com\/wp-content\/themes\/mantis\/assets\/images\/logo.svg\" alt=\"Mantis\"><\/a>",
      "filter": true,
      "visual": true,
      "classes": "margin-bottom-20"
    },
    "text-4": {
      "title": "",
      "text": "<a href=\"tel:+61225315600\">(+612) 2531 5600<\/a>\r\n<a href=\"mailto:info@la-studioweb.com\">info@la-studioweb.com<\/a>\r\nPO Box 1622 Colins Street West",
      "filter": true,
      "visual": true,
      "classes": ""
    },
    "text-5": {
      "title": "",
      "text": "<a class=\"text-color-heading\" href=\"https:\/\/www.google.com\/maps\" target=\"_blank\" rel=\"noopener\"><u>Google maps<\/u><\/a>",
      "filter": true,
      "visual": true,
      "classes": ""
    }
  },
  "f-col-2": {
    "nav_menu-2": {
      "title": "COMPANY",
      "nav_menu": "Menu Company",
      "classes": ""
    }
  },
  "f-col-3": {
    "nav_menu-3": {
      "title": "COMMUNITY",
      "nav_menu": "Menu Community",
      "classes": ""
    }
  },
  "f-col-4": {
    "nav_menu-4": {
      "title": "LEGAL",
      "nav_menu": "Menu Legal",
      "classes": ""
    }
  },
  "f-col-5": {
    "nav_menu-5": {
      "title": "PROFILE",
      "nav_menu": "Menu Profile",
      "classes": ""
    }
  },
  "f-col-6": {
    "yikes_easy_mc_widget-2": {
      "title": "JOIN OUR NEWSLETTER & GET 20% OFF",
      "form_id": "1",
      "form_description": "",
      "submit_text": "Submit",
      "classes": "easy_mc__style1"
    }
  },
  "sidebar-shop-area": {
    "woocommerce_product_categories-3": {
      "title": "CATEGORIES",
      "orderby": "name",
      "dropdown": 0,
      "count": 1,
      "hierarchical": 1,
      "show_children_only": 0,
      "hide_empty": 0,
      "max_depth": "",
      "classes": ""
    },
    "woocommerce_layered_nav-4": {
      "title": "COLOR",
      "attribute": "color",
      "display_type": "swatches",
      "query_type": "or",
      "classes": ""
    },
    "woocommerce_layered_nav-5": {
      "title": "SIZE",
      "attribute": "size",
      "display_type": "list",
      "query_type": "or",
      "classes": "widget_layered_nav--borderstyle"
    },
    "woocommerce_price_filter-2": {
      "title": "PRICE",
      "classes": ""
    },
    "text-15": {
      "title": "",
      "text": "[la_banner height_mode=\"custom\" height=\"120%\" style=\"2\" banner_id=\"479\" banner_link=\"url:%2Fshop%2F|||\" title_1=\"#Sport new\" title_2=\"Off 20%\" title_2_fz=\"xlg:64px;\"]",
      "filter": true,
      "visual": true,
      "classes": ""
    }
  }
}