{
	"sidebar-primary": {
		"search-2": {
			"title": ""
		},
		"categories-3": {
			"title": "",
			"count": 0,
			"hierarchical": 0,
			"dropdown": 0,
			"classes": ""
		},
		"la-recent-posts-2": {
			"title": "",
			"number": 5,
			"show_date": true,
			"classes": ""
		},
		"recent-comments-2": {
			"title": "",
			"number": 5
		},
		"archives-2": {
			"title": "",
			"count": 0,
			"dropdown": 0
		},
		"meta-2": {
			"title": ""
		},
		"tag_cloud-3": {
			"title": "",
			"count": 0,
			"taxonomy": "post_tag",
			"classes": ""
		}
	},
	"sidebar-shop-filter": {
		"la-price-filter-list-2": {
			"title": "PRICE",
			"text": "10|20\r\n20|30\r\n30|40\r\n40|50\r\n50|80\r\n80|",
			"classes": ""
		},
		"woocommerce_layered_nav-2": {
			"title": "SIZE",
			"attribute": "size",
			"display_type": "list",
			"query_type": "and",
			"classes": ""
		},
		"woocommerce_layered_nav-3": {
			"title": "COLOR",
			"attribute": "color",
			"display_type": "list",
			"query_type": "and",
			"classes": ""
		},
		"la_product_tag_cloud-2": {
			"title": "TAGS",
			"classes": ""
		},
		"product-sort-by-3": {
			"title": "SORT BY",
			"classes": ""
		}
	},
	"aside-widget": {
		"text-4": {
			"title": "",
			"text": "<div style=\"font-size:24px;\" class=\"font-weight-700 highlight-font-family text-color-secondary margin-top-40\">Vayne Minimal Store<\/div>",
			"filter": true,
			"visual": true,
			"classes": ""
		},
		"text-5": {
			"title": "",
			"text": "Nullam varius porttitor augue id rutrum. Duis vehicula magna at magna tempus rhoncus. Maecenas quis lobortis elit, nec faucibus augue. \r\n\r\nPhasellus pellentesque mi ut mauris volutpat pellentesque. Donec id leo efficitur, bibendum enim ac, consectetur ex.",
			"filter": true,
			"visual": true,
			"classes": ""
		},
		"media_image-2": {
			"attachment_id": 4734,
			"url": "http:\/\/localhost\/wp\/vayne\/wp-content\/uploads\/2018\/02\/aside_image.jpg",
			"title": "",
			"size": "full",
			"width": 333,
			"height": 309,
			"caption": "",
			"alt": "",
			"link_type": "none",
			"link_url": "",
			"image_classes": "",
			"link_classes": "",
			"link_rel": "",
			"link_target_blank": false,
			"image_title": "",
			"classes": "margin-top-60"
		},
		"contact_info-2": {
			"title": "",
			"phone": "(+61 2) 9251 5600",
			"email": "longnguyenngoc@gmail.com",
			"address": "PO Box 16122 Collins Street West  Victoria 8007 Australia",
			"classes": "margin-top-60"
		},
		"text-6": {
			"title": "",
			"text": "Connect with us\r\n[la_social_link el_class=\"text-color-secondary\"]",
			"filter": true,
			"visual": true,
			"classes": "margin-top-60"
		}
	},
	"header-sidebar-bottom": {
		"text-2": {
			"title": "",
			"text": "[la_social_link]",
			"filter": true,
			"visual": true,
			"classes": "margin-bottom-15"
		},
		"text-3": {
			"title": "",
			"text": "<span style=\"font-size: 8px;\">\u00a9 2018 Created by LaStudio<\/span>",
			"filter": true,
			"visual": true,
			"classes": "text-uppercase letter-spacing-2"
		}
	},
	"f-col-1": {
		"media_image-3": {
			"attachment_id": 3822,
			"url": "http:\/\/localhost\/wp\/vayne\/wp-content\/uploads\/2018\/01\/logo2.png",
			"title": "",
			"size": "full",
			"width": 185,
			"height": 42,
			"caption": "",
			"alt": "",
			"link_type": "none",
			"link_url": "",
			"image_classes": "",
			"link_classes": "",
			"link_rel": "",
			"link_target_blank": false,
			"image_title": "",
			"classes": "xs-text-center"
		}
	},
	"f-col-2": {
		"nav_menu-2": {
			"nav_menu": 84,
			"classes": "footer-inline-menu text-center"
		}
	},
	"f-col-3": {
		"text-7": {
			"title": "",
			"text": "[la_social_link]",
			"filter": true,
			"visual": true,
			"classes": "text-right xs-text-center"
		}
	}
}
