{
  "sidebar-primary": {
    "search-2": {
      "title": ""
    },
    "recent-posts-2": {
      "title": "",
      "number": 5
    },
    "recent-comments-2": {
      "title": "",
      "number": 5
    },
    "archives-2": {
      "title": "",
      "count": 0,
      "dropdown": 0
    },
    "categories-2": {
      "title": "",
      "count": 0,
      "hierarchical": 0,
      "dropdown": 0
    },
    "meta-2": {
      "title": ""
    },
    "categories-3": {
      "title": "Categories",
      "count": 0,
      "hierarchical": 0,
      "dropdown": 0,
      "classes": ""
    },
    "la-recent-posts-1": {
      "title": "Recent Post",
      "number": 4,
      "show_date": true,
      "classes": ""
    },
    "tag_cloud-1": {
      "title": "Tags",
      "count": 0,
      "taxonomy": "post_tag",
      "classes": ""
    }
  },
  "sidebar-shop-filter": {
    "la-price-filter-list-1": {
      "title": "Price",
      "text": "0|20\r\n20|40\r\n40|50\r\n50|60\r\n60|80\r\n80|100\r\n100",
      "classes": "col-xs-12 col-sm-3"
    },
    "woocommerce_layered_nav-1": {
      "title": "Brands",
      "attribute": "brand",
      "display_type": "list",
      "query_type": "or",
      "classes": "col-xs-12 col-sm-3"
    },
    "woocommerce_layered_nav-2": {
      "title": "Color",
      "attribute": "color",
      "display_type": "swatches",
      "query_type": "and",
      "classes": "col-xs-12 col-sm-3"
    },
    "woocommerce_layered_nav-3": {
      "title": "Size",
      "attribute": "size",
      "display_type": "list",
      "query_type": "or",
      "classes": "col-xs-12 col-sm-3"
    }
  },
  "footer_top_area": {
    "text-6": {
      "title": "",
      "text": "<div class=\"la-headings text-left margin-0\">\r\n<h2 class=\"heading-tag letter-spacing-1 font-weight-700 font-size-30 text-uppercase\">Moren WORDPRESS THEME</h2>\r\n<div class=\"subheading-tag font-size-16 font-weight-300\">We know you want to choose the right theme for your business</div>\r\n</div>\r\n<div class=\"btn-wrapper\"><a class=\"btn\" title=\"\" href=\"#\">PURCHASE NOW</a></div>",
      "filter": true,
      "visual": true,
      "classes": "margin-0"
    }
  },
  "f-col-1": {
    "text-1": {
      "title": "",
      "text": "<p class=\"margin-bottom-20\"><img class=\"alignnone size-full wp-image-5073\" src=\"https://moren.la-studioweb.com/wp-content/uploads/2018/12/logo.png\" alt=\"\" width=\"257\" height=\"66\" /></p>\r\n<p class=\"margin-top-30 margin-bottom-30\">Moren is a creative &amp; powerful industry business wordpress theme that will suits all your needs.</p>\r\n[la_social_link]",
      "filter": true,
      "visual": true,
      "classes": ""
    }
  },
  "f-col-2": {
    "nav_menu-1": {
      "title": "Useful information",
      "nav_menu": 107,
      "classes": ""
    }
  },
  "f-col-3": {
    "contact_info-1": {
      "title": "Let’s Talk",
      "phone": "987 654 321 - 123 456 789",
      "email": "yourmail@website.com",
      "address": "66 McKenzie Turnpike Apt. 745, South Margarete",
      "classes": "margin-bottom-0"
    },
    "text-5": {
      "title": "",
      "text": "<a class=\"text-color-primary font-weight-700 font-size-13\" href=\"#\">Get Direction</a>",
      "filter": true,
      "visual": true,
      "classes": "text-uppercase margin-top-30"
    }
  },
  "f-col-4": {
    "nav_menu-4": {
      "title": "Company",
      "nav_menu": 87,
      "classes": ""
    }
  },
  "f-col-5": {
    "yikes_easy_mc_widget-1": {
      "title": "MailChimp Signup Form",
      "form_id": "1",
      "form_description": "",
      "submit_text": "Submit",
      "classes": "easy_mc__style1"
    }
  },
  "f-col-6": {
    "nav_menu-2": {
      "title": "Company Link",
      "nav_menu": 64,
      "classes": ""
    }
  },
  "twiter-sidebar": {
    "twitter_feed-2": {
      "title": "",
      "screen_name": "grandcanyonnps",
      "number": "1",
      "enable_slider": "",
      "classes": ""
    }
  },
  "sidebar-detail-our-services": {
    "nav_menu-3": {
      "title": "Moren Services",
      "nav_menu": 114,
      "classes": ""
    },
    "recent-posts-3": {
      "title": "Latest news",
      "number": 4,
      "show_date": true,
      "classes": ""
    },
    "text-10": {
      "title": "",
      "text": "<div class=\"button-custom-widget\"><a class=\"btn btn-primary-outline\" href=\"#\">Download Brochure</a></div>\r\n<div class=\"button-custom-widget\"><a class=\"btn btn-primary\" href=\"#\">Get Free Quote</a></div>",
      "filter": true,
      "visual": true,
      "classes": ""
    }
  },
  "sidebar-shop": {
    "woocommerce_product_categories-2": {
      "title": "Product categories",
      "orderby": "name",
      "dropdown": 0,
      "count": 0,
      "hierarchical": 1,
      "show_children_only": 0,
      "hide_empty": 0,
      "max_depth": "",
      "classes": ""
    },
    "woocommerce_price_filter-2": {
      "title": "Filter by price",
      "classes": ""
    },
    "woocommerce_products-2": {
      "title": "Recent Products",
      "number": 3,
      "show": "",
      "orderby": "date",
      "order": "desc",
      "hide_free": 0,
      "show_hidden": 0,
      "classes": ""
    },
    "recent-posts-4": {
      "title": "Latest news",
      "number": 3,
      "show_date": true,
      "classes": ""
    },
    "text-11": {
      "title": "",
      "text": "<div class=\"button-custom-widget\"><a class=\"btn btn-primary-outline\" href=\"#\">Download Brochure</a></div>\r\n<div class=\"button-custom-widget\"><a class=\"btn btn-primary\" href=\"#\">Get Free Quote</a></div>",
      "filter": true,
      "visual": true,
      "classes": ""
    }
  },
  "footer-column-01-home-02": {
    "text-7": {
      "title": "",
      "text": "<p class=\"margin-bottom-20\"><img class=\"alignnone size-full wp-image-3997\" src=\"https://moren.la-studioweb.com/wp-content/uploads/2018/12/logo-black.png\" alt=\"\" width=\"213\" height=\"70\" /></p>\r\n<p class=\"margin-top-30 margin-bottom-30\">Moren is a creative &amp; powerful industry<br/> business wordpress theme that will<br/> suits all your needs.</p>\r\n[la_social_link]",
      "filter": true,
      "visual": true,
      "classes": ""
    }
  },
  "footer-column-02-home-02": {
    "yikes_easy_mc_widget-2": {
      "title": "MailChimp Signup Form",
      "form_id": "2",
      "form_description": "1",
      "submit_text": "Submit",
      "classes": ""
    }
  },
  "footer-column-instagram": {
    "text-13": {
      "title": "Gallery",
      "text": "[la_instagram_feed item_space=\"20\" limit=\"8\" column=\"xlg:4;lg:4;md:4;sm:3;xs:2;mb:1;\" user_id=\"7608181471\"]",
      "filter": true,
      "visual": true,
      "classes": ""
    }
  },
  "footer-column-02-home-04": {
    "nav_menu-5": {
      "title": "Company",
      "nav_menu": 91,
      "classes": ""
    }
  },
  "footer-column-03-home-04": {
    "recent-posts-5": {
      "title": "Latest posts",
      "number": 3,
      "show_date": true,
      "classes": ""
    }
  },
  "footer-column-01-home-04": {
    "text-8": {
      "title": "",
      "text": "<p class=\"margin-bottom-20\"><img class=\"alignnone size-full wp-image-5079\" src=\"https://moren.la-studioweb.com/wp-content/uploads/2018/12/logo-tranpostion.png\" alt=\"\" width=\"181\" height=\"55\" /></p>\r\n<p class=\"margin-top-30 margin-bottom-30\">Moren is a creative &amp; powerful industry\r\nbusiness wordpress theme that will\r\nsuits all your needs.</p>\r\n[la_social_link]",
      "filter": true,
      "visual": true,
      "classes": ""
    }
  },
  "footer-column-04-home-04": {
    "contact_info-2": {
      "title": "",
      "phone": "(+85) 123 456 789",
      "email": "info@yoursite.com",
      "address": "198 West 21th Street, Suite 721, New York NY",
      "classes": "margin-bottom-0"
    }
  },
  "footer-column-01-home-05": {
    "text-9": {
      "title": "",
      "text": "<p class=\"margin-bottom-20\"><img src=\"https://moren.la-studioweb.com/wp-content/uploads/2018/12/footer-home-04.png\" alt=\"\" width=\"191\" height=\"66\" class=\"alignnone size-full wp-image-5080\" /></p>\r\n<p class=\"margin-top-30 margin-bottom-30\">Moren is a creative &amp; powerful industry\r\nbusiness wordpress theme that will\r\nsuits all your needs.</p>\r\n[la_social_link]",
      "filter": true,
      "visual": true,
      "classes": ""
    }
  },
  "sidebar-portfolio": {
    "nav_menu-6": {
      "title": "Moren Services",
      "nav_menu": 114,
      "classes": ""
    },
    "recent-posts-6": {
      "title": "Latest news",
      "number": 3,
      "show_date": true,
      "classes": ""
    },
    "woocommerce_products-3": {
      "title": "Recent Products",
      "number": 3,
      "show": "",
      "orderby": "date",
      "order": "desc",
      "hide_free": 0,
      "show_hidden": 0,
      "classes": ""
    },
    "text-12": {
      "title": "",
      "text": "<div class=\"button-custom-widget\"><a class=\"btn btn-primary-outline\" href=\"#\">Download Brochure</a></div>\r\n<div class=\"button-custom-widget\"><a class=\"btn btn-primary\" href=\"#\">Get Free Quote</a></div>",
      "filter": true,
      "visual": true,
      "classes": ""
    }
  }
}