{
  "sidebar-primary": {
    "search-2": {
      "title": ""
    },
    "recent-posts-2": {
      "title": "",
      "number": 5
    },
    "recent-comments-2": {
      "title": "",
      "number": 5
    },
    "archives-2": {
      "title": "",
      "count": 0,
      "dropdown": 0
    },
    "categories-2": {
      "title": "",
      "count": 0,
      "hierarchical": 0,
      "dropdown": 0
    },
    "meta-2": {
      "title": ""
    },
    "categories-3": {
      "title": "Categories",
      "count": 0,
      "hierarchical": 0,
      "dropdown": 0,
      "classes": ""
    },
    "la-recent-posts-1": {
      "title": "Recent Post",
      "number": 4,
      "show_date": true,
      "classes": ""
    },
    "tag_cloud-1": {
      "title": "Tags",
      "count": 0,
      "taxonomy": "post_tag",
      "classes": ""
    }
  },
  "sidebar-shop-filter": {
    "la-price-filter-list-1": {
      "title": "Price",
      "text": "0|20\r\n20|40\r\n40|50\r\n50|60\r\n60|80\r\n80|100\r\n100",
      "classes": "col-xs-12 col-sm-3"
    },
    "woocommerce_layered_nav-1": {
      "title": "Brands",
      "attribute": "brand",
      "display_type": "list",
      "query_type": "or",
      "classes": "col-xs-12 col-sm-3"
    },
    "woocommerce_layered_nav-2": {
      "title": "Color",
      "attribute": "color",
      "display_type": "swatches",
      "query_type": "and",
      "classes": "col-xs-12 col-sm-3"
    },
    "woocommerce_layered_nav-3": {
      "title": "Size",
      "attribute": "size",
      "display_type": "list",
      "query_type": "or",
      "classes": "col-xs-12 col-sm-3"
    }
  },
  "footer_top_area": {
    "text-6": {
      "title": "",
      "text": "<div class=\"la-headings text-left margin-0\">\r\n<h2 class=\"heading-tag letter-spacing-1 font-weight-700 font-size-30 text-uppercase\">Moren WORDPRESS THEME</h2>\r\n<div class=\"subheading-tag font-size-16 font-weight-300\">We know you want to choose the right theme for your business</div>\r\n</div>\r\n<div class=\"btn-wrapper\"><a class=\"btn\" title=\"\" href=\"#\">PURCHASE NOW</a></div>",
      "filter": true,
      "visual": true,
      "classes": "margin-0"
    }
  },
  "f-col-1": {
    "nav_menu-4": {
      "title": "Company",
      "nav_menu": "Footer Company",
      "classes": ""
    }
  },
  "f-col-2": {
    "nav_menu-1": {
      "title": "Useful information",
      "nav_menu": "About Moren",
      "classes": ""
    }
  },
  "f-col-3": {
    "text-13": {
      "title": "Gallery",
      "text": "[la_instagram_feed item_space=\"20\" limit=\"8\" column=\"xlg:4;lg:4;md:4;sm:3;xs:2;mb:1;\" user_id=\"7608181471\"]",
      "filter": true,
      "visual": true,
      "classes": ""
    }
  },
  "f-col-4": {
    "contact_info-1": {
      "title": "Let’s Talk",
      "phone": "987 654 321 - 123 456 789",
      "email": "yourmail@website.com",
      "address": "66 McKenzie Turnpike Apt. 745, South Margarete",
      "classes": "margin-bottom-0"
    },
    "text-5": {
      "title": "",
      "text": "<a class=\"text-color-primary font-weight-700 font-size-13\" href=\"#\">Get Direction</a>",
      "filter": true,
      "visual": true,
      "classes": "text-uppercase margin-top-30"
    }
  }
}