{
  "sidebar-primary": {
    "search-2": {
      "title": ""
    },
    "recent-posts-2": {
      "title": "",
      "number": 5
    },
    "recent-comments-2": {
      "title": "",
      "number": 5
    },
    "archives-2": {
      "title": "",
      "count": 0,
      "dropdown": 0
    },
    "categories-2": {
      "title": "",
      "count": 0,
      "hierarchical": 0,
      "dropdown": 0
    },
    "meta-2": {
      "title": ""
    },
    "categories-3": {
      "title": "Categories",
      "count": 0,
      "hierarchical": 0,
      "dropdown": 0,
      "classes": ""
    },
    "la-recent-posts-1": {
      "title": "Recent Post",
      "number": 4,
      "show_date": true,
      "classes": ""
    },
    "tag_cloud-1": {
      "title": "Tags",
      "count": 0,
      "taxonomy": "post_tag",
      "classes": ""
    }
  },
  "sidebar-shop-filter": {
    "la-price-filter-list-1": {
      "title": "Price",
      "text": "0|20\r\n20|40\r\n40|50\r\n50|60\r\n60|80\r\n80|100\r\n100",
      "classes": "col-xs-12 col-sm-3"
    },
    "woocommerce_layered_nav-1": {
      "title": "Brands",
      "attribute": "brand",
      "display_type": "list",
      "query_type": "or",
      "classes": "col-xs-12 col-sm-3"
    },
    "woocommerce_layered_nav-2": {
      "title": "Color",
      "attribute": "color",
      "display_type": "swatches",
      "query_type": "and",
      "classes": "col-xs-12 col-sm-3"
    },
    "woocommerce_layered_nav-3": {
      "title": "Size",
      "attribute": "size",
      "display_type": "list",
      "query_type": "or",
      "classes": "col-xs-12 col-sm-3"
    }
  },
  "footer_top_area": {
    "text-6": {
      "title": "",
      "text": "<div class=\"la-headings text-left margin-0\">\r\n<h2 class=\"heading-tag letter-spacing-1 font-weight-700 font-size-30 text-uppercase\">Moren WORDPRESS THEME</h2>\r\n<div class=\"subheading-tag font-size-16 font-weight-300\">We know you want to choose the right theme for your business</div>\r\n</div>\r\n<div class=\"btn-wrapper\"><a class=\"btn\" title=\"\" href=\"#\">PURCHASE NOW</a></div>",
      "filter": true,
      "visual": true,
      "classes": "margin-0"
    }
  },
  "f-col-1": {
    "text-8": {
      "title": "",
      "text": "<p class=\"margin-bottom-20\"><img class=\"alignnone size-full wp-image-5079\" src=\"https://moren.la-studioweb.com/wp-content/uploads/2018/12/logo-tranpostion.png\" alt=\"\" width=\"181\" height=\"55\" /></p>\r\n<p class=\"margin-top-30 margin-bottom-30\">Moren is a creative &amp; powerful industry\r\nbusiness wordpress theme that will\r\nsuits all your needs.</p>\r\n[la_social_link]",
      "filter": true,
      "visual": true,
      "classes": ""
    }
  },
  "f-col-2": {
    "nav_menu-5": {
      "title": "Company",
      "nav_menu": "Home 04 Company Footer",
      "classes": ""
    }
  },
  "f-col-3": {
    "recent-posts-5": {
      "title": "Latest posts",
      "number": 3,
      "show_date": true,
      "classes": ""
    }
  },
  "f-col-4": {
    "contact_info-2": {
      "title": "",
      "phone": "(+85) 123 456 789",
      "email": "info@yoursite.com",
      "address": "198 West 21th Street, Suite 721, New York NY",
      "classes": "margin-bottom-0"
    }
  }
}