{
  "sidebar-primary": {
    "search-2": {
      "title": ""
    },
    "categories-2": {
      "title": "Categories",
      "count": 1,
      "hierarchical": 1,
      "dropdown": 0,
      "classes": "widget-border-bottom"
    },
    "archives-2": {
      "title": "Archives",
      "count": 0,
      "dropdown": 0,
      "classes": "widget-border-bottom"
    },
    "tag_cloud-2": {
      "title": "Tags",
      "count": 0,
      "taxonomy": "post_tag",
      "classes": "widget-border-bottom"
    },
    "media_image-2": {
      "attachment_id": 617,
      "url": "https:\/\/veera.la-studioweb.com\/wp-content\/uploads\/2018\/07\/author-avatar.png",
      "title": "Author",
      "size": "full",
      "width": 109,
      "height": 109,
      "caption": "",
      "alt": "",
      "link_type": "custom",
      "link_url": "#",
      "image_classes": "",
      "link_classes": "text-center visible-block",
      "link_rel": "",
      "link_target_blank": false,
      "image_title": "",
      "classes": "margin-bottom-10"
    },
    "custom_html-2": {
      "title": "",
      "content": "<p class=\"text-color-secondary font-size-14 margin-bottom-5\">Nataila Portman<\/p>\r\n<p class=\"font-size-12\">Praesent sed ex vel mauris eleifend mollis. Vestibulum dictum sodales ante, ac pulvinar<\/p>",
      "classes": "text-center margin-bottom-10"
    },
    "text-2": {
      "title": "",
      "text": "[la_social_link]",
      "filter": true,
      "visual": true,
      "classes": "text-center"
    },
    "text-3": {
      "title": "",
      "text": "[la_banner height_mode=\"custom\" height=\"88%\" style=\"8\" banner_id=\"618\" banner_link=\"url:mailto%3Ainfo%40la-studioweb.com|||\" title_1=\"ADS Banner\" title_2=\"info@la-studioweb.com\"]",
      "filter": true,
      "visual": true,
      "classes": ""
    }
  },
  "sidebar-shop-filter": {
    "product-sort-by-2": {
      "title": "Sort By",
      "classes": ""
    },
    "la-price-filter-list-2": {
      "title": "By Price",
      "text": "0|20\r\n20|30\r\n30|40\r\n40|50\r\n50|60\r\n60|70\r\n70",
      "classes": ""
    },
    "woocommerce_product_categories-3": {
      "title": "Categories",
      "orderby": "name",
      "dropdown": 0,
      "count": 0,
      "hierarchical": 0,
      "show_children_only": 0,
      "hide_empty": 0,
      "max_depth": "",
      "classes": ""
    },
    "woocommerce_layered_nav-4": {
      "title": "By Color",
      "attribute": "color",
      "display_type": "swatches",
      "query_type": "or",
      "classes": ""
    },
    "woocommerce_layered_nav-5": {
      "title": "By Size",
      "attribute": "size",
      "display_type": "list",
      "query_type": "or",
      "classes": ""
    }
  },
  "aside-widget": {
    "nav_menu-7": {
      "nav_menu": "Header Aside Menu",
      "classes": "accordion-menu"
    },
    "text-15": {
      "title": "",
      "text": "<img src=\"\/\/veera.la-studioweb.com\/wp-content\/themes\/veera\/assets\/images\/payments.png\" alt=\"payment\" \/>\r\n\r\nPellentesque mollis nec orci id tincidunt. Sed mollis risus eu nisi aliquet, sit amet fermentum justo dapibus.",
      "filter": true,
      "visual": true,
      "classes": "element-max-width-280 padding-top-30"
    },
    "text-16": {
      "title": "",
      "text": "<a href=\"tel:+61225315600\">(+612) 2531 5600<\/a>\r\n<a href=\"mailto:info@la-studioweb.com\">info@la-studioweb.com<\/a>\r\nPO Box 1622 Colins Street West",
      "filter": true,
      "visual": true,
      "classes": "margin-bottom-20"
    },
    "text-17": {
      "title": "",
      "text": "<a class=\"text-color-heading\" href=\"https:\/\/www.google.com\/maps\" target=\"_blank\" rel=\"noopener\"><u>Google maps<\/u><\/a>",
      "filter": true,
      "visual": true,
      "classes": "margin-bottom-10"
    },
    "text-18": {
      "title": "",
      "text": "[la_social_link]",
      "filter": true,
      "visual": true,
      "classes": ""
    },
    "text-19": {
      "title": "",
      "text": "\u00a9 2018 Veera All rights reserved",
      "filter": true,
      "visual": true,
      "classes": "font-size-11"
    }
  },
  "f-col-1": {
    "text-12": {
      "title": "",
      "text": "<p class=\"margin-bottom-15\"><a href=\"https:\/\/veera.la-studioweb.com\"><img src=\"\/\/veera.la-studioweb.com\/wp-content\/themes\/veera\/assets\/images\/logo-white.svg\" alt=\"Veera - Multipurpose WooCommerce Theme\" \/><\/a><\/p>\r\nBeautiful Online Store",
      "filter": true,
      "visual": true,
      "classes": "text-center font-size-14 margin-bottom-10"
    },
    "nav_menu-5": {
      "nav_menu": "Footer Company",
      "classes": "menu-inline-item text-center font-size-18"
    }
  },
  "s-p-after-add-cart": {
    "text-8": {
      "title": "",
      "text": "<div class=\"extradiv-after-frm-cart\"><a href=\"#\"><i class=\"fa fa-map-marker\"><\/i>Find store near you<\/a><a href=\"#\"><i class=\"fa fa-exchange\"><\/i>Delivery and return<\/a><\/div>",
      "filter": true,
      "visual": true,
      "classes": ""
    }
  },
  "sidebar-shop-area": {
    "woocommerce_product_categories-2": {
      "title": "Categories",
      "orderby": "name",
      "dropdown": 0,
      "count": 1,
      "hierarchical": 1,
      "show_children_only": 0,
      "hide_empty": 0,
      "max_depth": "",
      "classes": ""
    },
    "woocommerce_layered_nav-2": {
      "title": "Color",
      "attribute": "color",
      "display_type": "list",
      "query_type": "or",
      "classes": "widget_layered_nav--nostyle"
    },
    "woocommerce_price_filter-2": {
      "title": "Prices",
      "classes": ""
    },
    "woocommerce_layered_nav-3": {
      "title": "Size",
      "attribute": "size",
      "display_type": "list",
      "query_type": "or",
      "classes": "widget_layered_nav--borderstyle font-size-12"
    },
    "woocommerce_product_tag_cloud-2": {
      "title": "Tags",
      "classes": ""
    },
    "text-7": {
      "title": "",
      "text": "[la_banner height_mode=\"custom\" height=\"88%\" style=\"8\" banner_id=\"618\" banner_link=\"url:mailto%3Ainfo%40la-studioweb.com|||\" title_1=\"ADS Banner\" title_2=\"info@la-studioweb.com\"]",
      "filter": true,
      "visual": true,
      "classes": ""
    }
  }
}