{"layout":"col-1c","body_boxed":"no","body_max_width":"1230","main_full_width":"no","main_space":{"top":"70","bottom":"30"},"backtotop_btn":"no","body_background":{"image":"","repeat":"repeat","position":"left top","attachment":"","size":"","color":""},"body_boxed_background":{"image":"","repeat":"repeat","position":"left top","attachment":"","size":"","color":""},"text_color":"#777777","heading_color":"#262626","primary_color":"#bdbd74","secondary_color":"#262626","three_color":"#5d5d5d","border_color":"#CDCDCD","page_loading_animation":"on","page_loading_style":"3","page_loading_custom":"","body_font_size":"14px","font_source":"1","main_font":{"family":"Montserrat","variant":["300","regular","600","900"],"font":"google"},"secondary_font":{"family":"Montserrat","variant":["300","regular","700","900"],"font":"google"},"highlight_font":{"family":"Playfair Display","variant":["regular","700"],"font":"google"},"font_google_code":"","main_google_font_face":"","secondary_google_font_face":"","highlight_google_font_face":"","font_typekit_kit_id":"","main_typekit_font_face":"","secondary_typekit_font_face":"","highlight_typekit_font_face":"","header_transparency":"no","header_sticky":"no","enable_header_mb_footer_bar":"no","enable_header_mb_footer_bar_sticky":"always","page_title_bar_layout":"1","enable_page_title_subtext":"no","page_title_custom_subtext":"","page_title_font_size":{"xlg":"66px","lg":"66px","md":"66px","sm":"33px","xs":"33px","mb":"33px"},"page_title_bar_background":{"image":"","repeat":"repeat","position":"left top","attachment":"","size":"","color":"#f9f9f9"},"page_title_bar_heading_color":"#2F2F2F","page_title_bar_text_color":"#535353","page_title_bar_link_color":"#535353","page_title_bar_link_hover_color":"#fc4f4f","page_title_bar_spacing":{"top":"40","bottom":"40"},"page_title_bar_spacing_desktop_small":{"top":"40","bottom":"40"},"page_title_bar_spacing_tablet":{"top":"25","bottom":"25"},"page_title_bar_spacing_mobile":{"top":"25","bottom":"25"},"woo_override_page_title_bar":"off","woo_page_title_bar_layout":"hide","woo_page_title_font_size":{"xlg":"","lg":"","md":"","sm":"","xs":"","mb":""},"woo_page_title_bar_background":{"image":"","repeat":"repeat","position":"left top","attachment":"","size":"","color":""},"woo_page_title_bar_heading_color":"","woo_page_title_bar_text_color":"","woo_page_title_bar_link_color":"","woo_page_title_bar_link_hover_color":"","woo_page_title_bar_spacing":{"top":"","bottom":""},"woo_page_title_bar_spacing_desktop_small":{"top":"","bottom":""},"woo_page_title_bar_spacing_tablet":{"top":"","bottom":""},"woo_page_title_bar_spacing_mobile":{"top":"","bottom":""},"single_post_override_page_title_bar":"off","single_post_page_title_bar_layout":"hide","single_post_page_title_font_size":{"xlg":"","lg":"","md":"","sm":"","xs":"","mb":""},"single_post_page_title_bar_background":{"image":"","repeat":"repeat","position":"left top","attachment":"","size":"","color":""},"single_post_page_title_bar_heading_color":"","single_post_page_title_bar_text_color":"","single_post_page_title_bar_link_color":"","single_post_page_title_bar_link_hover_color":"","single_post_page_title_bar_spacing":{"top":"","bottom":""},"single_post_page_title_bar_spacing_desktop_small":{"top":"","bottom":""},"single_post_page_title_bar_spacing_tablet":{"top":"","bottom":""},"single_post_page_title_bar_spacing_mobile":{"top":"","bottom":""},"single_product_override_page_title_bar":"on","single_product_page_title_bar_layout":"2","single_product_page_title_font_size":{"xlg":"","lg":"","md":"","sm":"","xs":"","mb":""},"single_product_page_title_bar_background":{"image":"","repeat":"repeat","position":"left top","attachment":"","size":"","color":""},"single_product_page_title_bar_heading_color":"","single_product_page_title_bar_text_color":"","single_product_page_title_bar_link_color":"","single_product_page_title_bar_link_hover_color":"","single_product_page_title_bar_spacing":{"top":"","bottom":""},"single_product_page_title_bar_spacing_desktop_small":{"top":"","bottom":""},"single_product_page_title_bar_spacing_tablet":{"top":"","bottom":""},"single_product_page_title_bar_spacing_mobile":{"top":"","bottom":""},"layout_blog":"col-1c","blog_small_layout":"off","page_title_bar_layout_blog_global":"on","blog_design":"grid_4","blog_post_column":{"xlg":"3","lg":"3","md":"2","sm":"2","xs":"1","mb":"1"},"blog_item_space":"70","featured_images_blog":"on","blog_thumbnail_height_mode":"4-3","blog_thumbnail_height_custom":"40%","blog_thumbnail_size":"large","blog_content_display":"excerpt","blog_excerpt_length":"18","blog_masonry":"off","blog_pagination_type":"pagination","layout_single_post":"col-2cl","single_small_layout":"off","featured_images_single":"on","blog_pn_nav":"on","blog_post_title":"below","blog_author_info":"off","blog_social_sharing_box":"on","blog_related_posts":"on","blog_related_design":"1","blog_related_by":"random","blog_related_max_post":"3","blog_comments":"on","layout_archive_product":"col-1c","main_full_width_archive_product":"inherit","main_space_archive_product":{"top":"","bottom":""},"catalog_mode":"off","catalog_mode_price":"off","active_shop_filter":"on","hide_shop_toolbar":"off","woocommerce_toggle_grid_list":"on","shop_catalog_display_type":"grid","shop_catalog_grid_style":"2","active_shop_masonry":"off","shop_masonry_column_type":"default","product_masonry_container_width":"1170","product_masonry_image_size":"shop_catalog","product_masonry_item_width":"270","product_masonry_item_height":"390","woocommerce_shop_page_columns":{"xlg":"4","lg":"4","md":"3","sm":"2","xs":"1","mb":"1"},"woocommerce_shop_masonry_columns":{"xlg":"4","lg":"4","md":"3","sm":"2","xs":"1","mb":"1"},"woocommerce_shop_masonry_custom_columns":{"md":"3","sm":"2","xs":"1","mb":"1"},"enable_shop_masonry_custom_setting":"off","shop_masonry_item_setting":[{"size_name":"1x Width + 1x Height","w":"0.5","h":"0.5"}],"shop_item_space":"default","product_per_page_allow":"12,15,30","product_per_page_default":"12","woocommerce_pagination_type":"pagination","woocommerce_load_more_text":"Load More Products","woocommerce_enable_crossfade_effect":"on","woocommerce_show_rating_on_catalog":"on","woocommerce_show_addcart_btn":"on","woocommerce_show_quickview_btn":"on","woocommerce_show_wishlist_btn":"on","woocommerce_show_compare_btn":"on","layout_single_product":"col-1c","main_full_width_single_product":"yes","main_space_single_product":{"top":"","bottom":""},"woocommerce_product_page_design":"2","single_ajax_add_cart":"yes","move_woo_tabs_to_bottom":"yes","woocommerce_gallery_zoom":"yes","woocommerce_gallery_lightbox":"yes","product_single_hide_breadcrumb":"no","product_single_hide_page_title":"no","product_single_hide_product_title":"no","product_gallery_column":{"xlg":"4","lg":"4","md":"3","sm":"5","xs":"4","mb":"3"},"product_sharing":"on","related_products":"on","related_product_title":"Related Products","related_product_subtitle":"","related_products_columns":{"xlg":"4","lg":"4","md":"3","sm":"2","xs":"2","mb":"1"},"upsell_products":"on","upsell_product_title":"Up-Sells Products","upsell_product_subtitle":"","upsell_products_columns":{"xlg":"4","lg":"4","md":"3","sm":"2","xs":"2","mb":"1"},"woo_enable_custom_tab":"on","woo_custom_tab_title":"About Brand","woo_custom_tab_content":"Sed ut perspiciatis unde omnis iste natus error sit voluptatem accusantium doloremque laudantium, totam rem aperiam, eaque ipsa quae ab illo inventore veritatis et quasi architecto beatae vitae dicta sunt explicabo.\r\n\r\nDonec accumsan auctor iaculis. Sed suscipit arcu ligula, at egestas magna molestie a. Proin ac ex maximus, ultrices justo eget, sodales orci. Aliquam egestas libero ac turpis pharetra, in vehicula lacus scelerisque. Vestibulum ut sem laoreet, feugiat tellus at, hendrerit arcu..\r\n<ul>\r\n \t<li>Maecenas eu ante a elit tempus fermentum. Aliquam commodo tincidunt semper<\/li>\r\n \t<li>Aliquam est et tempus. Eaecenas libero ante, tincidunt vel<\/li>\r\n<\/ul>\r\nNunc lacus elit, faucibus ac laoreet sed, dapibus ac mi. Maecenas eu ante a elit tempus fermentum. Aliquam commodo tincidunt semper. Phasellus accumsan, justo ac mollis pharetra,.\r\n\r\nNemo enim ipsam voluptatem quia voluptas sit aspernatur aut odit aut fugit, sed quia consequuntur magni dolores eos qui ratione voluptatem sequi nesciunt","woo_custom_tab_title_2":"Shipping &amp; Delivery","woo_custom_tab_content_2":"Donec accumsan auctor iaculis. Sed suscipit arcu ligula, at egestas magna molestie a. Proin ac ex maximus, ultrices justo eget, sodales orci. Aliquam egestas libero ac turpis pharetra, in vehicula lacus scelerisque. Vestibulum ut sem laoreet, feugiat tellus at, hendrerit arcu..\r\n\r\nSed ut perspiciatis unde omnis iste natus error sit voluptatem accusantium doloremque laudantium, totam rem aperiam, eaque ipsa quae ab illo inventore veritatis et quasi architecto beatae vitae dicta sunt explicabo.\r\n<ul>\r\n \t<li>Maecenas eu ante a elit tempus fermentum. Aliquam commodo tincidunt semper<\/li>\r\n \t<li>Aliquam est et tempus. Eaecenas libero ante, tincidunt vel<\/li>\r\n<\/ul>\r\nNunc lacus elit, faucibus ac laoreet sed, dapibus ac mi. Maecenas eu ante a elit tempus fermentum. Aliquam commodo tincidunt semper. Phasellus accumsan, justo ac mollis pharetra,.\r\n\r\nNemo enim ipsam voluptatem quia voluptas sit aspernatur aut odit aut fugit, sed quia consequuntur magni dolores eos qui ratione voluptatem sequi nesciunt","woo_custom_tab_title_3":"","woo_custom_tab_content_3":"","crosssell_products":"on","crosssell_product_title":"Related Products","crosssell_product_subtitle":"","crosssell_products_columns":{"xlg":"4","lg":"4","md":"3","sm":"2","xs":"1","mb":"1"},"social_links":{"1":{"title":"Facebook","icon":"fa fa-facebook","link":"#"},"2":{"title":"Twitter","icon":"fa fa-twitter","link":"#"},"3":{"title":"Pinterest","icon":"fa fa-pinterest-p","link":"#"}},"sharing_facebook":true,"sharing_twitter":true,"sharing_google_plus":true,"sharing_pinterest":true,"la_custom_css":"\n                               footer a:hover{\n                                color: #bdbd74 !important;\n                               }\n","header_js":"","footer_js":"","404_page_content":"[elementor-template id=\"3116\"]","popup_max_width":"790","popup_max_height":"430","popup_background":{"image":"","repeat":"repeat","position":"left top","attachment":"","size":"","color":""},"newsletter_popup_delay":"2000","popup_dont_show_text":"Do not show popup anymore","newsletter_popup_show_again":"1","newsletter_popup_content":"","import":"","la_extension_available":["swatches","360","content_type"],"lastudio_elementor_modules":["advanced-carousel","advanced-map","animated-box","animated-text","audio","banner","brands","button","circle-progress","countdown-timer","dropbar","headline","image-comparison","images-layout","inline-svg","instagram-gallery","portfolio","posts","price-list","pricing-table","progress-bar","scroll-navigation","services","slider","subscribe-form","table","tabs-widget","team-member","testimonials","timeline","video"],"header_mb_footer_bar_component":"","pages_global_sidebar":"","posts_global_sidebar":"","blog_archive_global_sidebar":"","sharing_reddit":"","sharing_linkedin":"","sharing_tumblr":"","sharing_line":"","sharing_whatapps":"","sharing_telegram":"","sharing_vk":"","sharing_email":"","enable_newsletter_popup":"","only_show_newsletter_popup_on_home_page":"","disable_popup_on_mobile":"","show_checkbox_hide_newsletter_popup":""}