{
  "desktop-view": {
    "topbar": {
      "left": [],
      "center": [],
      "right": [],
      "settings": {
        "element": "header-area",
        "hidden_element": true,
        "uniqueId": "5bebed2c8bd2etapbar",
        "container_padd": "true",
        "content_position": "middle",
        "background_position_sc_all_el_background": "center center",
        "background_repeat_sc_all_el_background": "no-repeat",
        "background_cover_sc_all_el_background": "true",
        "background_position_sc_tablets_el_background": "center center",
        "background_repeat_sc_tablets_el_background": "no-repeat",
        "background_cover_sc_tablets_el_background": "true",
        "background_position_sc_mobiles_el_background": "center center",
        "background_repeat_sc_mobiles_el_background": "no-repeat",
        "background_cover_sc_mobiles_el_background": "true",
        "full_container": "false",
        "background_color_sc_all_el_background": "#f9f9f9",
        "padding_right_sc_all_el_box": "",
        "padding_left_sc_all_el_box": "",
        "box_shadow_status_sc_all_el_box": "false",
        "box_shadow_status_sc_tablets_el_box": "false",
        "box_shadow_status_sc_mobiles_el_box": "false",
        "padding_top_sc_all_el_box": "12",
        "padding_bottom_sc_all_el_box": "12",
        "extra_class": ""
      },
      "left_settings": {
        "element": "header-column",
        "hidden_element": false,
        "uniqueId": "5bebed2c8bd2etapbarleft"
      },
      "center_settings": {
        "element": "header-column",
        "hidden_element": false,
        "uniqueId": "5bebed2c8bd2etapbarcenter"
      },
      "right_settings": {
        "element": "header-column",
        "hidden_element": false,
        "uniqueId": "5bebed2c8bd2etapbarright"
      }
    },
    "row1": {
      "left": [
        {
          "editor_icon": "fa fa-picture-o",
          "hidden_element": false,
          "name": "logo",
          "uniqueId": "5bebed2c8bd2elogo",
          "type": "image",
          "logo": "",
          "box_shadow_status_sc_all_el_logo": "false",
          "box_shadow_status_sc_tablets_el_logo": "false",
          "box_shadow_status_sc_mobiles_el_logo": "false",
          "width_sc_all_el_logo": "62px"
        }
      ],
      "center": [
        {
          "editor_icon": "fa fa-search",
          "hidden_element": false,
          "name": "search",
          "uniqueId": "1542189858866",
          "type": "simple",
          "icon_type": "la",
          "tooltip_text": "Tooltip Text",
          "tooltip_position": "tooltip-on-bottom",
          "text_beside_icon": "",
          "float_sc_all_el_custom_text": "left",
          "background_position_sc_all_el_background": "center center",
          "background_repeat_sc_all_el_background": "no-repeat",
          "background_cover_sc_all_el_background": "true",
          "background_position_sc_all_el_search_form": "center center",
          "background_repeat_sc_all_el_search_form": "no-repeat",
          "background_cover_sc_all_el_search_form": "true",
          "background_position_sc_all_el_search_form_input": "center center",
          "background_repeat_sc_all_el_search_form_input": "no-repeat",
          "background_cover_sc_all_el_search_form_input": "true",
          "background_position_sc_all_el_full_page_search": "center center",
          "background_repeat_sc_all_el_full_page_search": "no-repeat",
          "background_cover_sc_all_el_full_page_search": "true",
          "float_sc_tablets_el_custom_text": "left",
          "background_position_sc_tablets_el_background": "center center",
          "background_repeat_sc_tablets_el_background": "no-repeat",
          "background_cover_sc_tablets_el_background": "true",
          "background_position_sc_tablets_el_search_form": "center center",
          "background_repeat_sc_tablets_el_search_form": "no-repeat",
          "background_cover_sc_tablets_el_search_form": "true",
          "background_position_sc_tablets_el_search_form_input": "center center",
          "background_repeat_sc_tablets_el_search_form_input": "no-repeat",
          "background_cover_sc_tablets_el_search_form_input": "true",
          "background_position_sc_tablets_el_full_page_search": "center center",
          "background_repeat_sc_tablets_el_full_page_search": "no-repeat",
          "background_cover_sc_tablets_el_full_page_search": "true",
          "float_sc_mobiles_el_custom_text": "left",
          "background_position_sc_mobiles_el_background": "center center",
          "background_repeat_sc_mobiles_el_background": "no-repeat",
          "background_cover_sc_mobiles_el_background": "true",
          "background_position_sc_mobiles_el_search_form": "center center",
          "background_repeat_sc_mobiles_el_search_form": "no-repeat",
          "background_cover_sc_mobiles_el_search_form": "true",
          "background_position_sc_mobiles_el_search_form_input": "center center",
          "background_repeat_sc_mobiles_el_search_form_input": "no-repeat",
          "background_cover_sc_mobiles_el_search_form_input": "true",
          "background_position_sc_mobiles_el_full_page_search": "center center",
          "background_repeat_sc_mobiles_el_full_page_search": "no-repeat",
          "background_cover_sc_mobiles_el_full_page_search": "true",
          "show_tooltip": "false",
          "top_arrow": "false",
          "searchbox_icon": "false",
          "box_shadow_status_sc_all_el_search_form": "false",
          "box_shadow_status_sc_tablets_el_search_form": "false",
          "box_shadow_status_sc_mobiles_el_search_form": "false",
          "width_sc_all_el_box": "",
          "background_color_sc_all_el_background": "",
          "background_color_sc_all_el_full_page_search": "#0a0a0a",
          "color_sc_all_el_icon": "#181818",
          "font_size_sc_all_el_icon": "",
          "height_sc_all_el_box": "100%",
          "placeholder_text": "Search Products",
          "extra_class": "search-form-v2 search-icon-primary",
          "is_product_search": "false"
        }
      ],
      "right": [
        {
          "editor_icon": "fa fa-font",
          "hidden_element": false,
          "name": "text",
          "uniqueId": "1542272640098",
          "text": "<i class='fa fa-heart-o'><\/i>",
          "background_position_sc_all_el_background": "center center",
          "background_repeat_sc_all_el_background": "no-repeat",
          "background_cover_sc_all_el_background": "true",
          "background_position_sc_tablets_el_background": "center center",
          "background_repeat_sc_tablets_el_background": "no-repeat",
          "background_cover_sc_tablets_el_background": "true",
          "background_position_sc_mobiles_el_background": "center center",
          "background_repeat_sc_mobiles_el_background": "no-repeat",
          "background_cover_sc_mobiles_el_background": "true",
          "is_shortcode": "false",
          "link": "https:\/\/moren.la-studioweb.com\/wishlist\/",
          "link_new_tab": "false",
          "color_sc_all_el_text": "#181818",
          "font_size_sc_all_el_text": "26px"
        },
        {
          "editor_icon": "fa fa-align-justify",
          "hidden_element": false,
          "name": "menu",
          "uniqueId": "1542272260012",
          "show_mobile_menu": "false",
          "show_parent_arrow": "false",
          "parent_arrow_direction": "bottom",
          "background_position_sc_all_el_submenu_box": "center center",
          "background_repeat_sc_all_el_submenu_box": "no-repeat",
          "background_cover_sc_all_el_submenu_box": "true",
          "background_position_sc_all_el_responsive_menu_box": "center center",
          "background_repeat_sc_all_el_responsive_menu_box": "no-repeat",
          "background_cover_sc_all_el_responsive_menu_box": "true",
          "background_position_sc_all_el_box": "center center",
          "background_repeat_sc_all_el_box": "no-repeat",
          "background_cover_sc_all_el_box": "true",
          "background_position_sc_tablets_el_submenu_box": "center center",
          "background_repeat_sc_tablets_el_submenu_box": "no-repeat",
          "background_cover_sc_tablets_el_submenu_box": "true",
          "background_position_sc_tablets_el_responsive_menu_box": "center center",
          "background_repeat_sc_tablets_el_responsive_menu_box": "no-repeat",
          "background_cover_sc_tablets_el_responsive_menu_box": "true",
          "background_position_sc_tablets_el_box": "center center",
          "background_repeat_sc_tablets_el_box": "no-repeat",
          "background_cover_sc_tablets_el_box": "true",
          "background_position_sc_mobiles_el_submenu_box": "center center",
          "background_repeat_sc_mobiles_el_submenu_box": "no-repeat",
          "background_cover_sc_mobiles_el_submenu_box": "true",
          "background_position_sc_mobiles_el_responsive_menu_box": "center center",
          "background_repeat_sc_mobiles_el_responsive_menu_box": "no-repeat",
          "background_cover_sc_mobiles_el_responsive_menu_box": "true",
          "background_position_sc_mobiles_el_box": "center center",
          "background_repeat_sc_mobiles_el_box": "no-repeat",
          "background_cover_sc_mobiles_el_box": "true",
          "menu": "My Account",
          "show_megamenu": "false",
          "desc_item": "false",
          "full_menu": "false",
          "height_100": "false",
          "box_shadow_status_sc_all_el_submenu_box": "false",
          "box_shadow_status_sc_tablets_el_submenu_box": "false",
          "box_shadow_status_sc_mobiles_el_submenu_box": "false",
          "extra_class": "hidden-text-menu menu-account-header-v5 menu-not-primary menu-sub-right",
          "font_size_sc_all_el_menu_item": "26px",
          "color_sc_all_el_menu_icon": "#181818",
          "font_size_sc_all_el_menu_icon": "26px"
        },
        {
          "editor_icon": "fa fa-shopping-cart",
          "hidden_element": false,
          "name": "cart",
          "uniqueId": "1542189824343",
          "cart_icon": "dl__icon-cart25",
          "tooltip_text": "Tooltip Text",
          "tooltip_position": "tooltip-on-bottom",
          "background_position_sc_all_el_box": "center center",
          "background_repeat_sc_all_el_box": "no-repeat",
          "background_cover_sc_all_el_box": "true",
          "background_position_sc_all_el_products_box": "center center",
          "background_repeat_sc_all_el_products_box": "no-repeat",
          "background_cover_sc_all_el_products_box": "true",
          "background_position_sc_tablets_el_box": "center center",
          "background_repeat_sc_tablets_el_box": "no-repeat",
          "background_cover_sc_tablets_el_box": "true",
          "background_position_sc_tablets_el_products_box": "center center",
          "background_repeat_sc_tablets_el_products_box": "no-repeat",
          "background_cover_sc_tablets_el_products_box": "true",
          "background_position_sc_mobiles_el_box": "center center",
          "background_repeat_sc_mobiles_el_box": "no-repeat",
          "background_cover_sc_mobiles_el_box": "true",
          "background_position_sc_mobiles_el_products_box": "center center",
          "background_repeat_sc_mobiles_el_products_box": "no-repeat",
          "background_cover_sc_mobiles_el_products_box": "true",
          "show_tooltip": "false",
          "width_sc_all_el_box": "40px",
          "color_sc_all_el_icon": "#181818",
          "font_size_sc_all_el_icon": "26px",
          "height_sc_all_el_box": "100%",
          "font_size_sc_tablets_el_icon": "20px"
        },
        {
          "editor_icon": "fa fa-search",
          "hidden_element": true,
          "name": "search",
          "uniqueId": "1542430148249",
          "type": "full",
          "icon_type": "la",
          "tooltip_text": "Tooltip Text",
          "tooltip_position": "tooltip-on-bottom",
          "text_beside_icon": "Search",
          "float_sc_all_el_custom_text": "left",
          "background_position_sc_all_el_background": "center center",
          "background_repeat_sc_all_el_background": "no-repeat",
          "background_cover_sc_all_el_background": "true",
          "background_position_sc_all_el_search_form": "center center",
          "background_repeat_sc_all_el_search_form": "no-repeat",
          "background_cover_sc_all_el_search_form": "true",
          "background_position_sc_all_el_search_form_input": "center center",
          "background_repeat_sc_all_el_search_form_input": "no-repeat",
          "background_cover_sc_all_el_search_form_input": "true",
          "background_position_sc_all_el_full_page_search": "center center",
          "background_repeat_sc_all_el_full_page_search": "no-repeat",
          "background_cover_sc_all_el_full_page_search": "true",
          "float_sc_tablets_el_custom_text": "left",
          "background_position_sc_tablets_el_background": "center center",
          "background_repeat_sc_tablets_el_background": "no-repeat",
          "background_cover_sc_tablets_el_background": "true",
          "background_position_sc_tablets_el_search_form": "center center",
          "background_repeat_sc_tablets_el_search_form": "no-repeat",
          "background_cover_sc_tablets_el_search_form": "true",
          "background_position_sc_tablets_el_search_form_input": "center center",
          "background_repeat_sc_tablets_el_search_form_input": "no-repeat",
          "background_cover_sc_tablets_el_search_form_input": "true",
          "background_position_sc_tablets_el_full_page_search": "center center",
          "background_repeat_sc_tablets_el_full_page_search": "no-repeat",
          "background_cover_sc_tablets_el_full_page_search": "true",
          "float_sc_mobiles_el_custom_text": "left",
          "background_position_sc_mobiles_el_background": "center center",
          "background_repeat_sc_mobiles_el_background": "no-repeat",
          "background_cover_sc_mobiles_el_background": "true",
          "background_position_sc_mobiles_el_search_form": "center center",
          "background_repeat_sc_mobiles_el_search_form": "no-repeat",
          "background_cover_sc_mobiles_el_search_form": "true",
          "background_position_sc_mobiles_el_search_form_input": "center center",
          "background_repeat_sc_mobiles_el_search_form_input": "no-repeat",
          "background_cover_sc_mobiles_el_search_form_input": "true",
          "background_position_sc_mobiles_el_full_page_search": "center center",
          "background_repeat_sc_mobiles_el_full_page_search": "no-repeat",
          "background_cover_sc_mobiles_el_full_page_search": "true",
          "is_product_search": "true",
          "show_tooltip": "false",
          "top_arrow": "false",
          "searchbox_icon": "false",
          "box_shadow_status_sc_all_el_search_form": "false",
          "box_shadow_status_sc_tablets_el_search_form": "false",
          "box_shadow_status_sc_mobiles_el_search_form": "false",
          "color_sc_tablets_el_icon": "#181818",
          "font_size_sc_tablets_el_icon": "20px",
          "margin_right_sc_tablets_el_box": "10",
          "margin_left_sc_tablets_el_box": "10"
        }
      ],
      "settings": {
        "element": "header-area",
        "hidden_element": false,
        "uniqueId": "5bebed2c8bd2erow1",
        "header_type": "horizontal",
        "container_padd": "true",
        "content_position": "middle",
        "background_position_sc_all_el_background": "center center",
        "background_repeat_sc_all_el_background": "no-repeat",
        "background_cover_sc_all_el_background": "true",
        "background_position_sc_tablets_el_background": "center center",
        "background_repeat_sc_tablets_el_background": "no-repeat",
        "background_cover_sc_tablets_el_background": "true",
        "background_position_sc_mobiles_el_background": "center center",
        "background_repeat_sc_mobiles_el_background": "no-repeat",
        "background_cover_sc_mobiles_el_background": "true",
        "full_container": "true",
        "padding_right_sc_all_el_box": "",
        "padding_left_sc_all_el_box": "",
        "box_shadow_status_sc_all_el_box": "false",
        "box_shadow_status_sc_tablets_el_box": "false",
        "box_shadow_status_sc_mobiles_el_box": "false",
        "extra_class": "header-area-padding  header-v5 header-v5-2",
        "height_sc_all_el_box": "140px",
        "background_color_sc_tablets_el_background": "#ffffff",
        "background_color_sc_mobiles_el_background": "#ffffff"
      },
      "left_settings": {
        "element": "header-column",
        "hidden_element": false,
        "uniqueId": "5bebed2c8bd2erow1left"
      },
      "center_settings": {
        "element": "header-column",
        "hidden_element": false,
        "uniqueId": "5bebed2c8bd2erow1center"
      },
      "right_settings": {
        "element": "header-column",
        "hidden_element": false,
        "uniqueId": "5bebed2c8bd2erow1right"
      }
    },
    "row2": {
      "left": [
        {
          "editor_icon": "fa fa-align-justify",
          "hidden_element": false,
          "name": "menu",
          "uniqueId": "1542269016512",
          "show_mobile_menu": "false",
          "show_parent_arrow": "false",
          "parent_arrow_direction": "bottom",
          "background_position_sc_all_el_submenu_box": "center center",
          "background_repeat_sc_all_el_submenu_box": "no-repeat",
          "background_cover_sc_all_el_submenu_box": "true",
          "background_position_sc_all_el_responsive_menu_box": "center center",
          "background_repeat_sc_all_el_responsive_menu_box": "no-repeat",
          "background_cover_sc_all_el_responsive_menu_box": "true",
          "background_position_sc_all_el_box": "center center",
          "background_repeat_sc_all_el_box": "no-repeat",
          "background_cover_sc_all_el_box": "true",
          "background_position_sc_tablets_el_submenu_box": "center center",
          "background_repeat_sc_tablets_el_submenu_box": "no-repeat",
          "background_cover_sc_tablets_el_submenu_box": "true",
          "background_position_sc_tablets_el_responsive_menu_box": "center center",
          "background_repeat_sc_tablets_el_responsive_menu_box": "no-repeat",
          "background_cover_sc_tablets_el_responsive_menu_box": "true",
          "background_position_sc_tablets_el_box": "center center",
          "background_repeat_sc_tablets_el_box": "no-repeat",
          "background_cover_sc_tablets_el_box": "true",
          "background_position_sc_mobiles_el_submenu_box": "center center",
          "background_repeat_sc_mobiles_el_submenu_box": "no-repeat",
          "background_cover_sc_mobiles_el_submenu_box": "true",
          "background_position_sc_mobiles_el_responsive_menu_box": "center center",
          "background_repeat_sc_mobiles_el_responsive_menu_box": "no-repeat",
          "background_cover_sc_mobiles_el_responsive_menu_box": "true",
          "background_position_sc_mobiles_el_box": "center center",
          "background_repeat_sc_mobiles_el_box": "no-repeat",
          "background_cover_sc_mobiles_el_box": "true",
          "menu": "Menu Vertical",
          "show_megamenu": "false",
          "desc_item": "false",
          "full_menu": "false",
          "height_100": "true",
          "box_shadow_status_sc_all_el_submenu_box": "false",
          "box_shadow_status_sc_tablets_el_submenu_box": "false",
          "box_shadow_status_sc_mobiles_el_submenu_box": "false",
          "font_size_sc_all_el_menu_item": "18px",
          "text_transform_sc_all_el_menu_item": "capitalize",
          "color_sc_all_el_menu_item": "#ffffff",
          "extra_class": "menu-not-primary menu-vertical",
          "text_transform_sc_all_el_current_menu_item": "capitalize"
        }
      ],
      "center": [
        {
          "editor_icon": "fa fa-align-justify",
          "hidden_element": false,
          "name": "menu",
          "uniqueId": "1542269103408",
          "show_mobile_menu": "true",
          "show_parent_arrow": "true",
          "parent_arrow_direction": "bottom",
          "background_position_sc_all_el_submenu_box": "center center",
          "background_repeat_sc_all_el_submenu_box": "no-repeat",
          "background_cover_sc_all_el_submenu_box": "true",
          "background_position_sc_all_el_responsive_menu_box": "center center",
          "background_repeat_sc_all_el_responsive_menu_box": "no-repeat",
          "background_cover_sc_all_el_responsive_menu_box": "true",
          "background_position_sc_all_el_box": "center center",
          "background_repeat_sc_all_el_box": "no-repeat",
          "background_cover_sc_all_el_box": "true",
          "background_position_sc_tablets_el_submenu_box": "center center",
          "background_repeat_sc_tablets_el_submenu_box": "no-repeat",
          "background_cover_sc_tablets_el_submenu_box": "true",
          "background_position_sc_tablets_el_responsive_menu_box": "center center",
          "background_repeat_sc_tablets_el_responsive_menu_box": "no-repeat",
          "background_cover_sc_tablets_el_responsive_menu_box": "true",
          "background_position_sc_tablets_el_box": "center center",
          "background_repeat_sc_tablets_el_box": "no-repeat",
          "background_cover_sc_tablets_el_box": "true",
          "background_position_sc_mobiles_el_submenu_box": "center center",
          "background_repeat_sc_mobiles_el_submenu_box": "no-repeat",
          "background_cover_sc_mobiles_el_submenu_box": "true",
          "background_position_sc_mobiles_el_responsive_menu_box": "center center",
          "background_repeat_sc_mobiles_el_responsive_menu_box": "no-repeat",
          "background_cover_sc_mobiles_el_responsive_menu_box": "true",
          "background_position_sc_mobiles_el_box": "center center",
          "background_repeat_sc_mobiles_el_box": "no-repeat",
          "background_cover_sc_mobiles_el_box": "true",
          "menu": "Primary Navigation",
          "show_megamenu": "true",
          "desc_item": "false",
          "full_menu": "false",
          "height_100": "true",
          "box_shadow_status_sc_all_el_submenu_box": "false",
          "box_shadow_status_sc_tablets_el_submenu_box": "false",
          "box_shadow_status_sc_mobiles_el_submenu_box": "false",
          "color_sc_all_el_menu_item": "#ffffff",
          "font_weight_sc_all_el_menu_item": "400",
          "text_transform_sc_all_el_menu_item": "capitalize"
        }
      ],
      "right": [
        {
          "editor_icon": "fa fa-align-justify",
          "hidden_element": false,
          "name": "menu",
          "uniqueId": "1542270060618",
          "show_mobile_menu": "false",
          "show_parent_arrow": "false",
          "parent_arrow_direction": "bottom",
          "background_position_sc_all_el_submenu_box": "center center",
          "background_repeat_sc_all_el_submenu_box": "no-repeat",
          "background_cover_sc_all_el_submenu_box": "true",
          "background_position_sc_all_el_responsive_menu_box": "center center",
          "background_repeat_sc_all_el_responsive_menu_box": "no-repeat",
          "background_cover_sc_all_el_responsive_menu_box": "true",
          "background_position_sc_all_el_box": "center center",
          "background_repeat_sc_all_el_box": "no-repeat",
          "background_cover_sc_all_el_box": "true",
          "background_position_sc_tablets_el_submenu_box": "center center",
          "background_repeat_sc_tablets_el_submenu_box": "no-repeat",
          "background_cover_sc_tablets_el_submenu_box": "true",
          "background_position_sc_tablets_el_responsive_menu_box": "center center",
          "background_repeat_sc_tablets_el_responsive_menu_box": "no-repeat",
          "background_cover_sc_tablets_el_responsive_menu_box": "true",
          "background_position_sc_tablets_el_box": "center center",
          "background_repeat_sc_tablets_el_box": "no-repeat",
          "background_cover_sc_tablets_el_box": "true",
          "background_position_sc_mobiles_el_submenu_box": "center center",
          "background_repeat_sc_mobiles_el_submenu_box": "no-repeat",
          "background_cover_sc_mobiles_el_submenu_box": "true",
          "background_position_sc_mobiles_el_responsive_menu_box": "center center",
          "background_repeat_sc_mobiles_el_responsive_menu_box": "no-repeat",
          "background_cover_sc_mobiles_el_responsive_menu_box": "true",
          "background_position_sc_mobiles_el_box": "center center",
          "background_repeat_sc_mobiles_el_box": "no-repeat",
          "background_cover_sc_mobiles_el_box": "true",
          "menu": "Menu Language",
          "show_megamenu": "false",
          "desc_item": "false",
          "full_menu": "false",
          "height_100": "true",
          "color_sc_all_el_menu_item": "#ffffff",
          "box_shadow_status_sc_all_el_submenu_box": "false",
          "box_shadow_status_sc_tablets_el_submenu_box": "false",
          "box_shadow_status_sc_mobiles_el_submenu_box": "false",
          "font_size_sc_all_el_menu_item": "14px",
          "text_transform_sc_all_el_menu_item": "capitalize",
          "extra_class": "menu-not-primary menu-sub-right"
        },
        {
          "editor_icon": "fa fa-align-justify",
          "hidden_element": false,
          "name": "menu",
          "uniqueId": "1542270037559",
          "show_mobile_menu": "false",
          "show_parent_arrow": "false",
          "parent_arrow_direction": "bottom",
          "background_position_sc_all_el_submenu_box": "center center",
          "background_repeat_sc_all_el_submenu_box": "no-repeat",
          "background_cover_sc_all_el_submenu_box": "true",
          "background_position_sc_all_el_responsive_menu_box": "center center",
          "background_repeat_sc_all_el_responsive_menu_box": "no-repeat",
          "background_cover_sc_all_el_responsive_menu_box": "true",
          "background_position_sc_all_el_box": "center center",
          "background_repeat_sc_all_el_box": "no-repeat",
          "background_cover_sc_all_el_box": "true",
          "background_position_sc_tablets_el_submenu_box": "center center",
          "background_repeat_sc_tablets_el_submenu_box": "no-repeat",
          "background_cover_sc_tablets_el_submenu_box": "true",
          "background_position_sc_tablets_el_responsive_menu_box": "center center",
          "background_repeat_sc_tablets_el_responsive_menu_box": "no-repeat",
          "background_cover_sc_tablets_el_responsive_menu_box": "true",
          "background_position_sc_tablets_el_box": "center center",
          "background_repeat_sc_tablets_el_box": "no-repeat",
          "background_cover_sc_tablets_el_box": "true",
          "background_position_sc_mobiles_el_submenu_box": "center center",
          "background_repeat_sc_mobiles_el_submenu_box": "no-repeat",
          "background_cover_sc_mobiles_el_submenu_box": "true",
          "background_position_sc_mobiles_el_responsive_menu_box": "center center",
          "background_repeat_sc_mobiles_el_responsive_menu_box": "no-repeat",
          "background_cover_sc_mobiles_el_responsive_menu_box": "true",
          "background_position_sc_mobiles_el_box": "center center",
          "background_repeat_sc_mobiles_el_box": "no-repeat",
          "background_cover_sc_mobiles_el_box": "true",
          "menu": "Menu Currency",
          "show_megamenu": "false",
          "desc_item": "false",
          "full_menu": "false",
          "height_100": "true",
          "box_shadow_status_sc_all_el_submenu_box": "false",
          "box_shadow_status_sc_tablets_el_submenu_box": "false",
          "box_shadow_status_sc_mobiles_el_submenu_box": "false",
          "color_sc_all_el_menu_item": "#ffffff",
          "font_size_sc_all_el_menu_item": "14px",
          "text_transform_sc_all_el_menu_item": "capitalize",
          "extra_class": "menu-not-primary menu-sub-right"
        },
        {
          "editor_icon": "fa fa-align-justify",
          "hidden_element": false,
          "name": "menu",
          "uniqueId": "1542269762004",
          "show_mobile_menu": "false",
          "show_parent_arrow": "false",
          "parent_arrow_direction": "bottom",
          "background_position_sc_all_el_submenu_box": "center center",
          "background_repeat_sc_all_el_submenu_box": "no-repeat",
          "background_cover_sc_all_el_submenu_box": "true",
          "background_position_sc_all_el_responsive_menu_box": "center center",
          "background_repeat_sc_all_el_responsive_menu_box": "no-repeat",
          "background_cover_sc_all_el_responsive_menu_box": "true",
          "background_position_sc_all_el_box": "center center",
          "background_repeat_sc_all_el_box": "no-repeat",
          "background_cover_sc_all_el_box": "true",
          "background_position_sc_tablets_el_submenu_box": "center center",
          "background_repeat_sc_tablets_el_submenu_box": "no-repeat",
          "background_cover_sc_tablets_el_submenu_box": "true",
          "background_position_sc_tablets_el_responsive_menu_box": "center center",
          "background_repeat_sc_tablets_el_responsive_menu_box": "no-repeat",
          "background_cover_sc_tablets_el_responsive_menu_box": "true",
          "background_position_sc_tablets_el_box": "center center",
          "background_repeat_sc_tablets_el_box": "no-repeat",
          "background_cover_sc_tablets_el_box": "true",
          "background_position_sc_mobiles_el_submenu_box": "center center",
          "background_repeat_sc_mobiles_el_submenu_box": "no-repeat",
          "background_cover_sc_mobiles_el_submenu_box": "true",
          "background_position_sc_mobiles_el_responsive_menu_box": "center center",
          "background_repeat_sc_mobiles_el_responsive_menu_box": "no-repeat",
          "background_cover_sc_mobiles_el_responsive_menu_box": "true",
          "background_position_sc_mobiles_el_box": "center center",
          "background_repeat_sc_mobiles_el_box": "no-repeat",
          "background_cover_sc_mobiles_el_box": "true",
          "menu": "FAQ Help",
          "show_megamenu": "false",
          "desc_item": "false",
          "full_menu": "false",
          "height_100": "true",
          "box_shadow_status_sc_all_el_submenu_box": "false",
          "box_shadow_status_sc_tablets_el_submenu_box": "false",
          "box_shadow_status_sc_mobiles_el_submenu_box": "false",
          "color_sc_all_el_menu_item": "#ffffff",
          "text_transform_sc_all_el_menu_item": "capitalize",
          "font_size_sc_all_el_menu_item": "14px",
          "extra_class": "menu-not-primary menu-sub-right"
        }
      ],
      "settings": {
        "element": "header-area",
        "hidden_element": false,
        "uniqueId": "5bebed2c8bd2erow2",
        "container_padd": "true",
        "content_position": "middle",
        "background_position_sc_all_el_background": "center center",
        "background_repeat_sc_all_el_background": "no-repeat",
        "background_cover_sc_all_el_background": "true",
        "background_position_sc_tablets_el_background": "center center",
        "background_repeat_sc_tablets_el_background": "no-repeat",
        "background_cover_sc_tablets_el_background": "true",
        "background_position_sc_mobiles_el_background": "center center",
        "background_repeat_sc_mobiles_el_background": "no-repeat",
        "background_cover_sc_mobiles_el_background": "true",
        "full_container": "true",
        "box_shadow_status_sc_all_el_box": "false",
        "box_shadow_status_sc_tablets_el_box": "false",
        "box_shadow_status_sc_mobiles_el_box": "false",
        "extra_class": "header-area-padding header-v5 header-v5-3",
        "extra_id": "",
        "padding_right_sc_all_el_box": "",
        "padding_left_sc_all_el_box": "",
        "background_color_sc_all_el_background": "#1c34ae",
        "height_sc_all_el_box": "90px"
      },
      "left_settings": {
        "element": "header-column",
        "hidden_element": false,
        "uniqueId": "5bebed2c8bd2erow2left"
      },
      "center_settings": {
        "element": "header-column",
        "hidden_element": false,
        "uniqueId": "5bebed2c8bd2erow2center"
      },
      "right_settings": {
        "element": "header-column",
        "hidden_element": false,
        "uniqueId": "5bebed2c8bd2erow2right"
      }
    },
    "row3": {
      "left": [],
      "center": [],
      "right": [],
      "settings": {
        "element": "header-area",
        "hidden_element": true,
        "uniqueId": "5bebed2c8bd2erow3"
      },
      "left_settings": {
        "element": "header-column",
        "hidden_element": false,
        "uniqueId": "5bebed2c8bd2erow3left"
      },
      "center_settings": {
        "element": "header-column",
        "hidden_element": false,
        "uniqueId": "5bebed2c8bd2erow3center"
      },
      "right_settings": {
        "element": "header-column",
        "hidden_element": false,
        "uniqueId": "5bebed2c8bd2erow3right"
      }
    }
  },
  "tablets-view": {
    "topbar": {
      "left": [],
      "center": [],
      "right": [],
      "settings": {
        "element": "header-area",
        "hidden_element": true,
        "uniqueId": "5bebed2c8bd2etapbar",
        "container_padd": "true",
        "content_position": "middle",
        "background_position_sc_all_el_background": "center center",
        "background_repeat_sc_all_el_background": "no-repeat",
        "background_cover_sc_all_el_background": "true",
        "background_position_sc_tablets_el_background": "center center",
        "background_repeat_sc_tablets_el_background": "no-repeat",
        "background_cover_sc_tablets_el_background": "true",
        "background_position_sc_mobiles_el_background": "center center",
        "background_repeat_sc_mobiles_el_background": "no-repeat",
        "background_cover_sc_mobiles_el_background": "true",
        "full_container": "false",
        "background_color_sc_all_el_background": "#f9f9f9",
        "padding_right_sc_all_el_box": "",
        "padding_left_sc_all_el_box": "",
        "box_shadow_status_sc_all_el_box": "false",
        "box_shadow_status_sc_tablets_el_box": "false",
        "box_shadow_status_sc_mobiles_el_box": "false",
        "padding_top_sc_all_el_box": "12",
        "padding_bottom_sc_all_el_box": "12",
        "extra_class": ""
      },
      "left_settings": {
        "element": "header-column",
        "hidden_element": false,
        "uniqueId": "5bebed2c8bd2etapbarleft"
      },
      "center_settings": {
        "element": "header-column",
        "hidden_element": false,
        "uniqueId": "5bebed2c8bd2etapbarcenter"
      },
      "right_settings": {
        "element": "header-column",
        "hidden_element": false,
        "uniqueId": "5bebed2c8bd2etapbarright"
      }
    },
    "row1": {
      "left": [
        {
          "editor_icon": "fa fa-picture-o",
          "hidden_element": false,
          "name": "logo",
          "uniqueId": "5bebed2c8bd2elogo",
          "type": "image",
          "logo": "",
          "box_shadow_status_sc_all_el_logo": "false",
          "box_shadow_status_sc_tablets_el_logo": "false",
          "box_shadow_status_sc_mobiles_el_logo": "false",
          "width_sc_all_el_logo": "62px"
        }
      ],
      "center": [],
      "right": [
        {
          "editor_icon": "fa fa-shopping-cart",
          "hidden_element": false,
          "name": "cart",
          "uniqueId": "1542189824343",
          "cart_icon": "dl__icon-cart25",
          "tooltip_text": "Tooltip Text",
          "tooltip_position": "tooltip-on-bottom",
          "background_position_sc_all_el_box": "center center",
          "background_repeat_sc_all_el_box": "no-repeat",
          "background_cover_sc_all_el_box": "true",
          "background_position_sc_all_el_products_box": "center center",
          "background_repeat_sc_all_el_products_box": "no-repeat",
          "background_cover_sc_all_el_products_box": "true",
          "background_position_sc_tablets_el_box": "center center",
          "background_repeat_sc_tablets_el_box": "no-repeat",
          "background_cover_sc_tablets_el_box": "true",
          "background_position_sc_tablets_el_products_box": "center center",
          "background_repeat_sc_tablets_el_products_box": "no-repeat",
          "background_cover_sc_tablets_el_products_box": "true",
          "background_position_sc_mobiles_el_box": "center center",
          "background_repeat_sc_mobiles_el_box": "no-repeat",
          "background_cover_sc_mobiles_el_box": "true",
          "background_position_sc_mobiles_el_products_box": "center center",
          "background_repeat_sc_mobiles_el_products_box": "no-repeat",
          "background_cover_sc_mobiles_el_products_box": "true",
          "show_tooltip": "false",
          "width_sc_all_el_box": "40px",
          "color_sc_all_el_icon": "#181818",
          "font_size_sc_all_el_icon": "26px",
          "height_sc_all_el_box": "100%",
          "font_size_sc_tablets_el_icon": "20px"
        },
        {
          "editor_icon": "fa fa-search",
          "hidden_element": true,
          "name": "search",
          "uniqueId": "1542189858866",
          "type": "simple",
          "icon_type": "la",
          "tooltip_text": "Tooltip Text",
          "tooltip_position": "tooltip-on-bottom",
          "text_beside_icon": "",
          "float_sc_all_el_custom_text": "left",
          "background_position_sc_all_el_background": "center center",
          "background_repeat_sc_all_el_background": "no-repeat",
          "background_cover_sc_all_el_background": "true",
          "background_position_sc_all_el_search_form": "center center",
          "background_repeat_sc_all_el_search_form": "no-repeat",
          "background_cover_sc_all_el_search_form": "true",
          "background_position_sc_all_el_search_form_input": "center center",
          "background_repeat_sc_all_el_search_form_input": "no-repeat",
          "background_cover_sc_all_el_search_form_input": "true",
          "background_position_sc_all_el_full_page_search": "center center",
          "background_repeat_sc_all_el_full_page_search": "no-repeat",
          "background_cover_sc_all_el_full_page_search": "true",
          "float_sc_tablets_el_custom_text": "left",
          "background_position_sc_tablets_el_background": "center center",
          "background_repeat_sc_tablets_el_background": "no-repeat",
          "background_cover_sc_tablets_el_background": "true",
          "background_position_sc_tablets_el_search_form": "center center",
          "background_repeat_sc_tablets_el_search_form": "no-repeat",
          "background_cover_sc_tablets_el_search_form": "true",
          "background_position_sc_tablets_el_search_form_input": "center center",
          "background_repeat_sc_tablets_el_search_form_input": "no-repeat",
          "background_cover_sc_tablets_el_search_form_input": "true",
          "background_position_sc_tablets_el_full_page_search": "center center",
          "background_repeat_sc_tablets_el_full_page_search": "no-repeat",
          "background_cover_sc_tablets_el_full_page_search": "true",
          "float_sc_mobiles_el_custom_text": "left",
          "background_position_sc_mobiles_el_background": "center center",
          "background_repeat_sc_mobiles_el_background": "no-repeat",
          "background_cover_sc_mobiles_el_background": "true",
          "background_position_sc_mobiles_el_search_form": "center center",
          "background_repeat_sc_mobiles_el_search_form": "no-repeat",
          "background_cover_sc_mobiles_el_search_form": "true",
          "background_position_sc_mobiles_el_search_form_input": "center center",
          "background_repeat_sc_mobiles_el_search_form_input": "no-repeat",
          "background_cover_sc_mobiles_el_search_form_input": "true",
          "background_position_sc_mobiles_el_full_page_search": "center center",
          "background_repeat_sc_mobiles_el_full_page_search": "no-repeat",
          "background_cover_sc_mobiles_el_full_page_search": "true",
          "show_tooltip": "false",
          "top_arrow": "false",
          "searchbox_icon": "false",
          "box_shadow_status_sc_all_el_search_form": "false",
          "box_shadow_status_sc_tablets_el_search_form": "false",
          "box_shadow_status_sc_mobiles_el_search_form": "false",
          "width_sc_all_el_box": "",
          "background_color_sc_all_el_background": "",
          "background_color_sc_all_el_full_page_search": "#0a0a0a",
          "color_sc_all_el_icon": "#181818",
          "font_size_sc_all_el_icon": "",
          "height_sc_all_el_box": "100%",
          "placeholder_text": "Search Products",
          "extra_class": "search-form-v2 search-icon-primary",
          "is_product_search": "false"
        },
        {
          "editor_icon": "fa fa-align-justify",
          "hidden_element": true,
          "name": "menu",
          "uniqueId": "1542272260012",
          "show_mobile_menu": "false",
          "show_parent_arrow": "false",
          "parent_arrow_direction": "bottom",
          "background_position_sc_all_el_submenu_box": "center center",
          "background_repeat_sc_all_el_submenu_box": "no-repeat",
          "background_cover_sc_all_el_submenu_box": "true",
          "background_position_sc_all_el_responsive_menu_box": "center center",
          "background_repeat_sc_all_el_responsive_menu_box": "no-repeat",
          "background_cover_sc_all_el_responsive_menu_box": "true",
          "background_position_sc_all_el_box": "center center",
          "background_repeat_sc_all_el_box": "no-repeat",
          "background_cover_sc_all_el_box": "true",
          "background_position_sc_tablets_el_submenu_box": "center center",
          "background_repeat_sc_tablets_el_submenu_box": "no-repeat",
          "background_cover_sc_tablets_el_submenu_box": "true",
          "background_position_sc_tablets_el_responsive_menu_box": "center center",
          "background_repeat_sc_tablets_el_responsive_menu_box": "no-repeat",
          "background_cover_sc_tablets_el_responsive_menu_box": "true",
          "background_position_sc_tablets_el_box": "center center",
          "background_repeat_sc_tablets_el_box": "no-repeat",
          "background_cover_sc_tablets_el_box": "true",
          "background_position_sc_mobiles_el_submenu_box": "center center",
          "background_repeat_sc_mobiles_el_submenu_box": "no-repeat",
          "background_cover_sc_mobiles_el_submenu_box": "true",
          "background_position_sc_mobiles_el_responsive_menu_box": "center center",
          "background_repeat_sc_mobiles_el_responsive_menu_box": "no-repeat",
          "background_cover_sc_mobiles_el_responsive_menu_box": "true",
          "background_position_sc_mobiles_el_box": "center center",
          "background_repeat_sc_mobiles_el_box": "no-repeat",
          "background_cover_sc_mobiles_el_box": "true",
          "menu": "My Account",
          "show_megamenu": "false",
          "desc_item": "false",
          "full_menu": "false",
          "height_100": "false",
          "box_shadow_status_sc_all_el_submenu_box": "false",
          "box_shadow_status_sc_tablets_el_submenu_box": "false",
          "box_shadow_status_sc_mobiles_el_submenu_box": "false",
          "extra_class": "hidden-text-menu menu-account-header-v5 menu-not-primary menu-sub-right",
          "font_size_sc_all_el_menu_item": "26px",
          "color_sc_all_el_menu_icon": "#181818",
          "font_size_sc_all_el_menu_icon": "26px"
        },
        {
          "editor_icon": "fa fa-search",
          "hidden_element": false,
          "name": "search",
          "uniqueId": "1542430148249",
          "type": "full",
          "icon_type": "la",
          "tooltip_text": "Tooltip Text",
          "tooltip_position": "tooltip-on-bottom",
          "text_beside_icon": "Search",
          "float_sc_all_el_custom_text": "left",
          "background_position_sc_all_el_background": "center center",
          "background_repeat_sc_all_el_background": "no-repeat",
          "background_cover_sc_all_el_background": "true",
          "background_position_sc_all_el_search_form": "center center",
          "background_repeat_sc_all_el_search_form": "no-repeat",
          "background_cover_sc_all_el_search_form": "true",
          "background_position_sc_all_el_search_form_input": "center center",
          "background_repeat_sc_all_el_search_form_input": "no-repeat",
          "background_cover_sc_all_el_search_form_input": "true",
          "background_position_sc_all_el_full_page_search": "center center",
          "background_repeat_sc_all_el_full_page_search": "no-repeat",
          "background_cover_sc_all_el_full_page_search": "true",
          "float_sc_tablets_el_custom_text": "left",
          "background_position_sc_tablets_el_background": "center center",
          "background_repeat_sc_tablets_el_background": "no-repeat",
          "background_cover_sc_tablets_el_background": "true",
          "background_position_sc_tablets_el_search_form": "center center",
          "background_repeat_sc_tablets_el_search_form": "no-repeat",
          "background_cover_sc_tablets_el_search_form": "true",
          "background_position_sc_tablets_el_search_form_input": "center center",
          "background_repeat_sc_tablets_el_search_form_input": "no-repeat",
          "background_cover_sc_tablets_el_search_form_input": "true",
          "background_position_sc_tablets_el_full_page_search": "center center",
          "background_repeat_sc_tablets_el_full_page_search": "no-repeat",
          "background_cover_sc_tablets_el_full_page_search": "true",
          "float_sc_mobiles_el_custom_text": "left",
          "background_position_sc_mobiles_el_background": "center center",
          "background_repeat_sc_mobiles_el_background": "no-repeat",
          "background_cover_sc_mobiles_el_background": "true",
          "background_position_sc_mobiles_el_search_form": "center center",
          "background_repeat_sc_mobiles_el_search_form": "no-repeat",
          "background_cover_sc_mobiles_el_search_form": "true",
          "background_position_sc_mobiles_el_search_form_input": "center center",
          "background_repeat_sc_mobiles_el_search_form_input": "no-repeat",
          "background_cover_sc_mobiles_el_search_form_input": "true",
          "background_position_sc_mobiles_el_full_page_search": "center center",
          "background_repeat_sc_mobiles_el_full_page_search": "no-repeat",
          "background_cover_sc_mobiles_el_full_page_search": "true",
          "is_product_search": "true",
          "show_tooltip": "false",
          "top_arrow": "false",
          "searchbox_icon": "false",
          "box_shadow_status_sc_all_el_search_form": "false",
          "box_shadow_status_sc_tablets_el_search_form": "false",
          "box_shadow_status_sc_mobiles_el_search_form": "false",
          "color_sc_tablets_el_icon": "#181818",
          "font_size_sc_tablets_el_icon": "20px",
          "margin_right_sc_tablets_el_box": "10",
          "margin_left_sc_tablets_el_box": "10"
        },
        {
          "editor_icon": "fa fa-align-justify",
          "hidden_element": false,
          "name": "menu",
          "uniqueId": "1542269103408",
          "show_mobile_menu": "true",
          "show_parent_arrow": "true",
          "parent_arrow_direction": "bottom",
          "background_position_sc_all_el_submenu_box": "center center",
          "background_repeat_sc_all_el_submenu_box": "no-repeat",
          "background_cover_sc_all_el_submenu_box": "true",
          "background_position_sc_all_el_responsive_menu_box": "center center",
          "background_repeat_sc_all_el_responsive_menu_box": "no-repeat",
          "background_cover_sc_all_el_responsive_menu_box": "true",
          "background_position_sc_all_el_box": "center center",
          "background_repeat_sc_all_el_box": "no-repeat",
          "background_cover_sc_all_el_box": "true",
          "background_position_sc_tablets_el_submenu_box": "center center",
          "background_repeat_sc_tablets_el_submenu_box": "no-repeat",
          "background_cover_sc_tablets_el_submenu_box": "true",
          "background_position_sc_tablets_el_responsive_menu_box": "center center",
          "background_repeat_sc_tablets_el_responsive_menu_box": "no-repeat",
          "background_cover_sc_tablets_el_responsive_menu_box": "true",
          "background_position_sc_tablets_el_box": "center center",
          "background_repeat_sc_tablets_el_box": "no-repeat",
          "background_cover_sc_tablets_el_box": "true",
          "background_position_sc_mobiles_el_submenu_box": "center center",
          "background_repeat_sc_mobiles_el_submenu_box": "no-repeat",
          "background_cover_sc_mobiles_el_submenu_box": "true",
          "background_position_sc_mobiles_el_responsive_menu_box": "center center",
          "background_repeat_sc_mobiles_el_responsive_menu_box": "no-repeat",
          "background_cover_sc_mobiles_el_responsive_menu_box": "true",
          "background_position_sc_mobiles_el_box": "center center",
          "background_repeat_sc_mobiles_el_box": "no-repeat",
          "background_cover_sc_mobiles_el_box": "true",
          "menu": "Primary Navigation",
          "show_megamenu": "true",
          "desc_item": "false",
          "full_menu": "false",
          "height_100": "true",
          "box_shadow_status_sc_all_el_submenu_box": "false",
          "box_shadow_status_sc_tablets_el_submenu_box": "false",
          "box_shadow_status_sc_mobiles_el_submenu_box": "false",
          "color_sc_all_el_menu_item": "#ffffff",
          "font_weight_sc_all_el_menu_item": "400",
          "text_transform_sc_all_el_menu_item": "capitalize"
        },
        {
          "editor_icon": "fa fa-font",
          "hidden_element": true,
          "name": "text",
          "uniqueId": "1542272640098",
          "text": "<i class='fa fa-heart-o'><\/i>",
          "background_position_sc_all_el_background": "center center",
          "background_repeat_sc_all_el_background": "no-repeat",
          "background_cover_sc_all_el_background": "true",
          "background_position_sc_tablets_el_background": "center center",
          "background_repeat_sc_tablets_el_background": "no-repeat",
          "background_cover_sc_tablets_el_background": "true",
          "background_position_sc_mobiles_el_background": "center center",
          "background_repeat_sc_mobiles_el_background": "no-repeat",
          "background_cover_sc_mobiles_el_background": "true",
          "is_shortcode": "false",
          "link": "https:\/\/moren.la-studioweb.com\/wishlist\/",
          "link_new_tab": "false",
          "color_sc_all_el_text": "#181818",
          "font_size_sc_all_el_text": "26px"
        }
      ],
      "settings": {
        "element": "header-area",
        "hidden_element": false,
        "uniqueId": "5bebed2c8bd2erow1",
        "header_type": "horizontal",
        "container_padd": "true",
        "content_position": "middle",
        "background_position_sc_all_el_background": "center center",
        "background_repeat_sc_all_el_background": "no-repeat",
        "background_cover_sc_all_el_background": "true",
        "background_position_sc_tablets_el_background": "center center",
        "background_repeat_sc_tablets_el_background": "no-repeat",
        "background_cover_sc_tablets_el_background": "true",
        "background_position_sc_mobiles_el_background": "center center",
        "background_repeat_sc_mobiles_el_background": "no-repeat",
        "background_cover_sc_mobiles_el_background": "true",
        "full_container": "true",
        "padding_right_sc_all_el_box": "",
        "padding_left_sc_all_el_box": "",
        "box_shadow_status_sc_all_el_box": "false",
        "box_shadow_status_sc_tablets_el_box": "false",
        "box_shadow_status_sc_mobiles_el_box": "false",
        "extra_class": "header-area-padding  header-v5 header-v5-2",
        "height_sc_all_el_box": "140px",
        "background_color_sc_tablets_el_background": "#ffffff",
        "background_color_sc_mobiles_el_background": "#ffffff"
      },
      "left_settings": {
        "element": "header-column",
        "hidden_element": false,
        "uniqueId": "5bebed2c8bd2erow1left"
      },
      "center_settings": {
        "element": "header-column",
        "hidden_element": false,
        "uniqueId": "5bebed2c8bd2erow1center"
      },
      "right_settings": {
        "element": "header-column",
        "hidden_element": false,
        "uniqueId": "5bebed2c8bd2erow1right"
      }
    },
    "row2": {
      "left": [
        {
          "editor_icon": "fa fa-align-justify",
          "hidden_element": false,
          "name": "menu",
          "uniqueId": "1542269016512",
          "show_mobile_menu": "false",
          "show_parent_arrow": "false",
          "parent_arrow_direction": "bottom",
          "background_position_sc_all_el_submenu_box": "center center",
          "background_repeat_sc_all_el_submenu_box": "no-repeat",
          "background_cover_sc_all_el_submenu_box": "true",
          "background_position_sc_all_el_responsive_menu_box": "center center",
          "background_repeat_sc_all_el_responsive_menu_box": "no-repeat",
          "background_cover_sc_all_el_responsive_menu_box": "true",
          "background_position_sc_all_el_box": "center center",
          "background_repeat_sc_all_el_box": "no-repeat",
          "background_cover_sc_all_el_box": "true",
          "background_position_sc_tablets_el_submenu_box": "center center",
          "background_repeat_sc_tablets_el_submenu_box": "no-repeat",
          "background_cover_sc_tablets_el_submenu_box": "true",
          "background_position_sc_tablets_el_responsive_menu_box": "center center",
          "background_repeat_sc_tablets_el_responsive_menu_box": "no-repeat",
          "background_cover_sc_tablets_el_responsive_menu_box": "true",
          "background_position_sc_tablets_el_box": "center center",
          "background_repeat_sc_tablets_el_box": "no-repeat",
          "background_cover_sc_tablets_el_box": "true",
          "background_position_sc_mobiles_el_submenu_box": "center center",
          "background_repeat_sc_mobiles_el_submenu_box": "no-repeat",
          "background_cover_sc_mobiles_el_submenu_box": "true",
          "background_position_sc_mobiles_el_responsive_menu_box": "center center",
          "background_repeat_sc_mobiles_el_responsive_menu_box": "no-repeat",
          "background_cover_sc_mobiles_el_responsive_menu_box": "true",
          "background_position_sc_mobiles_el_box": "center center",
          "background_repeat_sc_mobiles_el_box": "no-repeat",
          "background_cover_sc_mobiles_el_box": "true",
          "menu": "Menu Vertical",
          "show_megamenu": "false",
          "desc_item": "false",
          "full_menu": "false",
          "height_100": "true",
          "box_shadow_status_sc_all_el_submenu_box": "false",
          "box_shadow_status_sc_tablets_el_submenu_box": "false",
          "box_shadow_status_sc_mobiles_el_submenu_box": "false",
          "font_size_sc_all_el_menu_item": "18px",
          "text_transform_sc_all_el_menu_item": "capitalize",
          "color_sc_all_el_menu_item": "#ffffff",
          "extra_class": "menu-not-primary menu-vertical",
          "text_transform_sc_all_el_current_menu_item": "capitalize"
        }
      ],
      "center": [],
      "right": [
        {
          "editor_icon": "fa fa-align-justify",
          "hidden_element": false,
          "name": "menu",
          "uniqueId": "1542269762004",
          "show_mobile_menu": "false",
          "show_parent_arrow": "false",
          "parent_arrow_direction": "bottom",
          "background_position_sc_all_el_submenu_box": "center center",
          "background_repeat_sc_all_el_submenu_box": "no-repeat",
          "background_cover_sc_all_el_submenu_box": "true",
          "background_position_sc_all_el_responsive_menu_box": "center center",
          "background_repeat_sc_all_el_responsive_menu_box": "no-repeat",
          "background_cover_sc_all_el_responsive_menu_box": "true",
          "background_position_sc_all_el_box": "center center",
          "background_repeat_sc_all_el_box": "no-repeat",
          "background_cover_sc_all_el_box": "true",
          "background_position_sc_tablets_el_submenu_box": "center center",
          "background_repeat_sc_tablets_el_submenu_box": "no-repeat",
          "background_cover_sc_tablets_el_submenu_box": "true",
          "background_position_sc_tablets_el_responsive_menu_box": "center center",
          "background_repeat_sc_tablets_el_responsive_menu_box": "no-repeat",
          "background_cover_sc_tablets_el_responsive_menu_box": "true",
          "background_position_sc_tablets_el_box": "center center",
          "background_repeat_sc_tablets_el_box": "no-repeat",
          "background_cover_sc_tablets_el_box": "true",
          "background_position_sc_mobiles_el_submenu_box": "center center",
          "background_repeat_sc_mobiles_el_submenu_box": "no-repeat",
          "background_cover_sc_mobiles_el_submenu_box": "true",
          "background_position_sc_mobiles_el_responsive_menu_box": "center center",
          "background_repeat_sc_mobiles_el_responsive_menu_box": "no-repeat",
          "background_cover_sc_mobiles_el_responsive_menu_box": "true",
          "background_position_sc_mobiles_el_box": "center center",
          "background_repeat_sc_mobiles_el_box": "no-repeat",
          "background_cover_sc_mobiles_el_box": "true",
          "menu": "FAQ Help",
          "show_megamenu": "false",
          "desc_item": "false",
          "full_menu": "false",
          "height_100": "true",
          "box_shadow_status_sc_all_el_submenu_box": "false",
          "box_shadow_status_sc_tablets_el_submenu_box": "false",
          "box_shadow_status_sc_mobiles_el_submenu_box": "false",
          "color_sc_all_el_menu_item": "#ffffff",
          "text_transform_sc_all_el_menu_item": "capitalize",
          "font_size_sc_all_el_menu_item": "14px",
          "extra_class": "menu-not-primary menu-sub-right"
        },
        {
          "editor_icon": "fa fa-align-justify",
          "hidden_element": false,
          "name": "menu",
          "uniqueId": "1542270037559",
          "show_mobile_menu": "false",
          "show_parent_arrow": "false",
          "parent_arrow_direction": "bottom",
          "background_position_sc_all_el_submenu_box": "center center",
          "background_repeat_sc_all_el_submenu_box": "no-repeat",
          "background_cover_sc_all_el_submenu_box": "true",
          "background_position_sc_all_el_responsive_menu_box": "center center",
          "background_repeat_sc_all_el_responsive_menu_box": "no-repeat",
          "background_cover_sc_all_el_responsive_menu_box": "true",
          "background_position_sc_all_el_box": "center center",
          "background_repeat_sc_all_el_box": "no-repeat",
          "background_cover_sc_all_el_box": "true",
          "background_position_sc_tablets_el_submenu_box": "center center",
          "background_repeat_sc_tablets_el_submenu_box": "no-repeat",
          "background_cover_sc_tablets_el_submenu_box": "true",
          "background_position_sc_tablets_el_responsive_menu_box": "center center",
          "background_repeat_sc_tablets_el_responsive_menu_box": "no-repeat",
          "background_cover_sc_tablets_el_responsive_menu_box": "true",
          "background_position_sc_tablets_el_box": "center center",
          "background_repeat_sc_tablets_el_box": "no-repeat",
          "background_cover_sc_tablets_el_box": "true",
          "background_position_sc_mobiles_el_submenu_box": "center center",
          "background_repeat_sc_mobiles_el_submenu_box": "no-repeat",
          "background_cover_sc_mobiles_el_submenu_box": "true",
          "background_position_sc_mobiles_el_responsive_menu_box": "center center",
          "background_repeat_sc_mobiles_el_responsive_menu_box": "no-repeat",
          "background_cover_sc_mobiles_el_responsive_menu_box": "true",
          "background_position_sc_mobiles_el_box": "center center",
          "background_repeat_sc_mobiles_el_box": "no-repeat",
          "background_cover_sc_mobiles_el_box": "true",
          "menu": "Menu Currency",
          "show_megamenu": "false",
          "desc_item": "false",
          "full_menu": "false",
          "height_100": "true",
          "box_shadow_status_sc_all_el_submenu_box": "false",
          "box_shadow_status_sc_tablets_el_submenu_box": "false",
          "box_shadow_status_sc_mobiles_el_submenu_box": "false",
          "color_sc_all_el_menu_item": "#ffffff",
          "font_size_sc_all_el_menu_item": "14px",
          "text_transform_sc_all_el_menu_item": "capitalize",
          "extra_class": "menu-not-primary menu-sub-right"
        },
        {
          "editor_icon": "fa fa-align-justify",
          "hidden_element": false,
          "name": "menu",
          "uniqueId": "1542270060618",
          "show_mobile_menu": "false",
          "show_parent_arrow": "false",
          "parent_arrow_direction": "bottom",
          "background_position_sc_all_el_submenu_box": "center center",
          "background_repeat_sc_all_el_submenu_box": "no-repeat",
          "background_cover_sc_all_el_submenu_box": "true",
          "background_position_sc_all_el_responsive_menu_box": "center center",
          "background_repeat_sc_all_el_responsive_menu_box": "no-repeat",
          "background_cover_sc_all_el_responsive_menu_box": "true",
          "background_position_sc_all_el_box": "center center",
          "background_repeat_sc_all_el_box": "no-repeat",
          "background_cover_sc_all_el_box": "true",
          "background_position_sc_tablets_el_submenu_box": "center center",
          "background_repeat_sc_tablets_el_submenu_box": "no-repeat",
          "background_cover_sc_tablets_el_submenu_box": "true",
          "background_position_sc_tablets_el_responsive_menu_box": "center center",
          "background_repeat_sc_tablets_el_responsive_menu_box": "no-repeat",
          "background_cover_sc_tablets_el_responsive_menu_box": "true",
          "background_position_sc_tablets_el_box": "center center",
          "background_repeat_sc_tablets_el_box": "no-repeat",
          "background_cover_sc_tablets_el_box": "true",
          "background_position_sc_mobiles_el_submenu_box": "center center",
          "background_repeat_sc_mobiles_el_submenu_box": "no-repeat",
          "background_cover_sc_mobiles_el_submenu_box": "true",
          "background_position_sc_mobiles_el_responsive_menu_box": "center center",
          "background_repeat_sc_mobiles_el_responsive_menu_box": "no-repeat",
          "background_cover_sc_mobiles_el_responsive_menu_box": "true",
          "background_position_sc_mobiles_el_box": "center center",
          "background_repeat_sc_mobiles_el_box": "no-repeat",
          "background_cover_sc_mobiles_el_box": "true",
          "menu": "Menu Language",
          "show_megamenu": "false",
          "desc_item": "false",
          "full_menu": "false",
          "height_100": "true",
          "color_sc_all_el_menu_item": "#ffffff",
          "box_shadow_status_sc_all_el_submenu_box": "false",
          "box_shadow_status_sc_tablets_el_submenu_box": "false",
          "box_shadow_status_sc_mobiles_el_submenu_box": "false",
          "font_size_sc_all_el_menu_item": "14px",
          "text_transform_sc_all_el_menu_item": "capitalize",
          "extra_class": "menu-not-primary menu-sub-right"
        }
      ],
      "settings": {
        "element": "header-area",
        "hidden_element": true,
        "uniqueId": "5bebed2c8bd2erow2",
        "container_padd": "true",
        "content_position": "middle",
        "background_position_sc_all_el_background": "center center",
        "background_repeat_sc_all_el_background": "no-repeat",
        "background_cover_sc_all_el_background": "true",
        "background_position_sc_tablets_el_background": "center center",
        "background_repeat_sc_tablets_el_background": "no-repeat",
        "background_cover_sc_tablets_el_background": "true",
        "background_position_sc_mobiles_el_background": "center center",
        "background_repeat_sc_mobiles_el_background": "no-repeat",
        "background_cover_sc_mobiles_el_background": "true",
        "full_container": "true",
        "box_shadow_status_sc_all_el_box": "false",
        "box_shadow_status_sc_tablets_el_box": "false",
        "box_shadow_status_sc_mobiles_el_box": "false",
        "extra_class": "header-area-padding header-v5 header-v5-3",
        "extra_id": "",
        "padding_right_sc_all_el_box": "",
        "padding_left_sc_all_el_box": "",
        "background_color_sc_all_el_background": "#1c34ae",
        "height_sc_all_el_box": "90px"
      },
      "left_settings": {
        "element": "header-column",
        "hidden_element": false,
        "uniqueId": "5bebed2c8bd2erow2left"
      },
      "center_settings": {
        "element": "header-column",
        "hidden_element": false,
        "uniqueId": "5bebed2c8bd2erow2center"
      },
      "right_settings": {
        "element": "header-column",
        "hidden_element": false,
        "uniqueId": "5bebed2c8bd2erow2right"
      }
    },
    "row3": {
      "left": [],
      "center": [],
      "right": [],
      "settings": {
        "element": "header-area",
        "hidden_element": true,
        "uniqueId": "5bebed2c8bd2erow3"
      },
      "left_settings": {
        "element": "header-column",
        "hidden_element": false,
        "uniqueId": "5bebed2c8bd2erow3left"
      },
      "center_settings": {
        "element": "header-column",
        "hidden_element": false,
        "uniqueId": "5bebed2c8bd2erow3center"
      },
      "right_settings": {
        "element": "header-column",
        "hidden_element": false,
        "uniqueId": "5bebed2c8bd2erow3right"
      }
    }
  },
  "mobiles-view": {
    "topbar": {
      "left": [],
      "center": [],
      "right": [],
      "settings": {
        "element": "header-area",
        "hidden_element": true,
        "uniqueId": "5bebed2c8bd2etapbar",
        "container_padd": "true",
        "content_position": "middle",
        "background_position_sc_all_el_background": "center center",
        "background_repeat_sc_all_el_background": "no-repeat",
        "background_cover_sc_all_el_background": "true",
        "background_position_sc_tablets_el_background": "center center",
        "background_repeat_sc_tablets_el_background": "no-repeat",
        "background_cover_sc_tablets_el_background": "true",
        "background_position_sc_mobiles_el_background": "center center",
        "background_repeat_sc_mobiles_el_background": "no-repeat",
        "background_cover_sc_mobiles_el_background": "true",
        "full_container": "false",
        "background_color_sc_all_el_background": "#f9f9f9",
        "padding_right_sc_all_el_box": "",
        "padding_left_sc_all_el_box": "",
        "box_shadow_status_sc_all_el_box": "false",
        "box_shadow_status_sc_tablets_el_box": "false",
        "box_shadow_status_sc_mobiles_el_box": "false",
        "padding_top_sc_all_el_box": "12",
        "padding_bottom_sc_all_el_box": "12",
        "extra_class": ""
      },
      "left_settings": {
        "element": "header-column",
        "hidden_element": false,
        "uniqueId": "5bebed2c8bd2etapbarleft"
      },
      "center_settings": {
        "element": "header-column",
        "hidden_element": false,
        "uniqueId": "5bebed2c8bd2etapbarcenter"
      },
      "right_settings": {
        "element": "header-column",
        "hidden_element": false,
        "uniqueId": "5bebed2c8bd2etapbarright"
      }
    },
    "row1": {
      "left": [
        {
          "editor_icon": "fa fa-picture-o",
          "hidden_element": false,
          "name": "logo",
          "uniqueId": "5bebed2c8bd2elogo",
          "type": "image",
          "logo": "",
          "box_shadow_status_sc_all_el_logo": "false",
          "box_shadow_status_sc_tablets_el_logo": "false",
          "box_shadow_status_sc_mobiles_el_logo": "false",
          "width_sc_all_el_logo": "62px"
        }
      ],
      "center": [],
      "right": [
        {
          "editor_icon": "fa fa-shopping-cart",
          "hidden_element": false,
          "name": "cart",
          "uniqueId": "1542189824343",
          "cart_icon": "dl__icon-cart25",
          "tooltip_text": "Tooltip Text",
          "tooltip_position": "tooltip-on-bottom",
          "background_position_sc_all_el_box": "center center",
          "background_repeat_sc_all_el_box": "no-repeat",
          "background_cover_sc_all_el_box": "true",
          "background_position_sc_all_el_products_box": "center center",
          "background_repeat_sc_all_el_products_box": "no-repeat",
          "background_cover_sc_all_el_products_box": "true",
          "background_position_sc_tablets_el_box": "center center",
          "background_repeat_sc_tablets_el_box": "no-repeat",
          "background_cover_sc_tablets_el_box": "true",
          "background_position_sc_tablets_el_products_box": "center center",
          "background_repeat_sc_tablets_el_products_box": "no-repeat",
          "background_cover_sc_tablets_el_products_box": "true",
          "background_position_sc_mobiles_el_box": "center center",
          "background_repeat_sc_mobiles_el_box": "no-repeat",
          "background_cover_sc_mobiles_el_box": "true",
          "background_position_sc_mobiles_el_products_box": "center center",
          "background_repeat_sc_mobiles_el_products_box": "no-repeat",
          "background_cover_sc_mobiles_el_products_box": "true",
          "show_tooltip": "false",
          "width_sc_all_el_box": "40px",
          "color_sc_all_el_icon": "#181818",
          "font_size_sc_all_el_icon": "26px",
          "height_sc_all_el_box": "100%",
          "font_size_sc_tablets_el_icon": "20px"
        },
        {
          "editor_icon": "fa fa-search",
          "hidden_element": false,
          "name": "search",
          "uniqueId": "1542430148249",
          "type": "full",
          "icon_type": "la",
          "tooltip_text": "Tooltip Text",
          "tooltip_position": "tooltip-on-bottom",
          "text_beside_icon": "Search",
          "float_sc_all_el_custom_text": "left",
          "background_position_sc_all_el_background": "center center",
          "background_repeat_sc_all_el_background": "no-repeat",
          "background_cover_sc_all_el_background": "true",
          "background_position_sc_all_el_search_form": "center center",
          "background_repeat_sc_all_el_search_form": "no-repeat",
          "background_cover_sc_all_el_search_form": "true",
          "background_position_sc_all_el_search_form_input": "center center",
          "background_repeat_sc_all_el_search_form_input": "no-repeat",
          "background_cover_sc_all_el_search_form_input": "true",
          "background_position_sc_all_el_full_page_search": "center center",
          "background_repeat_sc_all_el_full_page_search": "no-repeat",
          "background_cover_sc_all_el_full_page_search": "true",
          "float_sc_tablets_el_custom_text": "left",
          "background_position_sc_tablets_el_background": "center center",
          "background_repeat_sc_tablets_el_background": "no-repeat",
          "background_cover_sc_tablets_el_background": "true",
          "background_position_sc_tablets_el_search_form": "center center",
          "background_repeat_sc_tablets_el_search_form": "no-repeat",
          "background_cover_sc_tablets_el_search_form": "true",
          "background_position_sc_tablets_el_search_form_input": "center center",
          "background_repeat_sc_tablets_el_search_form_input": "no-repeat",
          "background_cover_sc_tablets_el_search_form_input": "true",
          "background_position_sc_tablets_el_full_page_search": "center center",
          "background_repeat_sc_tablets_el_full_page_search": "no-repeat",
          "background_cover_sc_tablets_el_full_page_search": "true",
          "float_sc_mobiles_el_custom_text": "left",
          "background_position_sc_mobiles_el_background": "center center",
          "background_repeat_sc_mobiles_el_background": "no-repeat",
          "background_cover_sc_mobiles_el_background": "true",
          "background_position_sc_mobiles_el_search_form": "center center",
          "background_repeat_sc_mobiles_el_search_form": "no-repeat",
          "background_cover_sc_mobiles_el_search_form": "true",
          "background_position_sc_mobiles_el_search_form_input": "center center",
          "background_repeat_sc_mobiles_el_search_form_input": "no-repeat",
          "background_cover_sc_mobiles_el_search_form_input": "true",
          "background_position_sc_mobiles_el_full_page_search": "center center",
          "background_repeat_sc_mobiles_el_full_page_search": "no-repeat",
          "background_cover_sc_mobiles_el_full_page_search": "true",
          "is_product_search": "true",
          "show_tooltip": "false",
          "top_arrow": "false",
          "searchbox_icon": "false",
          "box_shadow_status_sc_all_el_search_form": "false",
          "box_shadow_status_sc_tablets_el_search_form": "false",
          "box_shadow_status_sc_mobiles_el_search_form": "false",
          "color_sc_tablets_el_icon": "#181818",
          "font_size_sc_tablets_el_icon": "20px",
          "margin_right_sc_tablets_el_box": "10",
          "margin_left_sc_tablets_el_box": "10"
        },
        {
          "editor_icon": "fa fa-align-justify",
          "hidden_element": false,
          "name": "menu",
          "uniqueId": "1542269103408",
          "show_mobile_menu": "true",
          "show_parent_arrow": "true",
          "parent_arrow_direction": "bottom",
          "background_position_sc_all_el_submenu_box": "center center",
          "background_repeat_sc_all_el_submenu_box": "no-repeat",
          "background_cover_sc_all_el_submenu_box": "true",
          "background_position_sc_all_el_responsive_menu_box": "center center",
          "background_repeat_sc_all_el_responsive_menu_box": "no-repeat",
          "background_cover_sc_all_el_responsive_menu_box": "true",
          "background_position_sc_all_el_box": "center center",
          "background_repeat_sc_all_el_box": "no-repeat",
          "background_cover_sc_all_el_box": "true",
          "background_position_sc_tablets_el_submenu_box": "center center",
          "background_repeat_sc_tablets_el_submenu_box": "no-repeat",
          "background_cover_sc_tablets_el_submenu_box": "true",
          "background_position_sc_tablets_el_responsive_menu_box": "center center",
          "background_repeat_sc_tablets_el_responsive_menu_box": "no-repeat",
          "background_cover_sc_tablets_el_responsive_menu_box": "true",
          "background_position_sc_tablets_el_box": "center center",
          "background_repeat_sc_tablets_el_box": "no-repeat",
          "background_cover_sc_tablets_el_box": "true",
          "background_position_sc_mobiles_el_submenu_box": "center center",
          "background_repeat_sc_mobiles_el_submenu_box": "no-repeat",
          "background_cover_sc_mobiles_el_submenu_box": "true",
          "background_position_sc_mobiles_el_responsive_menu_box": "center center",
          "background_repeat_sc_mobiles_el_responsive_menu_box": "no-repeat",
          "background_cover_sc_mobiles_el_responsive_menu_box": "true",
          "background_position_sc_mobiles_el_box": "center center",
          "background_repeat_sc_mobiles_el_box": "no-repeat",
          "background_cover_sc_mobiles_el_box": "true",
          "menu": "Primary Navigation",
          "show_megamenu": "true",
          "desc_item": "false",
          "full_menu": "false",
          "height_100": "true",
          "box_shadow_status_sc_all_el_submenu_box": "false",
          "box_shadow_status_sc_tablets_el_submenu_box": "false",
          "box_shadow_status_sc_mobiles_el_submenu_box": "false",
          "color_sc_all_el_menu_item": "#ffffff",
          "font_weight_sc_all_el_menu_item": "400",
          "text_transform_sc_all_el_menu_item": "capitalize"
        },
        {
          "editor_icon": "fa fa-align-justify",
          "hidden_element": true,
          "name": "menu",
          "uniqueId": "1542272260012",
          "show_mobile_menu": "false",
          "show_parent_arrow": "false",
          "parent_arrow_direction": "bottom",
          "background_position_sc_all_el_submenu_box": "center center",
          "background_repeat_sc_all_el_submenu_box": "no-repeat",
          "background_cover_sc_all_el_submenu_box": "true",
          "background_position_sc_all_el_responsive_menu_box": "center center",
          "background_repeat_sc_all_el_responsive_menu_box": "no-repeat",
          "background_cover_sc_all_el_responsive_menu_box": "true",
          "background_position_sc_all_el_box": "center center",
          "background_repeat_sc_all_el_box": "no-repeat",
          "background_cover_sc_all_el_box": "true",
          "background_position_sc_tablets_el_submenu_box": "center center",
          "background_repeat_sc_tablets_el_submenu_box": "no-repeat",
          "background_cover_sc_tablets_el_submenu_box": "true",
          "background_position_sc_tablets_el_responsive_menu_box": "center center",
          "background_repeat_sc_tablets_el_responsive_menu_box": "no-repeat",
          "background_cover_sc_tablets_el_responsive_menu_box": "true",
          "background_position_sc_tablets_el_box": "center center",
          "background_repeat_sc_tablets_el_box": "no-repeat",
          "background_cover_sc_tablets_el_box": "true",
          "background_position_sc_mobiles_el_submenu_box": "center center",
          "background_repeat_sc_mobiles_el_submenu_box": "no-repeat",
          "background_cover_sc_mobiles_el_submenu_box": "true",
          "background_position_sc_mobiles_el_responsive_menu_box": "center center",
          "background_repeat_sc_mobiles_el_responsive_menu_box": "no-repeat",
          "background_cover_sc_mobiles_el_responsive_menu_box": "true",
          "background_position_sc_mobiles_el_box": "center center",
          "background_repeat_sc_mobiles_el_box": "no-repeat",
          "background_cover_sc_mobiles_el_box": "true",
          "menu": "My Account",
          "show_megamenu": "false",
          "desc_item": "false",
          "full_menu": "false",
          "height_100": "false",
          "box_shadow_status_sc_all_el_submenu_box": "false",
          "box_shadow_status_sc_tablets_el_submenu_box": "false",
          "box_shadow_status_sc_mobiles_el_submenu_box": "false",
          "extra_class": "hidden-text-menu menu-account-header-v5 menu-not-primary menu-sub-right",
          "font_size_sc_all_el_menu_item": "26px",
          "color_sc_all_el_menu_icon": "#181818",
          "font_size_sc_all_el_menu_icon": "26px"
        },
        {
          "editor_icon": "fa fa-font",
          "hidden_element": true,
          "name": "text",
          "uniqueId": "1542272640098",
          "text": "<i class='fa fa-heart-o'><\/i>",
          "background_position_sc_all_el_background": "center center",
          "background_repeat_sc_all_el_background": "no-repeat",
          "background_cover_sc_all_el_background": "true",
          "background_position_sc_tablets_el_background": "center center",
          "background_repeat_sc_tablets_el_background": "no-repeat",
          "background_cover_sc_tablets_el_background": "true",
          "background_position_sc_mobiles_el_background": "center center",
          "background_repeat_sc_mobiles_el_background": "no-repeat",
          "background_cover_sc_mobiles_el_background": "true",
          "is_shortcode": "false",
          "link": "https:\/\/moren.la-studioweb.com\/wishlist\/",
          "link_new_tab": "false",
          "color_sc_all_el_text": "#181818",
          "font_size_sc_all_el_text": "26px"
        },
        {
          "editor_icon": "fa fa-search",
          "hidden_element": true,
          "name": "search",
          "uniqueId": "1542189858866",
          "type": "simple",
          "icon_type": "la",
          "tooltip_text": "Tooltip Text",
          "tooltip_position": "tooltip-on-bottom",
          "text_beside_icon": "",
          "float_sc_all_el_custom_text": "left",
          "background_position_sc_all_el_background": "center center",
          "background_repeat_sc_all_el_background": "no-repeat",
          "background_cover_sc_all_el_background": "true",
          "background_position_sc_all_el_search_form": "center center",
          "background_repeat_sc_all_el_search_form": "no-repeat",
          "background_cover_sc_all_el_search_form": "true",
          "background_position_sc_all_el_search_form_input": "center center",
          "background_repeat_sc_all_el_search_form_input": "no-repeat",
          "background_cover_sc_all_el_search_form_input": "true",
          "background_position_sc_all_el_full_page_search": "center center",
          "background_repeat_sc_all_el_full_page_search": "no-repeat",
          "background_cover_sc_all_el_full_page_search": "true",
          "float_sc_tablets_el_custom_text": "left",
          "background_position_sc_tablets_el_background": "center center",
          "background_repeat_sc_tablets_el_background": "no-repeat",
          "background_cover_sc_tablets_el_background": "true",
          "background_position_sc_tablets_el_search_form": "center center",
          "background_repeat_sc_tablets_el_search_form": "no-repeat",
          "background_cover_sc_tablets_el_search_form": "true",
          "background_position_sc_tablets_el_search_form_input": "center center",
          "background_repeat_sc_tablets_el_search_form_input": "no-repeat",
          "background_cover_sc_tablets_el_search_form_input": "true",
          "background_position_sc_tablets_el_full_page_search": "center center",
          "background_repeat_sc_tablets_el_full_page_search": "no-repeat",
          "background_cover_sc_tablets_el_full_page_search": "true",
          "float_sc_mobiles_el_custom_text": "left",
          "background_position_sc_mobiles_el_background": "center center",
          "background_repeat_sc_mobiles_el_background": "no-repeat",
          "background_cover_sc_mobiles_el_background": "true",
          "background_position_sc_mobiles_el_search_form": "center center",
          "background_repeat_sc_mobiles_el_search_form": "no-repeat",
          "background_cover_sc_mobiles_el_search_form": "true",
          "background_position_sc_mobiles_el_search_form_input": "center center",
          "background_repeat_sc_mobiles_el_search_form_input": "no-repeat",
          "background_cover_sc_mobiles_el_search_form_input": "true",
          "background_position_sc_mobiles_el_full_page_search": "center center",
          "background_repeat_sc_mobiles_el_full_page_search": "no-repeat",
          "background_cover_sc_mobiles_el_full_page_search": "true",
          "show_tooltip": "false",
          "top_arrow": "false",
          "searchbox_icon": "false",
          "box_shadow_status_sc_all_el_search_form": "false",
          "box_shadow_status_sc_tablets_el_search_form": "false",
          "box_shadow_status_sc_mobiles_el_search_form": "false",
          "width_sc_all_el_box": "",
          "background_color_sc_all_el_background": "",
          "background_color_sc_all_el_full_page_search": "#0a0a0a",
          "color_sc_all_el_icon": "#181818",
          "font_size_sc_all_el_icon": "",
          "height_sc_all_el_box": "100%",
          "placeholder_text": "Search Products",
          "extra_class": "search-form-v2 search-icon-primary",
          "is_product_search": "false"
        }
      ],
      "settings": {
        "element": "header-area",
        "hidden_element": false,
        "uniqueId": "5bebed2c8bd2erow1",
        "header_type": "horizontal",
        "container_padd": "true",
        "content_position": "middle",
        "background_position_sc_all_el_background": "center center",
        "background_repeat_sc_all_el_background": "no-repeat",
        "background_cover_sc_all_el_background": "true",
        "background_position_sc_tablets_el_background": "center center",
        "background_repeat_sc_tablets_el_background": "no-repeat",
        "background_cover_sc_tablets_el_background": "true",
        "background_position_sc_mobiles_el_background": "center center",
        "background_repeat_sc_mobiles_el_background": "no-repeat",
        "background_cover_sc_mobiles_el_background": "true",
        "full_container": "true",
        "padding_right_sc_all_el_box": "",
        "padding_left_sc_all_el_box": "",
        "box_shadow_status_sc_all_el_box": "false",
        "box_shadow_status_sc_tablets_el_box": "false",
        "box_shadow_status_sc_mobiles_el_box": "false",
        "extra_class": "header-area-padding  header-v5 header-v5-2",
        "height_sc_all_el_box": "140px",
        "background_color_sc_tablets_el_background": "#ffffff",
        "background_color_sc_mobiles_el_background": "#ffffff"
      },
      "left_settings": {
        "element": "header-column",
        "hidden_element": false,
        "uniqueId": "5bebed2c8bd2erow1left"
      },
      "center_settings": {
        "element": "header-column",
        "hidden_element": false,
        "uniqueId": "5bebed2c8bd2erow1center"
      },
      "right_settings": {
        "element": "header-column",
        "hidden_element": false,
        "uniqueId": "5bebed2c8bd2erow1right"
      }
    },
    "row2": {
      "left": [
        {
          "editor_icon": "fa fa-align-justify",
          "hidden_element": false,
          "name": "menu",
          "uniqueId": "1542269016512",
          "show_mobile_menu": "false",
          "show_parent_arrow": "false",
          "parent_arrow_direction": "bottom",
          "background_position_sc_all_el_submenu_box": "center center",
          "background_repeat_sc_all_el_submenu_box": "no-repeat",
          "background_cover_sc_all_el_submenu_box": "true",
          "background_position_sc_all_el_responsive_menu_box": "center center",
          "background_repeat_sc_all_el_responsive_menu_box": "no-repeat",
          "background_cover_sc_all_el_responsive_menu_box": "true",
          "background_position_sc_all_el_box": "center center",
          "background_repeat_sc_all_el_box": "no-repeat",
          "background_cover_sc_all_el_box": "true",
          "background_position_sc_tablets_el_submenu_box": "center center",
          "background_repeat_sc_tablets_el_submenu_box": "no-repeat",
          "background_cover_sc_tablets_el_submenu_box": "true",
          "background_position_sc_tablets_el_responsive_menu_box": "center center",
          "background_repeat_sc_tablets_el_responsive_menu_box": "no-repeat",
          "background_cover_sc_tablets_el_responsive_menu_box": "true",
          "background_position_sc_tablets_el_box": "center center",
          "background_repeat_sc_tablets_el_box": "no-repeat",
          "background_cover_sc_tablets_el_box": "true",
          "background_position_sc_mobiles_el_submenu_box": "center center",
          "background_repeat_sc_mobiles_el_submenu_box": "no-repeat",
          "background_cover_sc_mobiles_el_submenu_box": "true",
          "background_position_sc_mobiles_el_responsive_menu_box": "center center",
          "background_repeat_sc_mobiles_el_responsive_menu_box": "no-repeat",
          "background_cover_sc_mobiles_el_responsive_menu_box": "true",
          "background_position_sc_mobiles_el_box": "center center",
          "background_repeat_sc_mobiles_el_box": "no-repeat",
          "background_cover_sc_mobiles_el_box": "true",
          "menu": "Menu Vertical",
          "show_megamenu": "false",
          "desc_item": "false",
          "full_menu": "false",
          "height_100": "true",
          "box_shadow_status_sc_all_el_submenu_box": "false",
          "box_shadow_status_sc_tablets_el_submenu_box": "false",
          "box_shadow_status_sc_mobiles_el_submenu_box": "false",
          "font_size_sc_all_el_menu_item": "18px",
          "text_transform_sc_all_el_menu_item": "capitalize",
          "color_sc_all_el_menu_item": "#ffffff",
          "extra_class": "menu-not-primary menu-vertical",
          "text_transform_sc_all_el_current_menu_item": "capitalize"
        }
      ],
      "center": [],
      "right": [
        {
          "editor_icon": "fa fa-align-justify",
          "hidden_element": false,
          "name": "menu",
          "uniqueId": "1542269762004",
          "show_mobile_menu": "false",
          "show_parent_arrow": "false",
          "parent_arrow_direction": "bottom",
          "background_position_sc_all_el_submenu_box": "center center",
          "background_repeat_sc_all_el_submenu_box": "no-repeat",
          "background_cover_sc_all_el_submenu_box": "true",
          "background_position_sc_all_el_responsive_menu_box": "center center",
          "background_repeat_sc_all_el_responsive_menu_box": "no-repeat",
          "background_cover_sc_all_el_responsive_menu_box": "true",
          "background_position_sc_all_el_box": "center center",
          "background_repeat_sc_all_el_box": "no-repeat",
          "background_cover_sc_all_el_box": "true",
          "background_position_sc_tablets_el_submenu_box": "center center",
          "background_repeat_sc_tablets_el_submenu_box": "no-repeat",
          "background_cover_sc_tablets_el_submenu_box": "true",
          "background_position_sc_tablets_el_responsive_menu_box": "center center",
          "background_repeat_sc_tablets_el_responsive_menu_box": "no-repeat",
          "background_cover_sc_tablets_el_responsive_menu_box": "true",
          "background_position_sc_tablets_el_box": "center center",
          "background_repeat_sc_tablets_el_box": "no-repeat",
          "background_cover_sc_tablets_el_box": "true",
          "background_position_sc_mobiles_el_submenu_box": "center center",
          "background_repeat_sc_mobiles_el_submenu_box": "no-repeat",
          "background_cover_sc_mobiles_el_submenu_box": "true",
          "background_position_sc_mobiles_el_responsive_menu_box": "center center",
          "background_repeat_sc_mobiles_el_responsive_menu_box": "no-repeat",
          "background_cover_sc_mobiles_el_responsive_menu_box": "true",
          "background_position_sc_mobiles_el_box": "center center",
          "background_repeat_sc_mobiles_el_box": "no-repeat",
          "background_cover_sc_mobiles_el_box": "true",
          "menu": "FAQ Help",
          "show_megamenu": "false",
          "desc_item": "false",
          "full_menu": "false",
          "height_100": "true",
          "box_shadow_status_sc_all_el_submenu_box": "false",
          "box_shadow_status_sc_tablets_el_submenu_box": "false",
          "box_shadow_status_sc_mobiles_el_submenu_box": "false",
          "color_sc_all_el_menu_item": "#ffffff",
          "text_transform_sc_all_el_menu_item": "capitalize",
          "font_size_sc_all_el_menu_item": "14px",
          "extra_class": "menu-not-primary menu-sub-right"
        },
        {
          "editor_icon": "fa fa-align-justify",
          "hidden_element": false,
          "name": "menu",
          "uniqueId": "1542270037559",
          "show_mobile_menu": "false",
          "show_parent_arrow": "false",
          "parent_arrow_direction": "bottom",
          "background_position_sc_all_el_submenu_box": "center center",
          "background_repeat_sc_all_el_submenu_box": "no-repeat",
          "background_cover_sc_all_el_submenu_box": "true",
          "background_position_sc_all_el_responsive_menu_box": "center center",
          "background_repeat_sc_all_el_responsive_menu_box": "no-repeat",
          "background_cover_sc_all_el_responsive_menu_box": "true",
          "background_position_sc_all_el_box": "center center",
          "background_repeat_sc_all_el_box": "no-repeat",
          "background_cover_sc_all_el_box": "true",
          "background_position_sc_tablets_el_submenu_box": "center center",
          "background_repeat_sc_tablets_el_submenu_box": "no-repeat",
          "background_cover_sc_tablets_el_submenu_box": "true",
          "background_position_sc_tablets_el_responsive_menu_box": "center center",
          "background_repeat_sc_tablets_el_responsive_menu_box": "no-repeat",
          "background_cover_sc_tablets_el_responsive_menu_box": "true",
          "background_position_sc_tablets_el_box": "center center",
          "background_repeat_sc_tablets_el_box": "no-repeat",
          "background_cover_sc_tablets_el_box": "true",
          "background_position_sc_mobiles_el_submenu_box": "center center",
          "background_repeat_sc_mobiles_el_submenu_box": "no-repeat",
          "background_cover_sc_mobiles_el_submenu_box": "true",
          "background_position_sc_mobiles_el_responsive_menu_box": "center center",
          "background_repeat_sc_mobiles_el_responsive_menu_box": "no-repeat",
          "background_cover_sc_mobiles_el_responsive_menu_box": "true",
          "background_position_sc_mobiles_el_box": "center center",
          "background_repeat_sc_mobiles_el_box": "no-repeat",
          "background_cover_sc_mobiles_el_box": "true",
          "menu": "Menu Currency",
          "show_megamenu": "false",
          "desc_item": "false",
          "full_menu": "false",
          "height_100": "true",
          "box_shadow_status_sc_all_el_submenu_box": "false",
          "box_shadow_status_sc_tablets_el_submenu_box": "false",
          "box_shadow_status_sc_mobiles_el_submenu_box": "false",
          "color_sc_all_el_menu_item": "#ffffff",
          "font_size_sc_all_el_menu_item": "14px",
          "text_transform_sc_all_el_menu_item": "capitalize",
          "extra_class": "menu-not-primary menu-sub-right"
        },
        {
          "editor_icon": "fa fa-align-justify",
          "hidden_element": false,
          "name": "menu",
          "uniqueId": "1542270060618",
          "show_mobile_menu": "false",
          "show_parent_arrow": "false",
          "parent_arrow_direction": "bottom",
          "background_position_sc_all_el_submenu_box": "center center",
          "background_repeat_sc_all_el_submenu_box": "no-repeat",
          "background_cover_sc_all_el_submenu_box": "true",
          "background_position_sc_all_el_responsive_menu_box": "center center",
          "background_repeat_sc_all_el_responsive_menu_box": "no-repeat",
          "background_cover_sc_all_el_responsive_menu_box": "true",
          "background_position_sc_all_el_box": "center center",
          "background_repeat_sc_all_el_box": "no-repeat",
          "background_cover_sc_all_el_box": "true",
          "background_position_sc_tablets_el_submenu_box": "center center",
          "background_repeat_sc_tablets_el_submenu_box": "no-repeat",
          "background_cover_sc_tablets_el_submenu_box": "true",
          "background_position_sc_tablets_el_responsive_menu_box": "center center",
          "background_repeat_sc_tablets_el_responsive_menu_box": "no-repeat",
          "background_cover_sc_tablets_el_responsive_menu_box": "true",
          "background_position_sc_tablets_el_box": "center center",
          "background_repeat_sc_tablets_el_box": "no-repeat",
          "background_cover_sc_tablets_el_box": "true",
          "background_position_sc_mobiles_el_submenu_box": "center center",
          "background_repeat_sc_mobiles_el_submenu_box": "no-repeat",
          "background_cover_sc_mobiles_el_submenu_box": "true",
          "background_position_sc_mobiles_el_responsive_menu_box": "center center",
          "background_repeat_sc_mobiles_el_responsive_menu_box": "no-repeat",
          "background_cover_sc_mobiles_el_responsive_menu_box": "true",
          "background_position_sc_mobiles_el_box": "center center",
          "background_repeat_sc_mobiles_el_box": "no-repeat",
          "background_cover_sc_mobiles_el_box": "true",
          "menu": "Menu Language",
          "show_megamenu": "false",
          "desc_item": "false",
          "full_menu": "false",
          "height_100": "true",
          "color_sc_all_el_menu_item": "#ffffff",
          "box_shadow_status_sc_all_el_submenu_box": "false",
          "box_shadow_status_sc_tablets_el_submenu_box": "false",
          "box_shadow_status_sc_mobiles_el_submenu_box": "false",
          "font_size_sc_all_el_menu_item": "14px",
          "text_transform_sc_all_el_menu_item": "capitalize",
          "extra_class": "menu-not-primary menu-sub-right"
        }
      ],
      "settings": {
        "element": "header-area",
        "hidden_element": true,
        "uniqueId": "5bebed2c8bd2erow2",
        "container_padd": "true",
        "content_position": "middle",
        "background_position_sc_all_el_background": "center center",
        "background_repeat_sc_all_el_background": "no-repeat",
        "background_cover_sc_all_el_background": "true",
        "background_position_sc_tablets_el_background": "center center",
        "background_repeat_sc_tablets_el_background": "no-repeat",
        "background_cover_sc_tablets_el_background": "true",
        "background_position_sc_mobiles_el_background": "center center",
        "background_repeat_sc_mobiles_el_background": "no-repeat",
        "background_cover_sc_mobiles_el_background": "true",
        "full_container": "true",
        "box_shadow_status_sc_all_el_box": "false",
        "box_shadow_status_sc_tablets_el_box": "false",
        "box_shadow_status_sc_mobiles_el_box": "false",
        "extra_class": "header-area-padding header-v5 header-v5-3",
        "extra_id": "",
        "padding_right_sc_all_el_box": "",
        "padding_left_sc_all_el_box": "",
        "background_color_sc_all_el_background": "#1c34ae",
        "height_sc_all_el_box": "90px"
      },
      "left_settings": {
        "element": "header-column",
        "hidden_element": false,
        "uniqueId": "5bebed2c8bd2erow2left"
      },
      "center_settings": {
        "element": "header-column",
        "hidden_element": false,
        "uniqueId": "5bebed2c8bd2erow2center"
      },
      "right_settings": {
        "element": "header-column",
        "hidden_element": false,
        "uniqueId": "5bebed2c8bd2erow2right"
      }
    },
    "row3": {
      "left": [],
      "center": [],
      "right": [],
      "settings": {
        "element": "header-area",
        "hidden_element": true,
        "uniqueId": "5bebed2c8bd2erow3"
      },
      "left_settings": {
        "element": "header-column",
        "hidden_element": false,
        "uniqueId": "5bebed2c8bd2erow3left"
      },
      "center_settings": {
        "element": "header-column",
        "hidden_element": false,
        "uniqueId": "5bebed2c8bd2erow3center"
      },
      "right_settings": {
        "element": "header-column",
        "hidden_element": false,
        "uniqueId": "5bebed2c8bd2erow3right"
      }
    }
  }
}