{
  "desktop-view": {
    "topbar": {
      "left": [],
      "center": [],
      "right": [],
      "settings": {
        "element": "header-area",
        "hidden_element": true,
        "uniqueId": "5bebed2c8bd2etapbar"
      },
      "left_settings": {
        "element": "header-column",
        "hidden_element": false,
        "uniqueId": "5bebed2c8bd2etapbarleft"
      },
      "center_settings": {
        "element": "header-column",
        "hidden_element": false,
        "uniqueId": "5bebed2c8bd2etapbarcenter"
      },
      "right_settings": {
        "element": "header-column",
        "hidden_element": false,
        "uniqueId": "5bebed2c8bd2etapbarright"
      }
    },
    "row1": {
      "left": [
        {
          "editor_icon": "fa fa-picture-o",
          "hidden_element": false,
          "name": "logo",
          "uniqueId": "5bebed2c8bd2elogo",
          "type": "image",
          "logo": "",
          "box_shadow_status_sc_all_el_logo": "false",
          "box_shadow_status_sc_tablets_el_logo": "false",
          "box_shadow_status_sc_mobiles_el_logo": "false",
          "width_sc_all_el_logo": "62px"
        }
      ],
      "center": [
        {
          "editor_icon": "fa fa-align-justify",
          "hidden_element": false,
          "name": "menu",
          "uniqueId": "1542188373302",
          "show_mobile_menu": "true",
          "show_parent_arrow": "true",
          "parent_arrow_direction": "bottom",
          "background_position_sc_all_el_submenu_box": "center center",
          "background_repeat_sc_all_el_submenu_box": "no-repeat",
          "background_cover_sc_all_el_submenu_box": "true",
          "background_position_sc_all_el_responsive_menu_box": "center center",
          "background_repeat_sc_all_el_responsive_menu_box": "no-repeat",
          "background_cover_sc_all_el_responsive_menu_box": "true",
          "background_position_sc_all_el_box": "center center",
          "background_repeat_sc_all_el_box": "no-repeat",
          "background_cover_sc_all_el_box": "true",
          "background_position_sc_tablets_el_submenu_box": "center center",
          "background_repeat_sc_tablets_el_submenu_box": "no-repeat",
          "background_cover_sc_tablets_el_submenu_box": "true",
          "background_position_sc_tablets_el_responsive_menu_box": "center center",
          "background_repeat_sc_tablets_el_responsive_menu_box": "no-repeat",
          "background_cover_sc_tablets_el_responsive_menu_box": "true",
          "background_position_sc_tablets_el_box": "center center",
          "background_repeat_sc_tablets_el_box": "no-repeat",
          "background_cover_sc_tablets_el_box": "true",
          "background_position_sc_mobiles_el_submenu_box": "center center",
          "background_repeat_sc_mobiles_el_submenu_box": "no-repeat",
          "background_cover_sc_mobiles_el_submenu_box": "true",
          "background_position_sc_mobiles_el_responsive_menu_box": "center center",
          "background_repeat_sc_mobiles_el_responsive_menu_box": "no-repeat",
          "background_cover_sc_mobiles_el_responsive_menu_box": "true",
          "background_position_sc_mobiles_el_box": "center center",
          "background_repeat_sc_mobiles_el_box": "no-repeat",
          "background_cover_sc_mobiles_el_box": "true",
          "menu": "Primary Navigation",
          "show_megamenu": "true",
          "desc_item": "false",
          "full_menu": "false",
          "height_100": "true",
          "box_shadow_status_sc_all_el_submenu_box": "false",
          "box_shadow_status_sc_tablets_el_submenu_box": "false",
          "box_shadow_status_sc_mobiles_el_submenu_box": "false",
          "font_size_sc_all_el_menu_item": "14px",
          "font_weight_sc_all_el_menu_item": "400",
          "text_transform_sc_all_el_menu_item": "capitalize",
          "color_sc_all_el_menu_item": "#737373",
          "color_hover_sc_all_el_menu_item": "#000000",
          "border_style_sc_all_el_menu_item": "none",
          "border_color_sc_all_el_menu_item": "",
          "border_bottom_sc_all_el_menu_item": "",
          "background_color_hover_sc_all_el_submenu_box": "#ffffff",
          "color_sc_all_el_current_menu_item": "#000000",
          "background_color_sc_all_el_submenu_box": "#ffffff",
          "background_color_hover_sc_all_el_box": "",
          "color_sc_all_el_submenu_item": "#181818",
          "color_hover_sc_all_el_submenu_item": "#dc0109",
          "background_color_sc_all_el_submenu_item": "#ffffff",
          "background_color_hover_sc_all_el_submenu_item": "#ffffff",
          "text_transform_sc_all_el_submenu_item": "capitalize",
          "background_color_sc_all_el_submenu_currnet_item": "#ffffff",
          "background_color_hover_sc_all_el_submenu_currnet_item": "#ffffff",
          "color_sc_tablets_el_menu_item": "#bbbbbb",
          "color_hover_sc_tablets_el_menu_item": "#dc0109",
          "color_sc_tablets_el_current_menu_item": "#ffffff",
          "color_hover_sc_tablets_el_current_menu_item": "#dc0109",
          "color_sc_mobiles_el_menu_item": "#bbbbbb",
          "color_hover_sc_mobiles_el_menu_item": "#dc0109",
          "color_sc_mobiles_el_current_menu_item": "#ffffff",
          "color_hover_sc_mobiles_el_current_menu_item": "#dc0109"
        }
      ],
      "right": [
        {
          "editor_icon": "fa fa-search",
          "hidden_element": false,
          "name": "search",
          "uniqueId": "1542189858866",
          "type": "full",
          "icon_type": "la",
          "tooltip_text": "Tooltip Text",
          "tooltip_position": "tooltip-on-bottom",
          "text_beside_icon": "",
          "float_sc_all_el_custom_text": "left",
          "background_position_sc_all_el_background": "center center",
          "background_repeat_sc_all_el_background": "no-repeat",
          "background_cover_sc_all_el_background": "true",
          "background_position_sc_all_el_search_form": "center center",
          "background_repeat_sc_all_el_search_form": "no-repeat",
          "background_cover_sc_all_el_search_form": "true",
          "background_position_sc_all_el_search_form_input": "center center",
          "background_repeat_sc_all_el_search_form_input": "no-repeat",
          "background_cover_sc_all_el_search_form_input": "true",
          "background_position_sc_all_el_full_page_search": "center center",
          "background_repeat_sc_all_el_full_page_search": "no-repeat",
          "background_cover_sc_all_el_full_page_search": "true",
          "float_sc_tablets_el_custom_text": "left",
          "background_position_sc_tablets_el_background": "center center",
          "background_repeat_sc_tablets_el_background": "no-repeat",
          "background_cover_sc_tablets_el_background": "true",
          "background_position_sc_tablets_el_search_form": "center center",
          "background_repeat_sc_tablets_el_search_form": "no-repeat",
          "background_cover_sc_tablets_el_search_form": "true",
          "background_position_sc_tablets_el_search_form_input": "center center",
          "background_repeat_sc_tablets_el_search_form_input": "no-repeat",
          "background_cover_sc_tablets_el_search_form_input": "true",
          "background_position_sc_tablets_el_full_page_search": "center center",
          "background_repeat_sc_tablets_el_full_page_search": "no-repeat",
          "background_cover_sc_tablets_el_full_page_search": "true",
          "float_sc_mobiles_el_custom_text": "left",
          "background_position_sc_mobiles_el_background": "center center",
          "background_repeat_sc_mobiles_el_background": "no-repeat",
          "background_cover_sc_mobiles_el_background": "true",
          "background_position_sc_mobiles_el_search_form": "center center",
          "background_repeat_sc_mobiles_el_search_form": "no-repeat",
          "background_cover_sc_mobiles_el_search_form": "true",
          "background_position_sc_mobiles_el_search_form_input": "center center",
          "background_repeat_sc_mobiles_el_search_form_input": "no-repeat",
          "background_cover_sc_mobiles_el_search_form_input": "true",
          "background_position_sc_mobiles_el_full_page_search": "center center",
          "background_repeat_sc_mobiles_el_full_page_search": "no-repeat",
          "background_cover_sc_mobiles_el_full_page_search": "true",
          "show_tooltip": "false",
          "top_arrow": "false",
          "searchbox_icon": "false",
          "box_shadow_status_sc_all_el_search_form": "false",
          "box_shadow_status_sc_tablets_el_search_form": "false",
          "box_shadow_status_sc_mobiles_el_search_form": "false",
          "width_sc_all_el_box": "40px",
          "background_color_sc_all_el_background": "",
          "background_color_sc_all_el_full_page_search": "#0a0a0a",
          "color_sc_all_el_icon": "#181818",
          "font_size_sc_all_el_icon": "",
          "height_sc_all_el_box": "100%"
        },
        {
          "editor_icon": "fa fa-shopping-cart",
          "hidden_element": false,
          "name": "cart",
          "uniqueId": "1542189824343",
          "cart_icon": "dl__icon-cart25",
          "tooltip_text": "Tooltip Text",
          "tooltip_position": "tooltip-on-bottom",
          "background_position_sc_all_el_box": "center center",
          "background_repeat_sc_all_el_box": "no-repeat",
          "background_cover_sc_all_el_box": "true",
          "background_position_sc_all_el_products_box": "center center",
          "background_repeat_sc_all_el_products_box": "no-repeat",
          "background_cover_sc_all_el_products_box": "true",
          "background_position_sc_tablets_el_box": "center center",
          "background_repeat_sc_tablets_el_box": "no-repeat",
          "background_cover_sc_tablets_el_box": "true",
          "background_position_sc_tablets_el_products_box": "center center",
          "background_repeat_sc_tablets_el_products_box": "no-repeat",
          "background_cover_sc_tablets_el_products_box": "true",
          "background_position_sc_mobiles_el_box": "center center",
          "background_repeat_sc_mobiles_el_box": "no-repeat",
          "background_cover_sc_mobiles_el_box": "true",
          "background_position_sc_mobiles_el_products_box": "center center",
          "background_repeat_sc_mobiles_el_products_box": "no-repeat",
          "background_cover_sc_mobiles_el_products_box": "true",
          "show_tooltip": "false",
          "width_sc_all_el_box": "40px",
          "color_sc_all_el_icon": "#181818",
          "font_size_sc_all_el_icon": "",
          "height_sc_all_el_box": "100%",
          "margin_right_sc_all_el_box": "10"
        },
        {
          "editor_icon": "fa fa-bars",
          "hidden_element": false,
          "name": "hamburger-menu",
          "uniqueId": "1542189768314",
          "hamburger_type": "toggle",
          "hamburger_icon": "3line",
          "hm_style": "light",
          "toggle_from": "right",
          "socials": "false",
          "search": "false",
          "placeholder": "Search ...",
          "copyright": "&copy; 2018 Zuka Shop. All rights reserved",
          "background_position_sc_all_el_hamburger_icon_box": "center center",
          "background_repeat_sc_all_el_hamburger_icon_box": "no-repeat",
          "background_cover_sc_all_el_hamburger_icon_box": "true",
          "background_position_sc_all_el_hamburger_box": "center center",
          "background_repeat_sc_all_el_hamburger_box": "no-repeat",
          "background_cover_sc_all_el_hamburger_box": "true",
          "background_position_sc_all_el_logo_box": "center center",
          "background_repeat_sc_all_el_logo_box": "no-repeat",
          "background_cover_sc_all_el_logo_box": "true",
          "background_position_sc_tablets_el_hamburger_icon_box": "center center",
          "background_repeat_sc_tablets_el_hamburger_icon_box": "no-repeat",
          "background_cover_sc_tablets_el_hamburger_icon_box": "true",
          "background_position_sc_tablets_el_hamburger_box": "center center",
          "background_repeat_sc_tablets_el_hamburger_box": "no-repeat",
          "background_cover_sc_tablets_el_hamburger_box": "true",
          "background_position_sc_tablets_el_logo_box": "center center",
          "background_repeat_sc_tablets_el_logo_box": "no-repeat",
          "background_cover_sc_tablets_el_logo_box": "true",
          "background_position_sc_mobiles_el_hamburger_icon_box": "center center",
          "background_repeat_sc_mobiles_el_hamburger_icon_box": "no-repeat",
          "background_cover_sc_mobiles_el_hamburger_icon_box": "true",
          "background_position_sc_mobiles_el_hamburger_box": "center center",
          "background_repeat_sc_mobiles_el_hamburger_box": "no-repeat",
          "background_cover_sc_mobiles_el_hamburger_box": "true",
          "background_position_sc_mobiles_el_logo_box": "center center",
          "background_repeat_sc_mobiles_el_logo_box": "no-repeat",
          "background_cover_sc_mobiles_el_logo_box": "true",
          "content": "true",
          "width_sc_all_el_logo_box": "40px",
          "text_content": "<div style='margin-top: 30px;'>[la_banner style='3' banner_id='3459' title_1='NEW' title_1_fz='lg:54px;md:34px;sm:20px;' title_1_lh='lg:54px;md:34px;sm:20px;' title_1_color='#ffffff']<\/div>\n\n<p class='font-size-13 margin-top-30 margin-bottom-5'>\n(+612) 2531 5600\ninfo@la-studioweb.com\nGet direction\n<\/p>\n\n<p class='font-size-13 margin-top-30 margin-bottom-5' style='text-decoration: underline; color: #181818;'>Google map<\/p>\n<p class='margin-bottom-30' style='color: #181818;'>[la_social_link]<\/p>\n<img style='margin: 20px 0;' src='https:\/\/zuka.la-studioweb.com\/wp-content\/themes\/zuka\/assets\/images\/payments2.png'>",
          "menu": "Footer Company",
          "extra_class": "hamburger-style-header-v1",
          "width_sc_all_el_hamburger_icon_box": "40px",
          "height_sc_all_el_logo_box": "100%",
          "padding_right_sc_all_el_hamburger_box": "",
          "padding_left_sc_all_el_hamburger_box": "",
          "color_sc_all_el_menu_item": "#181818",
          "color_hover_sc_all_el_menu_item": "#dc0109",
          "font_size_sc_all_el_menu_item": "16px",
          "font_weight_sc_all_el_menu_item": "400",
          "text_transform_sc_all_el_menu_item": "capitalize",
          "line_height_sc_all_el_menu_item": "40px"
        }
      ],
      "settings": {
        "element": "header-area",
        "hidden_element": false,
        "uniqueId": "5bebed2c8bd2erow1",
        "header_type": "horizontal",
        "container_padd": "true",
        "content_position": "middle",
        "background_position_sc_all_el_background": "center center",
        "background_repeat_sc_all_el_background": "no-repeat",
        "background_cover_sc_all_el_background": "true",
        "background_position_sc_tablets_el_background": "center center",
        "background_repeat_sc_tablets_el_background": "no-repeat",
        "background_cover_sc_tablets_el_background": "true",
        "background_position_sc_mobiles_el_background": "center center",
        "background_repeat_sc_mobiles_el_background": "no-repeat",
        "background_cover_sc_mobiles_el_background": "true",
        "full_container": "true",
        "padding_right_sc_all_el_box": "",
        "padding_left_sc_all_el_box": "",
        "box_shadow_status_sc_all_el_box": "false",
        "box_shadow_status_sc_tablets_el_box": "false",
        "box_shadow_status_sc_mobiles_el_box": "false",
        "extra_class": "header-v1 header-area-padding",
        "padding_right_sc_tablets_el_box": "20",
        "padding_left_sc_tablets_el_box": "20",
        "padding_right_sc_mobiles_el_box": "20",
        "padding_left_sc_mobiles_el_box": "20",
        "height_sc_all_el_box": "120px",
        "background_color_sc_all_el_background": "#ffffff",
        "background_color_sc_mobiles_el_background": "#ffffff",
        "background_color_sc_tablets_el_background": "#ffffff"
      },
      "left_settings": {
        "element": "header-column",
        "hidden_element": false,
        "uniqueId": "5bebed2c8bd2erow1left"
      },
      "center_settings": {
        "element": "header-column",
        "hidden_element": false,
        "uniqueId": "5bebed2c8bd2erow1center"
      },
      "right_settings": {
        "element": "header-column",
        "hidden_element": false,
        "uniqueId": "5bebed2c8bd2erow1right"
      }
    },
    "row2": {
      "left": [],
      "center": [],
      "right": [],
      "settings": {
        "element": "header-area",
        "hidden_element": true,
        "uniqueId": "5bebed2c8bd2erow2"
      },
      "left_settings": {
        "element": "header-column",
        "hidden_element": false,
        "uniqueId": "5bebed2c8bd2erow2left"
      },
      "center_settings": {
        "element": "header-column",
        "hidden_element": false,
        "uniqueId": "5bebed2c8bd2erow2center"
      },
      "right_settings": {
        "element": "header-column",
        "hidden_element": false,
        "uniqueId": "5bebed2c8bd2erow2right"
      }
    },
    "row3": {
      "left": [],
      "center": [],
      "right": [],
      "settings": {
        "element": "header-area",
        "hidden_element": true,
        "uniqueId": "5bebed2c8bd2erow3"
      },
      "left_settings": {
        "element": "header-column",
        "hidden_element": false,
        "uniqueId": "5bebed2c8bd2erow3left"
      },
      "center_settings": {
        "element": "header-column",
        "hidden_element": false,
        "uniqueId": "5bebed2c8bd2erow3center"
      },
      "right_settings": {
        "element": "header-column",
        "hidden_element": false,
        "uniqueId": "5bebed2c8bd2erow3right"
      }
    }
  },
  "tablets-view": {
    "topbar": {
      "left": [],
      "center": [],
      "right": [],
      "settings": {
        "element": "header-area",
        "hidden_element": true,
        "uniqueId": "5bebed2c8bd2etapbar"
      },
      "left_settings": {
        "element": "header-column",
        "hidden_element": false,
        "uniqueId": "5bebed2c8bd2etapbarleft"
      },
      "center_settings": {
        "element": "header-column",
        "hidden_element": false,
        "uniqueId": "5bebed2c8bd2etapbarcenter"
      },
      "right_settings": {
        "element": "header-column",
        "hidden_element": false,
        "uniqueId": "5bebed2c8bd2etapbarright"
      }
    },
    "row1": {
      "left": [
        {
          "editor_icon": "fa fa-picture-o",
          "hidden_element": false,
          "name": "logo",
          "uniqueId": "5bebed2c8bd2elogo",
          "type": "image",
          "logo": "",
          "box_shadow_status_sc_all_el_logo": "false",
          "box_shadow_status_sc_tablets_el_logo": "false",
          "box_shadow_status_sc_mobiles_el_logo": "false",
          "width_sc_all_el_logo": "62px"
        }
      ],
      "center": [],
      "right": [
        {
          "editor_icon": "fa fa-align-justify",
          "hidden_element": false,
          "name": "menu",
          "uniqueId": "1542188373302",
          "show_mobile_menu": "true",
          "show_parent_arrow": "true",
          "parent_arrow_direction": "bottom",
          "background_position_sc_all_el_submenu_box": "center center",
          "background_repeat_sc_all_el_submenu_box": "no-repeat",
          "background_cover_sc_all_el_submenu_box": "true",
          "background_position_sc_all_el_responsive_menu_box": "center center",
          "background_repeat_sc_all_el_responsive_menu_box": "no-repeat",
          "background_cover_sc_all_el_responsive_menu_box": "true",
          "background_position_sc_all_el_box": "center center",
          "background_repeat_sc_all_el_box": "no-repeat",
          "background_cover_sc_all_el_box": "true",
          "background_position_sc_tablets_el_submenu_box": "center center",
          "background_repeat_sc_tablets_el_submenu_box": "no-repeat",
          "background_cover_sc_tablets_el_submenu_box": "true",
          "background_position_sc_tablets_el_responsive_menu_box": "center center",
          "background_repeat_sc_tablets_el_responsive_menu_box": "no-repeat",
          "background_cover_sc_tablets_el_responsive_menu_box": "true",
          "background_position_sc_tablets_el_box": "center center",
          "background_repeat_sc_tablets_el_box": "no-repeat",
          "background_cover_sc_tablets_el_box": "true",
          "background_position_sc_mobiles_el_submenu_box": "center center",
          "background_repeat_sc_mobiles_el_submenu_box": "no-repeat",
          "background_cover_sc_mobiles_el_submenu_box": "true",
          "background_position_sc_mobiles_el_responsive_menu_box": "center center",
          "background_repeat_sc_mobiles_el_responsive_menu_box": "no-repeat",
          "background_cover_sc_mobiles_el_responsive_menu_box": "true",
          "background_position_sc_mobiles_el_box": "center center",
          "background_repeat_sc_mobiles_el_box": "no-repeat",
          "background_cover_sc_mobiles_el_box": "true",
          "menu": "Primary Navigation",
          "show_megamenu": "true",
          "desc_item": "false",
          "full_menu": "false",
          "height_100": "true",
          "box_shadow_status_sc_all_el_submenu_box": "false",
          "box_shadow_status_sc_tablets_el_submenu_box": "false",
          "box_shadow_status_sc_mobiles_el_submenu_box": "false",
          "font_size_sc_all_el_menu_item": "14px",
          "font_weight_sc_all_el_menu_item": "400",
          "text_transform_sc_all_el_menu_item": "capitalize",
          "color_sc_all_el_menu_item": "#737373",
          "color_hover_sc_all_el_menu_item": "#000000",
          "border_style_sc_all_el_menu_item": "none",
          "border_color_sc_all_el_menu_item": "",
          "border_bottom_sc_all_el_menu_item": "",
          "background_color_hover_sc_all_el_submenu_box": "#ffffff",
          "color_sc_all_el_current_menu_item": "#000000",
          "background_color_sc_all_el_submenu_box": "#ffffff",
          "background_color_hover_sc_all_el_box": "",
          "color_sc_all_el_submenu_item": "#181818",
          "color_hover_sc_all_el_submenu_item": "#dc0109",
          "background_color_sc_all_el_submenu_item": "#ffffff",
          "background_color_hover_sc_all_el_submenu_item": "#ffffff",
          "text_transform_sc_all_el_submenu_item": "capitalize",
          "background_color_sc_all_el_submenu_currnet_item": "#ffffff",
          "background_color_hover_sc_all_el_submenu_currnet_item": "#ffffff",
          "color_sc_tablets_el_menu_item": "#bbbbbb",
          "color_hover_sc_tablets_el_menu_item": "#dc0109",
          "color_sc_tablets_el_current_menu_item": "#ffffff",
          "color_hover_sc_tablets_el_current_menu_item": "#dc0109",
          "color_sc_mobiles_el_menu_item": "#bbbbbb",
          "color_hover_sc_mobiles_el_menu_item": "#dc0109",
          "color_sc_mobiles_el_current_menu_item": "#ffffff",
          "color_hover_sc_mobiles_el_current_menu_item": "#dc0109"
        },
        {
          "editor_icon": "fa fa-shopping-cart",
          "hidden_element": false,
          "name": "cart",
          "uniqueId": "1542189824343",
          "cart_icon": "dl__icon-cart25",
          "tooltip_text": "Tooltip Text",
          "tooltip_position": "tooltip-on-bottom",
          "background_position_sc_all_el_box": "center center",
          "background_repeat_sc_all_el_box": "no-repeat",
          "background_cover_sc_all_el_box": "true",
          "background_position_sc_all_el_products_box": "center center",
          "background_repeat_sc_all_el_products_box": "no-repeat",
          "background_cover_sc_all_el_products_box": "true",
          "background_position_sc_tablets_el_box": "center center",
          "background_repeat_sc_tablets_el_box": "no-repeat",
          "background_cover_sc_tablets_el_box": "true",
          "background_position_sc_tablets_el_products_box": "center center",
          "background_repeat_sc_tablets_el_products_box": "no-repeat",
          "background_cover_sc_tablets_el_products_box": "true",
          "background_position_sc_mobiles_el_box": "center center",
          "background_repeat_sc_mobiles_el_box": "no-repeat",
          "background_cover_sc_mobiles_el_box": "true",
          "background_position_sc_mobiles_el_products_box": "center center",
          "background_repeat_sc_mobiles_el_products_box": "no-repeat",
          "background_cover_sc_mobiles_el_products_box": "true",
          "show_tooltip": "false",
          "width_sc_all_el_box": "40px",
          "color_sc_all_el_icon": "#181818",
          "font_size_sc_all_el_icon": "",
          "height_sc_all_el_box": "100%",
          "margin_right_sc_all_el_box": "10"
        },
        {
          "editor_icon": "fa fa-search",
          "hidden_element": false,
          "name": "search",
          "uniqueId": "1542189858866",
          "type": "full",
          "icon_type": "la",
          "tooltip_text": "Tooltip Text",
          "tooltip_position": "tooltip-on-bottom",
          "text_beside_icon": "",
          "float_sc_all_el_custom_text": "left",
          "background_position_sc_all_el_background": "center center",
          "background_repeat_sc_all_el_background": "no-repeat",
          "background_cover_sc_all_el_background": "true",
          "background_position_sc_all_el_search_form": "center center",
          "background_repeat_sc_all_el_search_form": "no-repeat",
          "background_cover_sc_all_el_search_form": "true",
          "background_position_sc_all_el_search_form_input": "center center",
          "background_repeat_sc_all_el_search_form_input": "no-repeat",
          "background_cover_sc_all_el_search_form_input": "true",
          "background_position_sc_all_el_full_page_search": "center center",
          "background_repeat_sc_all_el_full_page_search": "no-repeat",
          "background_cover_sc_all_el_full_page_search": "true",
          "float_sc_tablets_el_custom_text": "left",
          "background_position_sc_tablets_el_background": "center center",
          "background_repeat_sc_tablets_el_background": "no-repeat",
          "background_cover_sc_tablets_el_background": "true",
          "background_position_sc_tablets_el_search_form": "center center",
          "background_repeat_sc_tablets_el_search_form": "no-repeat",
          "background_cover_sc_tablets_el_search_form": "true",
          "background_position_sc_tablets_el_search_form_input": "center center",
          "background_repeat_sc_tablets_el_search_form_input": "no-repeat",
          "background_cover_sc_tablets_el_search_form_input": "true",
          "background_position_sc_tablets_el_full_page_search": "center center",
          "background_repeat_sc_tablets_el_full_page_search": "no-repeat",
          "background_cover_sc_tablets_el_full_page_search": "true",
          "float_sc_mobiles_el_custom_text": "left",
          "background_position_sc_mobiles_el_background": "center center",
          "background_repeat_sc_mobiles_el_background": "no-repeat",
          "background_cover_sc_mobiles_el_background": "true",
          "background_position_sc_mobiles_el_search_form": "center center",
          "background_repeat_sc_mobiles_el_search_form": "no-repeat",
          "background_cover_sc_mobiles_el_search_form": "true",
          "background_position_sc_mobiles_el_search_form_input": "center center",
          "background_repeat_sc_mobiles_el_search_form_input": "no-repeat",
          "background_cover_sc_mobiles_el_search_form_input": "true",
          "background_position_sc_mobiles_el_full_page_search": "center center",
          "background_repeat_sc_mobiles_el_full_page_search": "no-repeat",
          "background_cover_sc_mobiles_el_full_page_search": "true",
          "show_tooltip": "false",
          "top_arrow": "false",
          "searchbox_icon": "false",
          "box_shadow_status_sc_all_el_search_form": "false",
          "box_shadow_status_sc_tablets_el_search_form": "false",
          "box_shadow_status_sc_mobiles_el_search_form": "false",
          "width_sc_all_el_box": "40px",
          "background_color_sc_all_el_background": "",
          "background_color_sc_all_el_full_page_search": "#0a0a0a",
          "color_sc_all_el_icon": "#181818",
          "font_size_sc_all_el_icon": "",
          "height_sc_all_el_box": "100%"
        },
        {
          "editor_icon": "fa fa-bars",
          "hidden_element": true,
          "name": "hamburger-menu",
          "uniqueId": "1542189768314",
          "hamburger_type": "toggle",
          "hamburger_icon": "3line",
          "hm_style": "light",
          "toggle_from": "right",
          "socials": "false",
          "search": "false",
          "placeholder": "Search ...",
          "copyright": "&copy; 2018 Zuka Shop. All rights reserved",
          "background_position_sc_all_el_hamburger_icon_box": "center center",
          "background_repeat_sc_all_el_hamburger_icon_box": "no-repeat",
          "background_cover_sc_all_el_hamburger_icon_box": "true",
          "background_position_sc_all_el_hamburger_box": "center center",
          "background_repeat_sc_all_el_hamburger_box": "no-repeat",
          "background_cover_sc_all_el_hamburger_box": "true",
          "background_position_sc_all_el_logo_box": "center center",
          "background_repeat_sc_all_el_logo_box": "no-repeat",
          "background_cover_sc_all_el_logo_box": "true",
          "background_position_sc_tablets_el_hamburger_icon_box": "center center",
          "background_repeat_sc_tablets_el_hamburger_icon_box": "no-repeat",
          "background_cover_sc_tablets_el_hamburger_icon_box": "true",
          "background_position_sc_tablets_el_hamburger_box": "center center",
          "background_repeat_sc_tablets_el_hamburger_box": "no-repeat",
          "background_cover_sc_tablets_el_hamburger_box": "true",
          "background_position_sc_tablets_el_logo_box": "center center",
          "background_repeat_sc_tablets_el_logo_box": "no-repeat",
          "background_cover_sc_tablets_el_logo_box": "true",
          "background_position_sc_mobiles_el_hamburger_icon_box": "center center",
          "background_repeat_sc_mobiles_el_hamburger_icon_box": "no-repeat",
          "background_cover_sc_mobiles_el_hamburger_icon_box": "true",
          "background_position_sc_mobiles_el_hamburger_box": "center center",
          "background_repeat_sc_mobiles_el_hamburger_box": "no-repeat",
          "background_cover_sc_mobiles_el_hamburger_box": "true",
          "background_position_sc_mobiles_el_logo_box": "center center",
          "background_repeat_sc_mobiles_el_logo_box": "no-repeat",
          "background_cover_sc_mobiles_el_logo_box": "true",
          "content": "true",
          "width_sc_all_el_logo_box": "40px",
          "text_content": "<div style='margin-top: 30px;'>[la_banner style='3' banner_id='3459' title_1='NEW' title_1_fz='lg:54px;md:34px;sm:20px;' title_1_lh='lg:54px;md:34px;sm:20px;' title_1_color='#ffffff']<\/div>\n\n<p class='font-size-13 margin-top-30 margin-bottom-5'>\n(+612) 2531 5600\ninfo@la-studioweb.com\nGet direction\n<\/p>\n\n<p class='font-size-13 margin-top-30 margin-bottom-5' style='text-decoration: underline; color: #181818;'>Google map<\/p>\n<p class='margin-bottom-30' style='color: #181818;'>[la_social_link]<\/p>\n<img style='margin: 20px 0;' src='https:\/\/zuka.la-studioweb.com\/wp-content\/themes\/zuka\/assets\/images\/payments2.png'>",
          "menu": "Footer Company",
          "extra_class": "hamburger-style-header-v1",
          "width_sc_all_el_hamburger_icon_box": "40px",
          "height_sc_all_el_logo_box": "100%",
          "padding_right_sc_all_el_hamburger_box": "",
          "padding_left_sc_all_el_hamburger_box": "",
          "color_sc_all_el_menu_item": "#181818",
          "color_hover_sc_all_el_menu_item": "#dc0109",
          "font_size_sc_all_el_menu_item": "16px",
          "font_weight_sc_all_el_menu_item": "400",
          "text_transform_sc_all_el_menu_item": "capitalize",
          "line_height_sc_all_el_menu_item": "40px"
        }
      ],
      "settings": {
        "element": "header-area",
        "hidden_element": false,
        "uniqueId": "5bebed2c8bd2erow1",
        "header_type": "horizontal",
        "container_padd": "true",
        "content_position": "middle",
        "background_position_sc_all_el_background": "center center",
        "background_repeat_sc_all_el_background": "no-repeat",
        "background_cover_sc_all_el_background": "true",
        "background_position_sc_tablets_el_background": "center center",
        "background_repeat_sc_tablets_el_background": "no-repeat",
        "background_cover_sc_tablets_el_background": "true",
        "background_position_sc_mobiles_el_background": "center center",
        "background_repeat_sc_mobiles_el_background": "no-repeat",
        "background_cover_sc_mobiles_el_background": "true",
        "full_container": "true",
        "padding_right_sc_all_el_box": "",
        "padding_left_sc_all_el_box": "",
        "box_shadow_status_sc_all_el_box": "false",
        "box_shadow_status_sc_tablets_el_box": "false",
        "box_shadow_status_sc_mobiles_el_box": "false",
        "extra_class": "header-v1 header-area-padding",
        "padding_right_sc_tablets_el_box": "20",
        "padding_left_sc_tablets_el_box": "20",
        "padding_right_sc_mobiles_el_box": "20",
        "padding_left_sc_mobiles_el_box": "20",
        "height_sc_all_el_box": "120px",
        "background_color_sc_all_el_background": "#ffffff",
        "background_color_sc_mobiles_el_background": "#ffffff",
        "background_color_sc_tablets_el_background": "#ffffff"
      },
      "left_settings": {
        "element": "header-column",
        "hidden_element": false,
        "uniqueId": "5bebed2c8bd2erow1left"
      },
      "center_settings": {
        "element": "header-column",
        "hidden_element": false,
        "uniqueId": "5bebed2c8bd2erow1center"
      },
      "right_settings": {
        "element": "header-column",
        "hidden_element": false,
        "uniqueId": "5bebed2c8bd2erow1right"
      }
    },
    "row2": {
      "left": [],
      "center": [],
      "right": [],
      "settings": {
        "element": "header-area",
        "hidden_element": true,
        "uniqueId": "5bebed2c8bd2erow2"
      },
      "left_settings": {
        "element": "header-column",
        "hidden_element": false,
        "uniqueId": "5bebed2c8bd2erow2left"
      },
      "center_settings": {
        "element": "header-column",
        "hidden_element": false,
        "uniqueId": "5bebed2c8bd2erow2center"
      },
      "right_settings": {
        "element": "header-column",
        "hidden_element": false,
        "uniqueId": "5bebed2c8bd2erow2right"
      }
    },
    "row3": {
      "left": [],
      "center": [],
      "right": [],
      "settings": {
        "element": "header-area",
        "hidden_element": true,
        "uniqueId": "5bebed2c8bd2erow3"
      },
      "left_settings": {
        "element": "header-column",
        "hidden_element": false,
        "uniqueId": "5bebed2c8bd2erow3left"
      },
      "center_settings": {
        "element": "header-column",
        "hidden_element": false,
        "uniqueId": "5bebed2c8bd2erow3center"
      },
      "right_settings": {
        "element": "header-column",
        "hidden_element": false,
        "uniqueId": "5bebed2c8bd2erow3right"
      }
    }
  },
  "mobiles-view": {
    "topbar": {
      "left": [],
      "center": [],
      "right": [],
      "settings": {
        "element": "header-area",
        "hidden_element": true,
        "uniqueId": "5bebed2c8bd2etapbar"
      },
      "left_settings": {
        "element": "header-column",
        "hidden_element": false,
        "uniqueId": "5bebed2c8bd2etapbarleft"
      },
      "center_settings": {
        "element": "header-column",
        "hidden_element": false,
        "uniqueId": "5bebed2c8bd2etapbarcenter"
      },
      "right_settings": {
        "element": "header-column",
        "hidden_element": false,
        "uniqueId": "5bebed2c8bd2etapbarright"
      }
    },
    "row1": {
      "left": [
        {
          "editor_icon": "fa fa-picture-o",
          "hidden_element": false,
          "name": "logo",
          "uniqueId": "5bebed2c8bd2elogo",
          "type": "image",
          "logo": "",
          "box_shadow_status_sc_all_el_logo": "false",
          "box_shadow_status_sc_tablets_el_logo": "false",
          "box_shadow_status_sc_mobiles_el_logo": "false",
          "width_sc_all_el_logo": "62px"
        }
      ],
      "center": [],
      "right": [
        {
          "editor_icon": "fa fa-bars",
          "hidden_element": true,
          "name": "hamburger-menu",
          "uniqueId": "1542189768314",
          "hamburger_type": "toggle",
          "hamburger_icon": "3line",
          "hm_style": "light",
          "toggle_from": "right",
          "socials": "false",
          "search": "false",
          "placeholder": "Search ...",
          "copyright": "&copy; 2018 Zuka Shop. All rights reserved",
          "background_position_sc_all_el_hamburger_icon_box": "center center",
          "background_repeat_sc_all_el_hamburger_icon_box": "no-repeat",
          "background_cover_sc_all_el_hamburger_icon_box": "true",
          "background_position_sc_all_el_hamburger_box": "center center",
          "background_repeat_sc_all_el_hamburger_box": "no-repeat",
          "background_cover_sc_all_el_hamburger_box": "true",
          "background_position_sc_all_el_logo_box": "center center",
          "background_repeat_sc_all_el_logo_box": "no-repeat",
          "background_cover_sc_all_el_logo_box": "true",
          "background_position_sc_tablets_el_hamburger_icon_box": "center center",
          "background_repeat_sc_tablets_el_hamburger_icon_box": "no-repeat",
          "background_cover_sc_tablets_el_hamburger_icon_box": "true",
          "background_position_sc_tablets_el_hamburger_box": "center center",
          "background_repeat_sc_tablets_el_hamburger_box": "no-repeat",
          "background_cover_sc_tablets_el_hamburger_box": "true",
          "background_position_sc_tablets_el_logo_box": "center center",
          "background_repeat_sc_tablets_el_logo_box": "no-repeat",
          "background_cover_sc_tablets_el_logo_box": "true",
          "background_position_sc_mobiles_el_hamburger_icon_box": "center center",
          "background_repeat_sc_mobiles_el_hamburger_icon_box": "no-repeat",
          "background_cover_sc_mobiles_el_hamburger_icon_box": "true",
          "background_position_sc_mobiles_el_hamburger_box": "center center",
          "background_repeat_sc_mobiles_el_hamburger_box": "no-repeat",
          "background_cover_sc_mobiles_el_hamburger_box": "true",
          "background_position_sc_mobiles_el_logo_box": "center center",
          "background_repeat_sc_mobiles_el_logo_box": "no-repeat",
          "background_cover_sc_mobiles_el_logo_box": "true",
          "content": "true",
          "width_sc_all_el_logo_box": "40px",
          "text_content": "<div style='margin-top: 30px;'>[la_banner style='3' banner_id='3459' title_1='NEW' title_1_fz='lg:54px;md:34px;sm:20px;' title_1_lh='lg:54px;md:34px;sm:20px;' title_1_color='#ffffff']<\/div>\n\n<p class='font-size-13 margin-top-30 margin-bottom-5'>\n(+612) 2531 5600\ninfo@la-studioweb.com\nGet direction\n<\/p>\n\n<p class='font-size-13 margin-top-30 margin-bottom-5' style='text-decoration: underline; color: #181818;'>Google map<\/p>\n<p class='margin-bottom-30' style='color: #181818;'>[la_social_link]<\/p>\n<img style='margin: 20px 0;' src='https:\/\/zuka.la-studioweb.com\/wp-content\/themes\/zuka\/assets\/images\/payments2.png'>",
          "menu": "Footer Company",
          "extra_class": "hamburger-style-header-v1",
          "width_sc_all_el_hamburger_icon_box": "40px",
          "height_sc_all_el_logo_box": "100%",
          "padding_right_sc_all_el_hamburger_box": "",
          "padding_left_sc_all_el_hamburger_box": "",
          "color_sc_all_el_menu_item": "#181818",
          "color_hover_sc_all_el_menu_item": "#dc0109",
          "font_size_sc_all_el_menu_item": "16px",
          "font_weight_sc_all_el_menu_item": "400",
          "text_transform_sc_all_el_menu_item": "capitalize",
          "line_height_sc_all_el_menu_item": "40px"
        },
        {
          "editor_icon": "fa fa-align-justify",
          "hidden_element": false,
          "name": "menu",
          "uniqueId": "1542188373302",
          "show_mobile_menu": "true",
          "show_parent_arrow": "true",
          "parent_arrow_direction": "bottom",
          "background_position_sc_all_el_submenu_box": "center center",
          "background_repeat_sc_all_el_submenu_box": "no-repeat",
          "background_cover_sc_all_el_submenu_box": "true",
          "background_position_sc_all_el_responsive_menu_box": "center center",
          "background_repeat_sc_all_el_responsive_menu_box": "no-repeat",
          "background_cover_sc_all_el_responsive_menu_box": "true",
          "background_position_sc_all_el_box": "center center",
          "background_repeat_sc_all_el_box": "no-repeat",
          "background_cover_sc_all_el_box": "true",
          "background_position_sc_tablets_el_submenu_box": "center center",
          "background_repeat_sc_tablets_el_submenu_box": "no-repeat",
          "background_cover_sc_tablets_el_submenu_box": "true",
          "background_position_sc_tablets_el_responsive_menu_box": "center center",
          "background_repeat_sc_tablets_el_responsive_menu_box": "no-repeat",
          "background_cover_sc_tablets_el_responsive_menu_box": "true",
          "background_position_sc_tablets_el_box": "center center",
          "background_repeat_sc_tablets_el_box": "no-repeat",
          "background_cover_sc_tablets_el_box": "true",
          "background_position_sc_mobiles_el_submenu_box": "center center",
          "background_repeat_sc_mobiles_el_submenu_box": "no-repeat",
          "background_cover_sc_mobiles_el_submenu_box": "true",
          "background_position_sc_mobiles_el_responsive_menu_box": "center center",
          "background_repeat_sc_mobiles_el_responsive_menu_box": "no-repeat",
          "background_cover_sc_mobiles_el_responsive_menu_box": "true",
          "background_position_sc_mobiles_el_box": "center center",
          "background_repeat_sc_mobiles_el_box": "no-repeat",
          "background_cover_sc_mobiles_el_box": "true",
          "menu": "Primary Navigation",
          "show_megamenu": "true",
          "desc_item": "false",
          "full_menu": "false",
          "height_100": "true",
          "box_shadow_status_sc_all_el_submenu_box": "false",
          "box_shadow_status_sc_tablets_el_submenu_box": "false",
          "box_shadow_status_sc_mobiles_el_submenu_box": "false",
          "font_size_sc_all_el_menu_item": "14px",
          "font_weight_sc_all_el_menu_item": "400",
          "text_transform_sc_all_el_menu_item": "capitalize",
          "color_sc_all_el_menu_item": "#737373",
          "color_hover_sc_all_el_menu_item": "#000000",
          "border_style_sc_all_el_menu_item": "none",
          "border_color_sc_all_el_menu_item": "",
          "border_bottom_sc_all_el_menu_item": "",
          "background_color_hover_sc_all_el_submenu_box": "#ffffff",
          "color_sc_all_el_current_menu_item": "#000000",
          "background_color_sc_all_el_submenu_box": "#ffffff",
          "background_color_hover_sc_all_el_box": "",
          "color_sc_all_el_submenu_item": "#181818",
          "color_hover_sc_all_el_submenu_item": "#dc0109",
          "background_color_sc_all_el_submenu_item": "#ffffff",
          "background_color_hover_sc_all_el_submenu_item": "#ffffff",
          "text_transform_sc_all_el_submenu_item": "capitalize",
          "background_color_sc_all_el_submenu_currnet_item": "#ffffff",
          "background_color_hover_sc_all_el_submenu_currnet_item": "#ffffff",
          "color_sc_tablets_el_menu_item": "#bbbbbb",
          "color_hover_sc_tablets_el_menu_item": "#dc0109",
          "color_sc_tablets_el_current_menu_item": "#ffffff",
          "color_hover_sc_tablets_el_current_menu_item": "#dc0109",
          "color_sc_mobiles_el_menu_item": "#bbbbbb",
          "color_hover_sc_mobiles_el_menu_item": "#dc0109",
          "color_sc_mobiles_el_current_menu_item": "#ffffff",
          "color_hover_sc_mobiles_el_current_menu_item": "#dc0109"
        },
        {
          "editor_icon": "fa fa-search",
          "hidden_element": false,
          "name": "search",
          "uniqueId": "1542189858866",
          "type": "full",
          "icon_type": "la",
          "tooltip_text": "Tooltip Text",
          "tooltip_position": "tooltip-on-bottom",
          "text_beside_icon": "",
          "float_sc_all_el_custom_text": "left",
          "background_position_sc_all_el_background": "center center",
          "background_repeat_sc_all_el_background": "no-repeat",
          "background_cover_sc_all_el_background": "true",
          "background_position_sc_all_el_search_form": "center center",
          "background_repeat_sc_all_el_search_form": "no-repeat",
          "background_cover_sc_all_el_search_form": "true",
          "background_position_sc_all_el_search_form_input": "center center",
          "background_repeat_sc_all_el_search_form_input": "no-repeat",
          "background_cover_sc_all_el_search_form_input": "true",
          "background_position_sc_all_el_full_page_search": "center center",
          "background_repeat_sc_all_el_full_page_search": "no-repeat",
          "background_cover_sc_all_el_full_page_search": "true",
          "float_sc_tablets_el_custom_text": "left",
          "background_position_sc_tablets_el_background": "center center",
          "background_repeat_sc_tablets_el_background": "no-repeat",
          "background_cover_sc_tablets_el_background": "true",
          "background_position_sc_tablets_el_search_form": "center center",
          "background_repeat_sc_tablets_el_search_form": "no-repeat",
          "background_cover_sc_tablets_el_search_form": "true",
          "background_position_sc_tablets_el_search_form_input": "center center",
          "background_repeat_sc_tablets_el_search_form_input": "no-repeat",
          "background_cover_sc_tablets_el_search_form_input": "true",
          "background_position_sc_tablets_el_full_page_search": "center center",
          "background_repeat_sc_tablets_el_full_page_search": "no-repeat",
          "background_cover_sc_tablets_el_full_page_search": "true",
          "float_sc_mobiles_el_custom_text": "left",
          "background_position_sc_mobiles_el_background": "center center",
          "background_repeat_sc_mobiles_el_background": "no-repeat",
          "background_cover_sc_mobiles_el_background": "true",
          "background_position_sc_mobiles_el_search_form": "center center",
          "background_repeat_sc_mobiles_el_search_form": "no-repeat",
          "background_cover_sc_mobiles_el_search_form": "true",
          "background_position_sc_mobiles_el_search_form_input": "center center",
          "background_repeat_sc_mobiles_el_search_form_input": "no-repeat",
          "background_cover_sc_mobiles_el_search_form_input": "true",
          "background_position_sc_mobiles_el_full_page_search": "center center",
          "background_repeat_sc_mobiles_el_full_page_search": "no-repeat",
          "background_cover_sc_mobiles_el_full_page_search": "true",
          "show_tooltip": "false",
          "top_arrow": "false",
          "searchbox_icon": "false",
          "box_shadow_status_sc_all_el_search_form": "false",
          "box_shadow_status_sc_tablets_el_search_form": "false",
          "box_shadow_status_sc_mobiles_el_search_form": "false",
          "width_sc_all_el_box": "40px",
          "background_color_sc_all_el_background": "",
          "background_color_sc_all_el_full_page_search": "#0a0a0a",
          "color_sc_all_el_icon": "#181818",
          "font_size_sc_all_el_icon": "",
          "height_sc_all_el_box": "100%"
        },
        {
          "editor_icon": "fa fa-shopping-cart",
          "hidden_element": false,
          "name": "cart",
          "uniqueId": "1542189824343",
          "cart_icon": "dl__icon-cart25",
          "tooltip_text": "Tooltip Text",
          "tooltip_position": "tooltip-on-bottom",
          "background_position_sc_all_el_box": "center center",
          "background_repeat_sc_all_el_box": "no-repeat",
          "background_cover_sc_all_el_box": "true",
          "background_position_sc_all_el_products_box": "center center",
          "background_repeat_sc_all_el_products_box": "no-repeat",
          "background_cover_sc_all_el_products_box": "true",
          "background_position_sc_tablets_el_box": "center center",
          "background_repeat_sc_tablets_el_box": "no-repeat",
          "background_cover_sc_tablets_el_box": "true",
          "background_position_sc_tablets_el_products_box": "center center",
          "background_repeat_sc_tablets_el_products_box": "no-repeat",
          "background_cover_sc_tablets_el_products_box": "true",
          "background_position_sc_mobiles_el_box": "center center",
          "background_repeat_sc_mobiles_el_box": "no-repeat",
          "background_cover_sc_mobiles_el_box": "true",
          "background_position_sc_mobiles_el_products_box": "center center",
          "background_repeat_sc_mobiles_el_products_box": "no-repeat",
          "background_cover_sc_mobiles_el_products_box": "true",
          "show_tooltip": "false",
          "width_sc_all_el_box": "40px",
          "color_sc_all_el_icon": "#181818",
          "font_size_sc_all_el_icon": "",
          "height_sc_all_el_box": "100%",
          "margin_right_sc_all_el_box": "10"
        }
      ],
      "settings": {
        "element": "header-area",
        "hidden_element": false,
        "uniqueId": "5bebed2c8bd2erow1",
        "header_type": "horizontal",
        "container_padd": "true",
        "content_position": "middle",
        "background_position_sc_all_el_background": "center center",
        "background_repeat_sc_all_el_background": "no-repeat",
        "background_cover_sc_all_el_background": "true",
        "background_position_sc_tablets_el_background": "center center",
        "background_repeat_sc_tablets_el_background": "no-repeat",
        "background_cover_sc_tablets_el_background": "true",
        "background_position_sc_mobiles_el_background": "center center",
        "background_repeat_sc_mobiles_el_background": "no-repeat",
        "background_cover_sc_mobiles_el_background": "true",
        "full_container": "true",
        "padding_right_sc_all_el_box": "",
        "padding_left_sc_all_el_box": "",
        "box_shadow_status_sc_all_el_box": "false",
        "box_shadow_status_sc_tablets_el_box": "false",
        "box_shadow_status_sc_mobiles_el_box": "false",
        "extra_class": "header-v1 header-area-padding",
        "padding_right_sc_tablets_el_box": "20",
        "padding_left_sc_tablets_el_box": "20",
        "padding_right_sc_mobiles_el_box": "20",
        "padding_left_sc_mobiles_el_box": "20",
        "height_sc_all_el_box": "120px",
        "background_color_sc_all_el_background": "#ffffff",
        "background_color_sc_mobiles_el_background": "#ffffff",
        "background_color_sc_tablets_el_background": "#ffffff"
      },
      "left_settings": {
        "element": "header-column",
        "hidden_element": false,
        "uniqueId": "5bebed2c8bd2erow1left"
      },
      "center_settings": {
        "element": "header-column",
        "hidden_element": false,
        "uniqueId": "5bebed2c8bd2erow1center"
      },
      "right_settings": {
        "element": "header-column",
        "hidden_element": false,
        "uniqueId": "5bebed2c8bd2erow1right"
      }
    },
    "row2": {
      "left": [],
      "center": [],
      "right": [],
      "settings": {
        "element": "header-area",
        "hidden_element": true,
        "uniqueId": "5bebed2c8bd2erow2"
      },
      "left_settings": {
        "element": "header-column",
        "hidden_element": false,
        "uniqueId": "5bebed2c8bd2erow2left"
      },
      "center_settings": {
        "element": "header-column",
        "hidden_element": false,
        "uniqueId": "5bebed2c8bd2erow2center"
      },
      "right_settings": {
        "element": "header-column",
        "hidden_element": false,
        "uniqueId": "5bebed2c8bd2erow2right"
      }
    },
    "row3": {
      "left": [],
      "center": [],
      "right": [],
      "settings": {
        "element": "header-area",
        "hidden_element": true,
        "uniqueId": "5bebed2c8bd2erow3"
      },
      "left_settings": {
        "element": "header-column",
        "hidden_element": false,
        "uniqueId": "5bebed2c8bd2erow3left"
      },
      "center_settings": {
        "element": "header-column",
        "hidden_element": false,
        "uniqueId": "5bebed2c8bd2erow3center"
      },
      "right_settings": {
        "element": "header-column",
        "hidden_element": false,
        "uniqueId": "5bebed2c8bd2erow3right"
      }
    }
  }
}