{"layout":"col-2cl","body_boxed":"no","body_max_width":"1230","main_full_width":"no","main_space":{"top":"","bottom":""},"backtotop_btn":"no","favicon":"","favicon_iphone":"","favicon_ipad":"","logo":"","logo_2x":"","logo_transparency":"","logo_transparency_2x":"","logo_mobile":"","logo_mobile_2x":"","logo_mobile_transparency":"","logo_mobile_transparency_2x":"","body_background":{"image":"","repeat":"repeat","position":"left top","attachment":"","size":"","color":""},"body_boxed_background":{"image":"","repeat":"repeat","position":"left top","attachment":"","size":"","color":""},"text_color":"#8d8d8d","heading_color":"#262626","primary_color":"#d25b5b","secondary_color":"#262626","three_color":"#e7e7e7","border_color":"#e7e7e7","page_loading_animation":"on","page_loading_style":"3","page_loading_custom":"","body_font_size":"13px","megamenu_lv1":"16px","megamenu_heading":"13px","megamenu_lv2":"12px","megamenu_lv3":"12px","font_source":"1","main_font":{"family":"Poppins","variant":["100","300","regular","500","600","700"],"font":"google"},"secondary_font":{"family":"Poppins","variant":["100","300","regular","500","600","700"],"font":"google"},"highlight_font":{"family":"Playfair Display","variant":["regular","italic"],"font":"google"},"font_google_code":"","main_google_font_face":"","secondary_google_font_face":"","highlight_google_font_face":"","font_typekit_kit_id":"","main_typekit_font_face":"","secondary_typekit_font_face":"","highlight_typekit_font_face":"","header_layout":"2","header_full_width":"yes","header_transparency":"no","header_sticky":"auto","header_access_icon_1":[{"type":"search_1","el_class":""},{"type":"dropdown_menu","icon":"fa fa-user","menu_id":72,"el_class":""},{"type":"cart","icon":"dl-icon-cart1","link":"#","el_class":""}],"enable_searchbox_header":"no","enable_header_top":"yes","use_custom_header_top":"","header_background":{"image":"","repeat":"repeat","position":"left top","attachment":"","size":"","color":"#fff"},"header_text_color":"#262626","header_link_color":"#262626","header_link_hover_color":"#d25b5b","mm_lv_1_color":"#262626","mm_lv_1_bg_color":"rgba(0,0,0,0)","mm_lv_1_hover_color":"#d25b5b","mm_lv_1_hover_bg_color":"rgba(0,0,0,0)","header_top_background_color":"rgba(0,0,0,0)","header_top_text_color":"#262626","header_top_link_color":"#262626","header_top_link_hover_color":"#d25b5b","transparency_header_background":{"image":"","repeat":"repeat","position":"left top","attachment":"","size":"","color":"rgba(0,0,0,0)"},"transparency_header_text_color":"#262626","transparency_header_link_color":"#262626","transparency_header_link_hover_color":"#d25b5b","transparency_mm_lv_1_color":"#262626","transparency_mm_lv_1_bg_color":"rgba(0,0,0,0)","transparency_mm_lv_1_hover_color":"#d25b5b","transparency_mm_lv_1_hover_bg_color":"rgba(0,0,0,0)","transparency_header_top_background_color":"rgba(0,0,0,0)","transparency_header_top_text_color":"#262626","transparency_header_top_link_color":"#262626","transparency_header_top_link_hover_color":"#d25b5b","offcanvas_background":"#fff","offcanvas_text_color":"#262626","offcanvas_heading_color":"#262626","offcanvas_link_color":"#262626","offcanvas_link_hover_color":"#d25b5b","mm_dropdown_bg":"#fff","mm_dropdown_link_color":"#8d8d8d","mm_dropdown_link_bg":"rgba(0,0,0,0)","mm_dropdown_link_hover_color":"#262626","mm_dropdown_link_hover_bg":"rgba(0,0,0,0)","mm_wide_dropdown_bg":"#fff","mm_wide_dropdown_heading_color":"#262626","mm_wide_dropdown_link_color":"#8d8d8d","mm_wide_dropdown_link_bg":"rgba(0,0,0,0)","mm_wide_dropdown_link_hover_color":"#262626","mm_wide_dropdown_link_hover_bg":"rgba(0,0,0,0)","header_mb_layout":"2","mm_mb_effect":"1","header_mb_component_1":{"1":{"type":"search_1","icon":"","text":"","link":"","menu_id":"16","el_class":""},"2":{"type":"primary_menu","icon":"","text":"","link":"","menu_id":"16","el_class":""}},"enable_header_mb_footer_bar":"yes","header_mb_footer_bar_component":{"1":{"type":"dropdown_menu","icon":"dl-icon-user4","text":"","link":"#","menu_id":"72","el_class":""},"2":{"type":"wishlist","icon":"dl-icon-heart2","text":"","link":"#","menu_id":"74","el_class":""},"3":{"type":"compare","icon":"dl-icon-compare2","text":"","link":"#","menu_id":"74","el_class":""},"4":{"type":"cart","icon":"dl-icon-cart25","text":"","link":"#","menu_id":"74","el_class":"force-display-on-mobile"}},"enable_header_mb_footer_bar_sticky":"always","header_mb_background":"#fff","header_mb_text_color":"#262626","header_mb_transparency_background":"#fff","header_mb_transparency_text_color":"#262626","mb_background":"#fff","mb_lv_1_color":"#262626","mb_lv_1_bg_color":"rgba(0,0,0,0)","mb_lv_1_hover_color":"#d25b5b","mb_lv_1_hover_bg_color":"rgba(0,0,0,0)","mb_lv_2_color":"#262626","mb_lv_2_bg_color":"rgba(0,0,0,0)","mb_lv_2_hover_color":"#fff","mb_lv_2_hover_bg_color":"#d25b5b","header_height":"80px","header_sticky_height":"80px","header_sm_height":"100px","header_sm_sticky_height":"80px","header_mb_height":"70px","header_mb_sticky_height":"70px","page_title_bar_layout":"1","enable_page_title_subtext":"no","page_title_custom_subtext":"","page_title_font_size":{"xlg":"","lg":"","md":"","sm":"","xs":"","mb":""},"page_title_bar_background":{"image":"","repeat":"repeat","position":"left top","attachment":"","size":"","color":"#fff9f9"},"page_title_bar_heading_color":"#262626","page_title_bar_text_color":"#262626","page_title_bar_link_color":"#8d8d8d","page_title_bar_link_hover_color":"#262626","page_title_bar_spacing":{"top":"70","bottom":"65"},"page_title_bar_spacing_tablet":{"top":"45","bottom":"45"},"page_title_bar_spacing_mobile":{"top":"25","bottom":"25"},"woo_override_page_title_bar":"off","woo_page_title_bar_layout":"hide","woo_page_title_font_size":{"xlg":"","lg":"","md":"","sm":"","xs":"","mb":""},"woo_page_title_bar_background":{"image":"","repeat":"repeat","position":"left top","attachment":"","size":"","color":""},"woo_page_title_bar_heading_color":"","woo_page_title_bar_text_color":"","woo_page_title_bar_link_color":"","woo_page_title_bar_link_hover_color":"","woo_page_title_bar_spacing":{"top":"","bottom":""},"woo_page_title_bar_spacing_tablet":{"top":"","bottom":""},"woo_page_title_bar_spacing_mobile":{"top":"","bottom":""},"archive_portfolio_override_page_title_bar":"off","archive_portfolio_page_title_bar_layout":"hide","archive_portfolio_page_title_font_size":{"xlg":"","lg":"","md":"","sm":"","xs":"","mb":""},"archive_portfolio_page_title_bar_background":{"image":"","repeat":"repeat","position":"left top","attachment":"","size":"","color":""},"archive_portfolio_page_title_bar_heading_color":"","archive_portfolio_page_title_bar_text_color":"","archive_portfolio_page_title_bar_link_color":"","archive_portfolio_page_title_bar_link_hover_color":"","archive_portfolio_page_title_bar_spacing":{"top":"","bottom":""},"archive_portfolio_page_title_bar_spacing_tablet":{"top":"","bottom":""},"archive_portfolio_page_title_bar_spacing_mobile":{"top":"","bottom":""},"single_post_override_page_title_bar":"off","single_post_page_title_bar_layout":"hide","single_post_page_title_font_size":{"xlg":"","lg":"","md":"","sm":"","xs":"","mb":""},"single_post_page_title_bar_background":{"image":"","repeat":"repeat","position":"left top","attachment":"","size":"","color":""},"single_post_page_title_bar_heading_color":"","single_post_page_title_bar_text_color":"","single_post_page_title_bar_link_color":"","single_post_page_title_bar_link_hover_color":"","single_post_page_title_bar_spacing":{"top":"","bottom":""},"single_post_page_title_bar_spacing_tablet":{"top":"","bottom":""},"single_post_page_title_bar_spacing_mobile":{"top":"","bottom":""},"single_product_override_page_title_bar":"off","single_product_page_title_bar_layout":"hide","single_product_page_title_font_size":{"xlg":"","lg":"","md":"","sm":"","xs":"","mb":""},"single_product_page_title_bar_background":{"image":"","repeat":"repeat","position":"left top","attachment":"","size":"","color":""},"single_product_page_title_bar_heading_color":"","single_product_page_title_bar_text_color":"","single_product_page_title_bar_link_color":"","single_product_page_title_bar_link_hover_color":"","single_product_page_title_bar_spacing":{"top":"","bottom":""},"single_product_page_title_bar_spacing_tablet":{"top":"","bottom":""},"single_product_page_title_bar_spacing_mobile":{"top":"","bottom":""},"single_portfolio_override_page_title_bar":"off","single_portfolio_page_title_bar_layout":"hide","single_portfolio_page_title_font_size":{"xlg":"","lg":"","md":"","sm":"","xs":"","mb":""},"single_portfolio_page_title_bar_background":{"image":"","repeat":"repeat","position":"left top","attachment":"","size":"","color":""},"single_portfolio_page_title_bar_heading_color":"","single_portfolio_page_title_bar_text_color":"","single_portfolio_page_title_bar_link_color":"","single_portfolio_page_title_bar_link_hover_color":"","single_portfolio_page_title_bar_spacing":{"top":"","bottom":""},"single_portfolio_page_title_bar_spacing_tablet":{"top":"","bottom":""},"single_portfolio_page_title_bar_spacing_mobile":{"top":"","bottom":""},"footer_layout":"1col","footer_full_width":"no","enable_footer_copyright":"yes","footer_copyright":"\n<div class=\"row font-size-11\">\n\t<div class=\"col-xs-12 col-sm-6 xs-text-center\">\n\t\t\u00a9 2018 Veera All rights reserved\n\t<\/div>\n\t<div class=\"col-xs-12 col-sm-6 text-right xs-text-center font-size-14 text-color-white\">\n\t\t[la_social_link]\n\t<\/div>\n<\/div>\n","footer_background":{"color":"#262626"},"footer_space":{"padding_top":"50px","padding_bottom":"0"},"footer_text_color":"#8D8D8D","footer_heading_color":"#fff","footer_link_color":"#fff","footer_link_hover_color":"#8D8D8D","footer_copyright_background_color":"#262626","footer_copyright_text_color":"#8D8D8D","footer_copyright_link_color":"#fff","footer_copyright_link_hover_color":"#8D8D8D","layout_blog":"col-2cr","blog_small_layout":"off","page_title_bar_layout_blog_global":"on","blog_design":"list_1","blog_post_column":{"xlg":"1","lg":"1","md":"1","sm":"1","xs":"1","mb":"1"},"blog_item_space":"default","featured_images_blog":"on","blog_thumbnail_height_mode":"original","blog_thumbnail_height_custom":"50%","blog_thumbnail_size":"full","blog_content_display":"excerpt","blog_excerpt_length":"20","blog_masonry":"off","blog_pagination_type":"infinite_scroll","layout_single_post":"col-2cr","single_small_layout":"on","featured_images_single":"on","single_post_thumbnail_size":"770x390","blog_pn_nav":"off","blog_post_title":"below","blog_author_info":"off","blog_social_sharing_box":"on","blog_related_posts":"on","blog_related_design":"1","blog_related_by":"random","blog_related_max_post":"6","blog_comments":"on","layout_archive_product":"col-1c","main_full_width_archive_product":"inherit","main_space_archive_product":{"top":"","bottom":""},"catalog_mode":"off","catalog_mode_price":"off","active_shop_filter":"on","hide_shop_toolbar":"off","woocommerce_toggle_grid_list":"on","shop_catalog_display_type":"grid","shop_catalog_grid_style":"1","active_shop_masonry":"off","shop_masonry_column_type":"default","product_masonry_container_width":"1170","product_masonry_image_size":"shop_catalog","product_masonry_item_width":"270","product_masonry_item_height":"390","woocommerce_shop_page_columns":{"xlg":"4","lg":"4","md":"3","sm":"2","xs":"1","mb":"1"},"woocommerce_shop_masonry_columns":{"xlg":"4","lg":"4","md":"3","sm":"2","xs":"1","mb":"1"},"woocommerce_shop_masonry_custom_columns":{"md":"3","sm":"2","xs":"1","mb":"1"},"enable_shop_masonry_custom_setting":"off","shop_masonry_item_setting":[{"size_name":"1x Width + 1x Height","w":"0.5","h":"0.5"}],"shop_item_space":"default","product_per_page_allow":"12,15,30","product_per_page_default":"12","woocommerce_pagination_type":"pagination","woocommerce_load_more_text":"Load More Products","woocommerce_enable_crossfade_effect":"on","woocommerce_show_rating_on_catalog":"on","woocommerce_show_addcart_btn":"on","woocommerce_show_quickview_btn":"on","woocommerce_show_wishlist_btn":"on","woocommerce_show_compare_btn":"on","layout_single_product":"col-1c","main_full_width_single_product":"yes","main_space_single_product":{"top":"","bottom":""},"woocommerce_product_page_design":"2","single_ajax_add_cart":"yes","move_woo_tabs_to_bottom":"no","woocommerce_gallery_zoom":"yes","woocommerce_gallery_lightbox":"yes","product_single_hide_breadcrumb":"no","product_single_hide_page_title":"no","product_single_hide_product_title":"no","product_gallery_column":{"xlg":"3","lg":"3","md":"3","sm":"5","xs":"4","mb":"3"},"product_sharing":"on","related_products":"on","related_product_title":"Related Products","related_product_subtitle":"","related_products_columns":{"xlg":"4","lg":"4","md":"3","sm":"2","xs":"2","mb":"1"},"upsell_products":"on","upsell_product_title":"Up-Sells Products","upsell_product_subtitle":"","upsell_products_columns":{"xlg":"4","lg":"4","md":"3","sm":"2","xs":"2","mb":"1"},"woo_enable_custom_tab":"off","woo_custom_tab_title":"","woo_custom_tab_content":"","crosssell_products":"on","crosssell_product_title":"Related Products","crosssell_product_subtitle":"","crosssell_products_columns":{"xlg":"4","lg":"4","md":"3","sm":"2","xs":"1","mb":"1"},"wishlist_page":"706","compare_page":"709","compare_attribute":["image","title","add-to-cart","price","sku","description","stock","weight","dimensions"],"portfolio_custom_name":"Portfolios","portfolio_custom_name2":"Portfolio","portfolio_custom_slug":"portfolio","portfolio_cat_custom_name":"Portfolio Categories","portfolio_cat_custom_name2":"Portfolio Category","portfolio_cat_custom_slug":"portfolio-category","portfolio_skill_custom_name":"Portfolio Skills","portfolio_skill_custom_name2":"Portfolio Skill","portfolio_skill_custom_slug":"portfolio-skill","layout_archive_portfolio":"col-1c","main_full_width_archive_portfolio":"yes","main_space_archive_portfolio":{"top":"","bottom":""},"portfolio_display_type":"grid","portfolio_thumbnail_height_mode":"1-1","portfolio_thumbnail_height_custom":"70%","portfolio_item_space":"20","portfolio_display_style":"1","portfolio_column":{"xlg":"4","lg":"4","md":"3","sm":"3","xs":"1","mb":"1"},"portfolio_per_page":"8","portfolio_thumbnail_size":"full","layout_single_portfolio":"col-1c","single_portfolio_nextprev":"on","social_links":{"1":{"title":"Facebook","icon":"fa fa-facebook","link":"#"},"2":{"title":"Twitter","icon":"fa fa-twitter","link":"#"},"3":{"title":"Pinterest","icon":"fa fa-pinterest-p","link":"#"}},"sharing_facebook":true,"sharing_twitter":true,"sharing_google_plus":true,"sharing_pinterest":true,"google_key":"AIzaSyA6VkuNaAbF_2KCisr6u9uvNXqInS7FTcc","instagram_token":"8205164261.3a81a9f.ba755ce4da85464b8a9a3e15a15c7db4","la_custom_css":".b-title2.bitmap-30off {\r\n    background-image: url(\/\/veera.la-studioweb.com\/wp-content\/uploads\/2018\/07\/30-off.png);\r\n    background-size: contain;\r\n    background-repeat: no-repeat;\r\n    background-position: center;\r\n    font-size: 0;\r\n    padding-bottom: 24%;\r\n}\r\n.section-page-header .page-title {\r\n    font-weight: normal;\r\n}\r\n.la-breadcrumbs {\r\n    font-size: 12px;\r\n}\r\nbody.error404 {\r\n    background-image: url(\/\/veera.la-studioweb.com\/wp-content\/uploads\/2018\/07\/404-bg.jpg);\r\n    background-size: cover;\r\n    background-position: center top;\r\n}\r\n.error404 #colophon {\r\n    display: none;\r\n}\r\n.customerdefine-404-content {\r\n    font-size: 14px;\r\n    color: #262626;\r\n}\r\n.customerdefine-404-content h1 {\r\n    font-size: 150px;\r\n    font-weight: 300;\r\n    line-height: 1;\r\n}\r\n.customerdefine-404-content h3 {\r\n    font-weight: normal;\r\n}\r\n.customerdefine-404-content .btn-wrapper {\r\n    margin-top: 20px;\r\n}\r\n.footer-bottom .footer-bottom-inner {\r\n    border-top: 1px solid #DEDEDE;\r\n}\r\n#rev_slider_1_1 .larev-dot.tp-bullets {\r\n    left: 85% !important;\r\n}\r\n@media(max-width: 800px){\r\n\t#rev_slider_1_1 .larev-dot.tp-bullets {\r\n\t\t\tleft: 130% !important;\r\n\t\t\ttop: 110% !important;\r\n\t}\r\n}\n.site-header-top{\n    font-size: 14px;\n    text-align: center;\n}\n.m3_header_top_text{\n    float: none;\n    display: inline-block;\n    margin: 0;\n}\n.m3_header_top_text .component-target .component-target-text{\n    color: #D25B5B;\n}\n.site-main-nav .main-menu > li > a{\n    font-weight: 400;\n}\nheader#masthead:not(.is-sticky) .site-header-top + .site-header-outer .header-main{\n    padding-top: 25px;\n}\n.footer-bottom .footer-bottom-inner{\n    border: none;\n}\n","header_js":"","footer_js":"","404_page_content":"<h1>404<\/h1>\r\n<h3>Page cannot be found !<\/h3>\r\nIt looks like nothing was found at this location.\r\nMaybe try a search?\r\n\r\n[la_btn title=\"Back to home\" link=\"url:https%3A%2F%2Fveera.la-studioweb.com%2F|target:_self\" style=\"flat\" border_width=\"0\" shape=\"square\" color=\"black\" size=\"md\" align=\"left\" el_class=\"font-weight-400\"]","enable_newsletter_popup":true,"popup_max_width":"920","popup_max_height":"490","popup_background":{"image":"https:\/\/veera.la-studioweb.com\/wp-content\/uploads\/2018\/07\/background_newsletter.jpg","repeat":"no-repeat","position":"center center","attachment":"","size":"cover","color":""},"only_show_newsletter_popup_on_home_page":true,"disable_popup_on_mobile":true,"newsletter_popup_delay":"2000","show_checkbox_hide_newsletter_popup":true,"popup_dont_show_text":"Do not show popup anymore","newsletter_popup_show_again":"1","newsletter_popup_content":"<h3 class=\"light\">Email for Newsletter<\/h3>\r\nRemovable belt at the waist. Two patch pockets on the front. Button fastening on the front section.\r\n\r\n[yikes-mailchimp form=\"1\"]","enable_maintenance":"no","maintenance_page":"","import":"","header_access_icon_2":"","header_top_elements":[{"type":"link_text","icon":"fa fa-envelope-o","text":"info@la-studioweb.com","link":"mailto:info@la-studioweb.com","el_class":"hidden-xs"},{"type":"text","icon":"fa fa-clock-o","text":"9:00 AM - 21:00 PM","el_class":"hidden-xs"},{"type":"text","text":"Huge sale discount weekend up 70%! Shop now","el_class":"m3_header_top_text hidden-xs hidden-sm"},{"type":"dropdown_menu","text":"Currency","icon":"fa fa-dollar","menu_id":74,"el_class":"la_com_dropdown_show_arrow la_com_dropdown_currency"},{"type":"dropdown_menu","text":"Language","menu_id":73,"icon":"fa fa-globe","el_class":"la_com_dropdown_show_arrow la_com_dropdown_language"}],"header_mb_component_2":"","pages_global_sidebar":"","portfolio_global_sidebar":"","portfolio_archive_global_sidebar":"","posts_global_sidebar":"","blog_archive_global_sidebar":"","sharing_reddit":"","sharing_linkedin":"","sharing_tumblr":"","sharing_line":"","sharing_whatapps":"","sharing_telegram":"","sharing_vk":"","sharing_email":""}