{
  "layout": "col-2cl",
  "body_boxed": "no",
  "body_max_width": "1230",
  "main_full_width": "no",
  "main_space": {
    "top": "70",
    "bottom": "60"
  },
  "google_rich_snippets": "no",
  "backtotop_btn": "no",
  "favicon": "",
  "favicon_iphone": "",
  "favicon_ipad": "",
  "logo": "500",
  "logo_2x": "501",
  "logo_transparency": 504,
  "logo_transparency_2x": 505,
  "logo_mobile": "500",
  "logo_mobile_2x": "501",
  "logo_mobile_transparency": "",
  "logo_mobile_transparency_2x": "",
  "body_background": {
    "image": "",
    "repeat": "repeat",
    "position": "left top",
    "attachment": "",
    "size": "",
    "color": ""
  },
  "body_boxed_background": {
    "image": "",
    "repeat": "repeat",
    "position": "left top",
    "attachment": "",
    "size": "",
    "color": ""
  },
  "text_color": "#8a8a8a",
  "heading_color": "#343538",
  "primary_color": "#e7d7cb",
  "secondary_color": "#343538",
  "three_color": "#9d9d9d",
  "border_color": "#e8e8e8",
  "page_loading_animation": "on",
  "page_loading_style": "5",
  "page_loading_custom": "",
  "body_font_size": "14px",
  "font_source": "1",
  "main_font": {
    "family": "Poppins",
    "variant": [
      "100",
      "regular",
      "700"
    ],
    "font": "google"
  },
  "secondary_font": {
    "family": "Poppins",
    "variant": [
      "700"
    ],
    "font": "google"
  },
  "highlight_font": {
    "family": "Playfair Display",
    "variant": [
      "regular",
      "italic",
      "700",
      "700italic"
    ],
    "font": "google"
  },
  "font_google_code": "",
  "main_google_font_face": "",
  "secondary_google_font_face": "",
  "highlight_google_font_face": "",
  "font_typekit_kit_id": "",
  "main_typekit_font_face": "",
  "secondary_typekit_font_face": "",
  "highlight_typekit_font_face": "",
  "header_layout": "5",
  "header_full_width": "yes",
  "header_transparency": "no",
  "header_sticky": "auto",
  "header_access_icon_1": [],
  "enable_header_top": "no",
  "use_custom_header_top": "",
  "header_background": {
    "image": "",
    "repeat": "repeat",
    "position": "left top",
    "attachment": "",
    "size": "",
    "color": "#fff"
  },
  "header_text_color": "#343538",
  "header_link_color": "#343538",
  "header_link_hover_color": "#ffbb9a",
  "mm_lv_1_color": "#343538",
  "mm_lv_1_bg_color": "rgba(0,0,0,0)",
  "mm_lv_1_hover_color": "#ffbb9a",
  "mm_lv_1_hover_bg_color": "rgba(0,0,0,0)",
  "header_top_background_color": "rgba(0,0,0,0)",
  "header_top_text_color": "#8a8a8a",
  "header_top_link_color": "#8a8a8a",
  "header_top_link_hover_color": "#ffbb9a",
  "transparency_header_background": {
    "image": "",
    "repeat": "repeat",
    "position": "left top",
    "attachment": "",
    "size": "",
    "color": "rgba(0,0,0,0)"
  },
  "transparency_header_text_color": "#343538",
  "transparency_header_link_color": "#343538",
  "transparency_header_link_hover_color": "#ffbb9a",
  "transparency_mm_lv_1_color": "rgba(255,255,255,0.7)",
  "transparency_mm_lv_1_bg_color": "rgba(0,0,0,0)",
  "transparency_mm_lv_1_hover_color": "rgba(255,255,255,1)",
  "transparency_mm_lv_1_hover_bg_color": "rgba(0,0,0,0)",
  "transparency_header_top_background_color": "rgba(0,0,0,0)",
  "transparency_header_top_text_color": "#343538",
  "transparency_header_top_link_color": "#343538",
  "transparency_header_top_link_hover_color": "#ffbb9a",
  "offcanvas_background": "#fff",
  "offcanvas_text_color": "#343538",
  "offcanvas_heading_color": "#232324",
  "offcanvas_link_color": "#343538",
  "offcanvas_link_hover_color": "#e7d7cb",
  "mm_dropdown_bg": "#232324",
  "mm_dropdown_link_color": "#8a8a8a",
  "mm_dropdown_link_bg": "rgba(0,0,0,0)",
  "mm_dropdown_link_hover_color": "#ffffff",
  "mm_dropdown_link_hover_bg": "rgba(0,0,0,0)",
  "mm_wide_dropdown_bg": "#232324",
  "mm_wide_dropdown_heading_color": "#ffffff",
  "mm_wide_dropdown_link_color": "#8a8a8a",
  "mm_wide_dropdown_link_bg": "rgba(0,0,0,0)",
  "mm_wide_dropdown_link_hover_color": "#ffffff",
  "mm_wide_dropdown_link_hover_bg": "rgba(0,0,0,0)",
  "header_mb_layout": "2",
  "mm_mb_effect": "1",
  "header_mb_component_1": {
    "1": {
      "type": "search_1",
      "icon": "",
      "text": "",
      "link": "",
      "menu_id": "16",
      "el_class": ""
    },
    "2": {
      "type": "primary_menu",
      "icon": "",
      "text": "",
      "link": "",
      "menu_id": "16",
      "el_class": ""
    }
  },
  "enable_header_mb_footer_bar": "yes",
  "header_mb_footer_bar_component": {
    "1": {
      "type": "dropdown_menu",
      "icon": "dl-icon-user2",
      "text": "",
      "link": "http:\/\/lapa.la-studioweb.com\/my-account\/",
      "menu_id": "20",
      "el_class": ""
    },
    "2": {
      "type": "wishlist",
      "icon": "dl-icon-heart2",
      "text": "",
      "link": "http:\/\/lapa.la-studioweb.com\/wishlist\/",
      "menu_id": "20",
      "el_class": ""
    },
    "3": {
      "type": "compare",
      "icon": "dl-icon-compare2",
      "text": "",
      "link": "http:\/\/lapa.la-studioweb.com\/compare\/",
      "menu_id": "20",
      "el_class": ""
    },
    "4": {
      "type": "cart",
      "icon": "dl-icon-cart28",
      "text": "",
      "link": "#",
      "menu_id": "20",
      "el_class": ""
    }
  },
  "header_mb_background": "#fff",
  "header_mb_text_color": "#343538",
  "header_mb_transparency_background": "#fff",
  "header_mb_transparency_text_color": "#343538",
  "mb_background": "#fff",
  "mb_lv_1_color": "#343538",
  "mb_lv_1_bg_color": "rgba(0,0,0,0)",
  "mb_lv_1_hover_color": "#ffbb9a",
  "mb_lv_1_hover_bg_color": "rgba(0,0,0,0)",
  "mb_lv_2_color": "#343538",
  "mb_lv_2_bg_color": "rgba(0,0,0,0)",
  "mb_lv_2_hover_color": "#fff",
  "mb_lv_2_hover_bg_color": "#ffbb9a",
  "header_height": "110px",
  "header_sticky_height": "100px",
  "header_sm_height": "110px",
  "header_sm_sticky_height": "100px",
  "header_mb_height": "70px",
  "header_mb_sticky_height": "70px",
  "page_title_bar_layout": "1",
  "enable_page_title_subtext": "no",
  "page_title_custom_subtext": "",
  "page_title_font_size": {
    "xlg": "60px",
    "lg": "40px",
    "md": "30px",
    "sm": "20px",
    "xs": "",
    "mb": ""
  },
  "page_title_bar_background": {
    "image": "http:\/\/lapa.la-studioweb.com\/wp-content\/uploads\/2018\/03\/bg-page-header.png",
    "repeat": "repeat",
    "position": "left top",
    "attachment": "",
    "size": "",
    "color": ""
  },
  "page_title_bar_heading_color": "#343538",
  "page_title_bar_text_color": "#343538",
  "page_title_bar_link_color": "#343538",
  "page_title_bar_link_hover_color": "#ffbb9a",
  "page_title_bar_spacing": {
    "top": "170",
    "bottom": "90"
  },
  "page_title_bar_spacing_tablet": {
    "top": "25",
    "bottom": "25"
  },
  "page_title_bar_spacing_mobile": {
    "top": "25",
    "bottom": "25"
  },
  "woo_override_page_title_bar": "off",
  "woo_page_title_bar_layout": "hide",
  "woo_page_title_font_size": {
    "xlg": "",
    "lg": "",
    "md": "",
    "sm": "",
    "xs": "",
    "mb": ""
  },
  "woo_page_title_bar_background": {
    "image": "",
    "repeat": "repeat",
    "position": "left top",
    "attachment": "",
    "size": "",
    "color": ""
  },
  "woo_page_title_bar_heading_color": "",
  "woo_page_title_bar_text_color": "#8a8a8a",
  "woo_page_title_bar_link_color": "#8a8a8a",
  "woo_page_title_bar_link_hover_color": "#d3b48c",
  "woo_page_title_bar_spacing": {
    "top": "40",
    "bottom": "40"
  },
  "woo_page_title_bar_spacing_tablet": {
    "top": "25",
    "bottom": "25"
  },
  "woo_page_title_bar_spacing_mobile": {
    "top": "25",
    "bottom": "25"
  },
  "footer_layout": "1col",
  "footer_full_width": "yes",
  "enable_footer_copyright": "no",
  "footer_copyright": "<div class=\"small text-uppercase text-center\">&copy; 2018 by LaStudio<\/div>",
  "footer_background": {
    "color": "rgba(0,0,0,0)"
  },
  "footer_space": {
    "padding_top": "25px",
    "padding_bottom": "0px"
  },
  "footer_text_color": "#8a8a8a",
  "footer_heading_color": "#8a8a8a",
  "footer_link_color": "#8a8a8a",
  "footer_link_hover_color": "#232324",
  "footer_copyright_background_color": "#fff",
  "footer_copyright_text_color": "#8a8a8a",
  "footer_copyright_link_color": "#8a8a8a",
  "footer_copyright_link_hover_color": "#232324",
  "layout_blog": "col-2cl",
  "blog_small_layout": "off",
  "page_title_bar_layout_blog_global": "on",
  "blog_design": "grid_3",
  "blog_post_column": {
    "xlg": "1",
    "lg": "1",
    "md": "1",
    "sm": "1",
    "xs": "1",
    "mb": "1"
  },
  "blog_item_space": "default",
  "featured_images_blog": "on",
  "blog_thumbnail_size": "770x360",
  "format_content_blog": "off",
  "blog_content_display": "excerpt",
  "blog_excerpt_length": "20",
  "blog_masonry": "off",
  "blog_pagination_type": "pagination",
  "layout_single_post": "col-2cl",
  "single_small_layout": "on",
  "page_title_bar_layout_post_single_global": "on",
  "featured_images_single": "on",
  "single_post_thumbnail_size": "770x360",
  "blog_pn_nav": "on",
  "blog_post_title": "below",
  "blog_author_info": "on",
  "blog_social_sharing_box": "on",
  "blog_related_posts": "on",
  "blog_related_design": "1",
  "blog_related_by": "tag",
  "blog_related_max_post": "3",
  "blog_comments": "on",
  "layout_archive_product": "col-2cl",
  "catalog_mode": "off",
  "catalog_mode_price": "off",
  "active_shop_filter": "off",
  "hide_shop_toolbar": "off",
  "woocommerce_toggle_grid_list": "on",
  "shop_catalog_display_type": "grid",
  "shop_catalog_grid_style": "3",
  "active_shop_masonry": "off",
  "shop_masonry_column_type": "default",
  "product_masonry_image_size": "shop_catalog",
  "product_masonry_item_width": "270",
  "product_masonry_item_height": "390",
  "woocommerce_shop_page_columns": {
    "xlg": "3",
    "lg": "3",
    "md": "2",
    "sm": "2",
    "xs": "1",
    "mb": "1"
  },
  "woocommerce_shop_masonry_columns": {
    "xlg": "4",
    "lg": "4",
    "md": "3",
    "sm": "2",
    "xs": "1",
    "mb": "1"
  },
  "woocommerce_shop_masonry_custom_columns": {
    "md": "3",
    "sm": "2",
    "xs": "1",
    "mb": "1"
  },
  "enable_shop_masonry_custom_setting": "off",
  "shop_masonry_item_setting": [
    {
      "size_name": "1x Width + 1x Height",
      "width": "1",
      "height": "1"
    }
  ],
  "shop_item_space": "default",
  "product_per_page_allow": "12,15,30",
  "product_per_page_default": "12",
  "woocommerce_enable_crossfade_effect": "on",
  "woocommerce_show_rating_on_catalog": "on",
  "woocommerce_show_addcart_btn": "on",
  "woocommerce_show_quickview_btn": "on",
  "woocommerce_show_wishlist_btn": "on",
  "woocommerce_show_compare_btn": "on",
  "layout_single_product": "col-1c",
  "woocommerce_product_page_design": "3",
  "product_single_hide_breadcrumb": "no",
  "product_single_hide_page_title": "no",
  "product_single_hide_product_title": "no",
  "product_sharing": "on",
  "related_products": "on",
  "related_product_title": "Related Products",
  "related_product_subtitle": "Sed sapien orci, rhoncus eu sapien ac, iaculis",
  "related_products_columns": {
    "xlg": "4",
    "lg": "4",
    "md": "3",
    "sm": "2",
    "xs": "2",
    "mb": "1"
  },
  "upsell_products": "on",
  "upsell_product_title": "Up-Sells Products",
  "upsell_product_subtitle": "Sed sapien orci, rhoncus eu sapien ac, iaculis",
  "upsell_products_columns": {
    "xlg": "4",
    "lg": "4",
    "md": "3",
    "sm": "2",
    "xs": "2",
    "mb": "1"
  },
  "woo_enable_custom_tab": "on",
  "woo_custom_tab_title": "Custom Tabs",
  "woo_custom_tab_content": "Sed sapien orci, rhoncus eu sapien ac, iaculis semper diam. Donec lacinia mattis dui. Morbi ut turpis et tellus ultrices rhoncus eget eu velit. Sed vel urna dictum, ornare mauris ac, efficitur ante. Cras vulputate tortor non leo finibus pretium. Pellentesque justo ligula, elementum a lobortis vitae, ornare quis est. Vestibulum imperdiet consectetur imperdiet. Mauris vel venenatis arcu. Donec tempor tellus a",
  "crosssell_products": "on",
  "crosssell_product_title": "Related Products",
  "crosssell_product_subtitle": "Sed sapien orci, rhoncus eu sapien ac, iaculis",
  "crosssell_products_columns": {
    "xlg": "4",
    "lg": "4",
    "md": "3",
    "sm": "2",
    "xs": "1",
    "mb": "1"
  },
  "wishlist_page": "850",
  "compare_page": "853",
  "compare_attribute": [
    "image",
    "title",
    "add-to-cart",
    "price",
    "sku",
    "description",
    "stock",
    "weight",
    "dimensions",
    "pa_brand",
    "pa_color",
    "pa_size"
  ],
  "layout_archive_portfolio": "col-1c",
  "main_full_width_archive_portfolio": "inherit",
  "main_space_archive_portfolio": {
    "top": "",
    "bottom": ""
  },
  "portfolio_display_type": "grid",
  "portfolio_item_space": "30",
  "portfolio_display_style": "3",
  "portfolio_column": {
    "xlg": "3",
    "lg": "3",
    "md": "2",
    "sm": "2",
    "xs": "2",
    "mb": "1"
  },
  "portfolio_per_page": "9",
  "portfolio_thumbnail_size": "480x390",
  "layout_single_portfolio": "col-1c",
  "single_portfolio_nextprev": "on",
  "social_links": {
    "1": {
      "title": "Facebook",
      "icon": "fa fa-facebook",
      "link": "#"
    },
    "2": {
      "title": "Twitter",
      "icon": "fa fa-twitter",
      "link": "#"
    },
    "3": {
      "title": "Pinterest",
      "icon": "fa fa-pinterest-p",
      "link": "#"
    },
    "4": {
      "title": "Instagram",
      "icon": "fa fa-instagram",
      "link": "#"
    },
    "5": {
      "title": "Google Plus",
      "icon": "fa fa-google-plus",
      "link": "#"
    }
  },
  "sharing_facebook": true,
  "sharing_twitter": true,
  "sharing_google_plus": true,
  "sharing_pinterest": true,
  "google_key": "AIzaSyCRVgKaDYPQokbMuy5fvGy-QoR44WNG7IA",
  "instagram_token": "6371775302.3a81a9f.c286a463ae974bcbb3d126d309ce2e33",
  "la_custom_css": "\n.header-v5 #masthead_aside .site-header-inner{\n    padding: 70px 0px 70px 70px;\n}\n.header-v5 #masthead_aside{\n    width: 270px;\n}\n.header-v5 #masthead_aside .header-component-outer:not(.header-bottom){\n    text-align: inherit;\n}\n.header-v5:not(.rtl) #page.site{\n    padding-left: 270px;\n}\n.header-v5.rtl #page.site{\n    padding-right: 270px;\n}\n.header-v5:not(.rtl) #masthead_aside .accordion-menu li > ul{\n    margin-left: 20px;\n}\n.header-v5.rtl #masthead_aside .accordion-menu li > ul{\n    margin-right: 20px;\n}\n.header-v5 #masthead_aside .header-component-outer.header-right {\n    margin-top: 15vh;\n    max-height: 60vh;\n    overflow: auto;\n}\n@media(max-width: 1500px){\n    .header-v5 #masthead_aside .header-component-outer.header-right{\n        margin-top: 7vh;\n    }\n}\n.site-footer{\n    font-size: 12px;\n}\n@media(min-width: 992px){\n    .enable-header-transparency.header-v5 .site-footer{\n        position: absolute;\n        left: 0;\n        width: 100%;\n        bottom: 0;\n    }\n    .enable-header-transparency.header-v5 .site-footer .footer-top a,\n    .enable-header-transparency.header-v5 .site-footer .footer-top{\n        color: #fff;\n    }\n}\n\n            ",
  "header_js": "",
  "footer_js": "",
  "404_page_content": "",
  "popup_max_width": "790",
  "popup_max_height": "430",
  "popup_background": {
    "image": "",
    "repeat": "repeat",
    "position": "left top",
    "attachment": "",
    "size": "",
    "color": ""
  },
  "newsletter_popup_delay": "2000",
  "popup_dont_show_text": "Do not show popup anymore",
  "newsletter_popup_show_again": "1",
  "newsletter_popup_content": "",
  "enable_maintenance": "no",
  "maintenance_page": "",
  "import": "",
  "header_access_icon_2": "",
  "header_top_elements": "",
  "header_mb_component_2": "",
  "pages_global_sidebar": "",
  "portfolio_global_sidebar": "",
  "portfolio_archive_global_sidebar": "",
  "posts_global_sidebar": "",
  "blog_archive_global_sidebar": "",
  "sharing_reddit": "",
  "sharing_linkedin": "",
  "sharing_tumblr": "",
  "sharing_vk": "",
  "sharing_email": "",
  "enable_newsletter_popup": "",
  "only_show_newsletter_popup_on_home_page": "",
  "disable_popup_on_mobile": "",
  "show_checkbox_hide_newsletter_popup": ""
}