{"layout":"col-1c","body_boxed":"no","body_max_width":"1230","main_full_width":"no","main_space":{"top":"70","bottom":"30"},"google_rich_snippets":"no","backtotop_btn":"no","favicon":"1453","favicon_iphone":"1453","favicon_ipad":"1453","logo":"1454","logo_2x":"1455","logo_transparency":"1456","logo_transparency_2x":"1457","logo_mobile":"1454","logo_mobile_2x":"1455","logo_mobile_transparency":"1456","logo_mobile_transparency_2x":"1457","body_background":{"image":"","repeat":"repeat","position":"left top","attachment":"","size":"","color":""},"body_boxed_background":{"image":"","repeat":"repeat","position":"left top","attachment":"","size":"","color":""},"text_color":"#8a8a8a","heading_color":"#232324","primary_color":"#7bc933","secondary_color":"#232324","three_color":"#9d9d9d","border_color":"#e3e3e3","page_loading_animation":"on","page_loading_style":"3","page_loading_custom":"","body_font_size":"12","font_source":"2","main_font":{"family":"Poppins","variant":["regular"],"font":"google"},"secondary_font":{"family":"Poppins","variant":["regular"],"font":"google"},"highlight_font":{"family":"Prata","variant":["regular"],"font":"google"},"font_google_code":"https:\/\/fonts.googleapis.com\/css?family=Poppins:400,400i,500,700,700i%7CPrata%7CPlayfair+Display:400,400i","main_google_font_face":"Poppins","secondary_google_font_face":"Poppins","highlight_google_font_face":"Prata","font_typekit_kit_id":"","main_typekit_font_face":"","secondary_typekit_font_face":"","highlight_typekit_font_face":"","header_layout":"2","header_full_width":"yes","header_transparency":"no","header_sticky":"auto","store_working_hours":"","store_email":"","store_phone":"","header_access_icon":{"1":{"type":"cart","icon":"","text":"","link":"#","menu_id":"24","el_class":""},"2":{"type":"search_1","icon":"fa fa-share","text":"","link":"#","menu_id":"24","el_class":""},"3":{"type":"aside_header","icon":"","text":"","link":"#","menu_id":"24","el_class":""}},"enable_header_top":"no","use_custom_header_top":"","header_background":{"image":"","repeat":"repeat","position":"left top","attachment":"","size":"","color":"#fff"},"header_text_color":"#232324","header_link_color":"#232324","header_link_hover_color":"#7bc933","mm_lv_1_color":"#232324","mm_lv_1_bg_color":"rgba(0,0,0,0)","mm_lv_1_hover_color":"#232324","mm_lv_1_hover_bg_color":"rgba(0,0,0,0)","header_top_background_color":"rgba(0,0,0,0)","header_top_text_color":"#8a8a8a","header_top_link_color":"#8a8a8a","header_top_link_hover_color":"#7bc933","transparency_header_background":{"image":"","repeat":"repeat","position":"left top","attachment":"","size":"","color":"rgba(0,0,0,0)"},"transparency_header_text_color":"#fff","transparency_header_link_color":"#fff","transparency_header_link_hover_color":"#7bc933","transparency_mm_lv_1_color":"#fff","transparency_mm_lv_1_bg_color":"rgba(0,0,0,0)","transparency_mm_lv_1_hover_color":"#fff","transparency_mm_lv_1_hover_bg_color":"rgba(0,0,0,0)","transparency_header_top_background_color":"rgba(0,0,0,0)","transparency_header_top_text_color":"rgba(255,255,255,0.2)","transparency_header_top_link_color":"#fff","transparency_header_top_link_hover_color":"#7bc933","offcanvas_background":"#fff","offcanvas_text_color":"#8a8a8a","offcanvas_heading_color":"#232324","offcanvas_link_color":"#8a8a8a","offcanvas_link_hover_color":"#000000","mm_dropdown_bg":"#fff","mm_dropdown_link_color":"#8a8a8a","mm_dropdown_link_bg":"rgba(0,0,0,0)","mm_dropdown_link_hover_color":"#232324","mm_dropdown_link_hover_bg":"rgba(0,0,0,0)","mm_wide_dropdown_bg":"#fff","mm_wide_dropdown_heading_color":"#232324","mm_wide_dropdown_link_color":"#8a8a8a","mm_wide_dropdown_link_bg":"rgba(0,0,0,0)","mm_wide_dropdown_link_hover_color":"#232324","mm_wide_dropdown_link_hover_bg":"rgba(0,0,0,0)","header_mb_layout":"2","mm_mb_effect":"2","header_mb_component_1":{"1":{"type":"primary_menu","icon":"","text":"","link":"#","menu_id":"24","el_class":""}},"header_mb_component_2":{"1":{"type":"primary_menu","icon":"fa fa-share","text":"","link":"#","menu_id":"24","el_class":""}},"enable_header_mb_footer_bar":"yes","header_mb_footer_bar_component":{"1":{"type":"dropdown_menu","icon":"fa fa-user-circle-o","text":"","link":"#","menu_id":"57","el_class":""},"2":{"type":"search_1","icon":"fa fa-share","text":"","link":"#","menu_id":"56","el_class":""},"3":{"type":"wishlist","icon":"","text":"","link":"#","menu_id":"56","el_class":""},"4":{"type":"cart","icon":"","text":"","link":"#","menu_id":"56","el_class":""}},"header_mb_background":"#fff","header_mb_text_color":"#8a8a8a","header_mb_transparency_background":"#fff","header_mb_transparency_text_color":"#8a8a8a","mb_background":"#fff","mb_lv_1_color":"#232324","mb_lv_1_bg_color":"rgba(0,0,0,0)","mb_lv_1_hover_color":"#6b56e2","mb_lv_1_hover_bg_color":"rgba(0,0,0,0)","mb_lv_2_color":"#232324","mb_lv_2_bg_color":"rgba(0,0,0,0)","mb_lv_2_hover_color":"#fff","mb_lv_2_hover_bg_color":"#6b56e2","header_height":"140","header_sticky_height":"140","header_sm_height":"120px","header_sm_sticky_height":"80px","header_mb_height":"100px","header_mb_sticky_height":"80px","page_title_bar_layout":"1","enable_page_title_subtext":"no","page_title_custom_subtext":"","page_title_bar_background":{"image":"http:\/\/zyra.la-studioweb.com\/wp-content\/uploads\/2017\/11\/page-header-bg.jpg","repeat":"no-repeat","position":"center top","attachment":"","size":"cover","color":""},"page_title_bar_heading_color":"#232324","page_title_bar_text_color":"#232324","page_title_bar_link_color":"#232324","page_title_bar_link_hover_color":"#ef5619","page_title_bar_spacing":{"top":"200","bottom":"160"},"page_title_bar_spacing_tablet":{"top":"80","bottom":"80"},"page_title_bar_spacing_mobile":{"top":"50","bottom":"50"},"woo_override_page_title_bar":"off","woo_page_title_bar_layout":"hide","woo_page_title_bar_background":{"image":"","repeat":"repeat","position":"left top","attachment":"","size":"","color":""},"woo_page_title_bar_heading_color":"","woo_page_title_bar_text_color":"#8a8a8a","woo_page_title_bar_link_color":"#8a8a8a","woo_page_title_bar_link_hover_color":"#6b56e2","woo_page_title_bar_spacing":{"top":"40","bottom":"40"},"woo_page_title_bar_spacing_tablet":{"top":"25","bottom":"25"},"woo_page_title_bar_spacing_mobile":{"top":"25","bottom":"25"},"footer_layout":"5col32223","footer_full_width":"yes","enable_footer_copyright":"no","footer_copyright":"","footer_background":{"image":"","repeat":"repeat","position":"left top","attachment":"","size":"","color":"#232324"},"footer_space":{"margin_top":"","margin_right":"","margin_bottom":"","margin_left":"","border_top":"","border_right":"","border_bottom":"","border_left":"","padding_top":"80px","padding_right":"","padding_bottom":"20px","padding_left":"","border_style":"","border_color":""},"footer_text_color":"rgba(255,255,255,0.6)","footer_heading_color":"#ffffff","footer_link_color":"rgba(255,255,255,0.6)","footer_link_hover_color":"#ffffff","footer_copyright_background_color":"#000","footer_copyright_text_color":"#fff","footer_copyright_link_color":"#fff","footer_copyright_link_hover_color":"#fff","layout_blog":"col-1c","blog_small_layout":"off","page_title_bar_layout_blog_global":"on","blog_design":"grid_9","blog_post_column":{"xlg":"1","lg":"1","md":"1","sm":"1","xs":"1","mb":"1"},"blog_item_space":"default","featured_images_blog":"on","blog_thumbnail_size":"425x0","format_content_blog":"on","blog_content_display":"excerpt","blog_excerpt_length":"20","blog_masonry":"off","blog_pagination_type":"pagination","layout_single_post":"inherit","single_small_layout":"off","page_title_bar_layout_post_single_global":"on","featured_images_single":"off","single_post_thumbnail_size":"full","blog_pn_nav":"off","blog_post_title":"below","blog_author_info":"on","blog_social_sharing_box":"on","blog_related_posts":"on","blog_related_design":"1","blog_related_by":"random","blog_related_max_post":"3","blog_comments":"on","layout_archive_product":"col-1c","catalog_mode":"off","catalog_mode_price":"off","active_shop_filter":"on","hide_shop_toolbar":"off","woocommerce_toggle_grid_list":"on","shop_catalog_display_type":"grid","shop_catalog_grid_style":"1","active_shop_masonry":"off","shop_masonry_column_type":"default","product_masonry_image_size":"shop_catalog","product_masonry_item_width":"270","product_masonry_item_height":"450","woocommerce_shop_page_columns":{"xlg":"4","lg":"4","md":"3","sm":"2","xs":"1","mb":"1"},"woocommerce_shop_masonry_columns":{"xlg":"4","lg":"4","md":"3","sm":"2","xs":"1","mb":"1"},"woocommerce_shop_masonry_custom_columns":{"md":"3","sm":"2","xs":"1","mb":"1"},"enable_shop_masonry_custom_setting":"off","shop_masonry_item_setting":[{"size_name":"1x Width + 1x Height","width":"1","height":"1"}],"shop_item_space":"default","product_per_page_allow":"12,15,30","product_per_page_default":"12","woocommerce_enable_crossfade_effect":"on","woocommerce_show_rating_on_catalog":"off","woocommerce_show_addcart_btn":"on","woocommerce_show_quickview_btn":"on","woocommerce_show_wishlist_btn":"on","woocommerce_show_compare_btn":"on","layout_single_product":"col-1c","woocommerce_product_page_design":"1","product_single_hide_breadcrumb":"no","product_single_hide_page_title":"no","product_single_hide_product_title":"no","product_sharing":"on","related_products":"on","related_product_title":"","related_product_subtitle":"","related_products_columns":{"xlg":"4","lg":"4","md":"3","sm":"2","xs":"1","mb":"1"},"upsell_products":"on","upsell_product_title":"","upsell_product_subtitle":"","upsell_products_columns":{"xlg":"4","lg":"4","md":"3","sm":"2","xs":"1","mb":"1"},"woo_enable_custom_tab":"off","woo_custom_tab_title":"","woo_custom_tab_content":"","crosssell_products":"on","crosssell_product_title":"","crosssell_product_subtitle":"","crosssell_products_columns":{"xlg":"4","lg":"4","md":"3","sm":"2","xs":"1","mb":"1"},"layout_archive_portfolio":"col-1c","main_full_width_archive_portfolio":"inherit","main_space_archive_portfolio":{"top":"","bottom":""},"portfolio_display_type":"grid","portfolio_item_space":"","portfolio_display_style":"1","portfolio_column":{"xlg":"3","lg":"3","md":"2","sm":"2","xs":"1","mb":"1"},"portfolio_per_page":"10","portfolio_thumbnail_size":"full","layout_single_portfolio":"col-1c","single_portfolio_nextprev":"on","social_links":{"1":{"title":"Facebook","icon":"fa fa-facebook","link":"https:\/\/www.facebook.com\/"},"2":{"title":"Twitter","icon":"fa fa-twitter","link":"https:\/\/twitter.com\/"},"3":{"title":"LinkedIn","icon":"fa fa-linkedin-square","link":"https:\/\/www.linkedin.com"},"4":{"title":"Youtube","icon":"fa fa-youtube-play","link":"https:\/\/www.youtube.com"},"5":{"title":"Vimeo","icon":"fa fa-vimeo-square","link":"https:\/\/vimeo.com"}},"sharing_facebook":true,"sharing_twitter":true,"sharing_linkedin":true,"sharing_google_plus":true,"sharing_pinterest":true,"google_key":"AIzaSyDJ0mQtpW_X7kQtdqKOp2fiJcFx8wQw2y4","instagram_token":"6371775302.ba4c844.55500987b702425f836c423aaf10b6e1","la_custom_css":".section-page-header .page-title {\r\n    font-family: \"Prata\", serif;\r\n    text-transform: capitalize;\r\n    font-weight: normal;\r\n}\r\n.enable-footer-fullwidth:not(.la-enable-fullpage) .site-footer.la-footer-5col32223 .container {\r\n    width: 1420px;\r\n    padding-left: 15px;\r\n    padding-right: 15px;\r\n}\r\n.sidebar-inner .widget .widget-title {\r\n    font-family: \"Prata\", serif;\r\n    font-size: 18px;\r\n    font-weight: normal;\r\n    -webkit-font-smoothing: inherit;\r\n}\r\n\r\n.search.search-no-results .section-page-header .page-title,\r\n.search.search-results .section-page-header .page-title {\r\n    font-size: 40px;\r\n}\r\n\r\n@media(min-width: 800px){\r\n    .section-page-header .page-title {\r\n        font-size: 50px;\r\n    }\r\n}\r\n\r\n@media(min-width: 1300px){\r\n    .section-page-header .page-title {\r\n        font-size: 80px;\r\n    }\r\n}\r\n\r\n@media(min-width: 1500px){\r\n    .section-page-header .page-title {\r\n        font-size: 110px;\r\n    }\r\n}\r\n\r\n.mega-menu .popup .menu-item-1010 > a{\r\n    display: inherit !important;\r\n    opacity: 0;\r\n}\r\n.mega-menu .popup .menu-item-1010 > a:before {\r\n    width: 100%;\r\n    content: \"\";\r\n    position: absolute;\r\n    padding-bottom: 80%;\r\n    display: block !important;\r\n    z-index: 2;\r\n    top: 0;\r\n    left: 0;\r\n}\r\n\r\nbody.single-post:not(.postid-1118) .la-breadcrumbs,\r\nbody.single-post:not(.postid-1118) .single-post-content.type-post > .single_post_item--title{\r\n    display: none;\r\n}\r\n\r\nbody.single-post .site-main{\r\n    padding-bottom: 100px;\r\n}\n.enable-header-transparency .site-header:not(.is-sticky) .site-header-outer .header_component.la_compt_iem.la_com_action--aside_header > .component-target{\n    color: #232324;\n    background-color: #fff;\n}\n                ","header_js":"","footer_js":"","404_page_content":"","popup_max_width":"790","popup_max_height":"430","popup_background":{"image":"","repeat":"repeat","position":"left top","attachment":"","size":"","color":""},"newsletter_popup_delay":"2000","popup_dont_show_text":"Do not show popup anymore","newsletter_popup_show_again":"1","newsletter_popup_content":"","enable_maintenance":"no","maintenance_page":"","import":"","header_top_elements":"","pages_global_sidebar":"","portfolio_global_sidebar":"","portfolio_archive_global_sidebar":"","posts_global_sidebar":"","blog_archive_global_sidebar":"","sharing_reddit":"","sharing_tumblr":"","sharing_vk":"","sharing_email":"","enable_newsletter_popup":"","only_show_newsletter_popup_on_home_page":"","disable_popup_on_mobile":"","show_checkbox_hide_newsletter_popup":""}