{"layout":"col-1c","body_boxed":"no","body_max_width":"1230","main_full_width":"no","main_space":{"top":"70","bottom":"30"},"backtotop_btn":"no","favicon":"","favicon_iphone":"","favicon_ipad":"","logo":"","logo_transparency":"","body_background":{"image":"","repeat":"repeat","position":"left top","attachment":"","size":"","color":""},"body_boxed_background":{"image":"","repeat":"repeat","position":"left top","attachment":"","size":"","color":""},"text_color":"#62646c","heading_color":"#252634","primary_color":"#0f6cad","secondary_color":"#282828","three_color":"#A3A3A3","border_color":"#A3A3A3","page_loading_animation":"off","page_loading_style":"1","page_loading_custom":"","body_font_size":"14px","megamenu_lv1":"16px","megamenu_heading":"13px","megamenu_lv2":"12px","megamenu_lv3":"12px","font_source":"1","main_font":{"family":"Raleway","font":"google","variant":["500","600","700","800","900"]},"secondary_font":{"family":"Raleway","font":"google","variant":["500","600","700","800","900"]},"highlight_font":{"family":"Raleway","variant":["regular","500","800"],"font":"google"},"font_google_code":"","main_google_font_face":"","secondary_google_font_face":"","highlight_google_font_face":"","font_typekit_kit_id":"","main_typekit_font_face":"","secondary_typekit_font_face":"","highlight_typekit_font_face":"","header_transparency":"no","header_sticky":"no","enable_header_mb_footer_bar":"no","enable_header_mb_footer_bar_sticky":"always","page_title_bar_layout":"6","enable_page_title_subtext":"no","page_title_custom_subtext":"","page_title_font_size":{"xlg":"","lg":"","md":"","sm":"","xs":"","mb":""},"page_title_bar_background":{"image":"https:\/\/moren.la-studioweb.com\/wp-content\/uploads\/2018\/12\/bg-title-breadcrumbs.jpg","repeat":"repeat","position":"left top","attachment":"","size":"","color":""},"page_title_bar_heading_color":"#ffffff","page_title_bar_text_color":"#8A8A8A","page_title_bar_link_color":"#8A8A8A","page_title_bar_link_hover_color":"#006dfe","page_title_bar_spacing":{"top":"60","bottom":"0"},"page_title_bar_spacing_desktop_small":{"top":"60","bottom":"0"},"page_title_bar_spacing_tablet":{"top":"60","bottom":"0"},"page_title_bar_spacing_mobile":{"top":"30","bottom":"0"},"woo_override_page_title_bar":"on","woo_page_title_bar_layout":"6","woo_page_title_font_size":{"xlg":"","lg":"","md":"","sm":"","xs":"","mb":""},"woo_page_title_bar_background":{"image":"https:\/\/moren.la-studioweb.com\/wp-content\/uploads\/2018\/12\/bg-title-shop.jpg","repeat":"repeat","position":"left top","attachment":"","size":"","color":""},"woo_page_title_bar_heading_color":"","woo_page_title_bar_text_color":"","woo_page_title_bar_link_color":"","woo_page_title_bar_link_hover_color":"","woo_page_title_bar_spacing":{"top":"60","bottom":""},"woo_page_title_bar_spacing_desktop_small":{"top":"60","bottom":""},"woo_page_title_bar_spacing_tablet":{"top":"30","bottom":""},"woo_page_title_bar_spacing_mobile":{"top":"30","bottom":""},"archive_portfolio_override_page_title_bar":"off","archive_portfolio_page_title_bar_layout":"hide","archive_portfolio_page_title_font_size":{"xlg":"","lg":"","md":"","sm":"","xs":"","mb":""},"archive_portfolio_page_title_bar_background":{"image":"","repeat":"repeat","position":"left top","attachment":"","size":"","color":""},"archive_portfolio_page_title_bar_heading_color":"","archive_portfolio_page_title_bar_text_color":"","archive_portfolio_page_title_bar_link_color":"","archive_portfolio_page_title_bar_link_hover_color":"","archive_portfolio_page_title_bar_spacing":{"top":"","bottom":""},"archive_portfolio_page_title_bar_spacing_desktop_small":{"top":"","bottom":""},"archive_portfolio_page_title_bar_spacing_tablet":{"top":"","bottom":""},"archive_portfolio_page_title_bar_spacing_mobile":{"top":"","bottom":""},"single_post_override_page_title_bar":"off","single_post_page_title_bar_layout":"hide","single_post_page_title_font_size":{"xlg":"","lg":"","md":"","sm":"","xs":"","mb":""},"single_post_page_title_bar_background":{"image":"","repeat":"repeat","position":"left top","attachment":"","size":"","color":""},"single_post_page_title_bar_heading_color":"","single_post_page_title_bar_text_color":"","single_post_page_title_bar_link_color":"","single_post_page_title_bar_link_hover_color":"","single_post_page_title_bar_spacing":{"top":"","bottom":""},"single_post_page_title_bar_spacing_desktop_small":{"top":"","bottom":""},"single_post_page_title_bar_spacing_tablet":{"top":"","bottom":""},"single_post_page_title_bar_spacing_mobile":{"top":"","bottom":""},"single_product_override_page_title_bar":"on","single_product_page_title_bar_layout":"6","single_product_page_title_font_size":{"xlg":"","lg":"","md":"","sm":"","xs":"","mb":""},"single_product_page_title_bar_background":{"image":"https:\/\/moren.la-studioweb.com\/wp-content\/uploads\/2018\/12\/bg-title-shop.jpg","repeat":"repeat","position":"left top","attachment":"","size":"","color":""},"single_product_page_title_bar_heading_color":"","single_product_page_title_bar_text_color":"","single_product_page_title_bar_link_color":"","single_product_page_title_bar_link_hover_color":"","single_product_page_title_bar_spacing":{"top":"60","bottom":""},"single_product_page_title_bar_spacing_desktop_small":{"top":"60","bottom":""},"single_product_page_title_bar_spacing_tablet":{"top":"30","bottom":""},"single_product_page_title_bar_spacing_mobile":{"top":"30","bottom":""},"single_portfolio_override_page_title_bar":"off","single_portfolio_page_title_bar_layout":"hide","single_portfolio_page_title_font_size":{"xlg":"","lg":"","md":"","sm":"","xs":"","mb":""},"single_portfolio_page_title_bar_background":{"image":"","repeat":"repeat","position":"left top","attachment":"","size":"","color":""},"single_portfolio_page_title_bar_heading_color":"","single_portfolio_page_title_bar_text_color":"","single_portfolio_page_title_bar_link_color":"","single_portfolio_page_title_bar_link_hover_color":"","single_portfolio_page_title_bar_spacing":{"top":"","bottom":""},"single_portfolio_page_title_bar_spacing_desktop_small":{"top":"","bottom":""},"single_portfolio_page_title_bar_spacing_tablet":{"top":"","bottom":""},"single_portfolio_page_title_bar_spacing_mobile":{"top":"","bottom":""},"portfolio_global_sidebar":true,"blog_archive_global_sidebar":true,"footer_layout":"3col444","enable_footer_top":"no","footer_full_width":"no","enable_footer_copyright":"yes","footer_copyright":"Copyright 2016 <a href=\"#\">Moren.<\/a> All Right Reserved. Designed by <a href=\"#\">LA STUDIO<\/a>","footer_background":{"image":"","repeat":"repeat","position":"left top","attachment":"","size":"","color":""},"footer_space":{"padding_top":"40px"},"footer_text_color":"#687076","footer_heading_color":"#252c34","footer_link_color":"#687076","footer_link_hover_color":"#0f6cad","footer_copyright_background_color":"#191b29","footer_copyright_text_color":"#8a8c98","footer_copyright_link_color":"#0f6cad","footer_copyright_link_hover_color":"#0f6cad","layout_blog":"col-2cr","blog_small_layout":"off","page_title_bar_layout_blog_global":"off","blog_design":"list_2","blog_post_column":{"xlg":"1","lg":"1","md":"1","sm":"1","xs":"1","mb":"1"},"blog_item_space":"default","featured_images_blog":"on","blog_thumbnail_height_mode":"original","blog_thumbnail_height_custom":"50%","blog_thumbnail_size":"870x370","blog_content_display":"excerpt","blog_excerpt_length":"20","blog_masonry":"off","blog_pagination_type":"pagination","layout_single_post":"col-2cl","single_small_layout":"off","featured_images_single":"off","single_post_thumbnail_size":"full","blog_pn_nav":"on","blog_post_title":"below","blog_author_info":"on","blog_social_sharing_box":"off","blog_related_posts":"on","blog_related_design":"1","blog_related_by":"random","blog_related_max_post":"1","blog_comments":"on","layout_archive_product":"col-2cl","main_full_width_archive_product":"inherit","main_space_archive_product":{"top":"","bottom":""},"catalog_mode":"off","catalog_mode_price":"off","active_shop_filter":"off","hide_shop_toolbar":"off","woocommerce_toggle_grid_list":"on","shop_catalog_display_type":"grid","shop_catalog_grid_style":"1","active_shop_masonry":"off","shop_masonry_column_type":"default","product_masonry_container_width":"1170","product_masonry_image_size":"shop_catalog","product_masonry_item_width":"270","product_masonry_item_height":"450","woocommerce_shop_page_columns":{"xlg":"3","lg":"3","md":"3","sm":"2","xs":"1","mb":"1"},"woocommerce_shop_masonry_columns":{"xlg":"4","lg":"4","md":"3","sm":"2","xs":"1","mb":"1"},"woocommerce_shop_masonry_custom_columns":{"md":"3","sm":"2","xs":"1","mb":"1"},"enable_shop_masonry_custom_setting":"off","shop_masonry_item_setting":[{"size_name":"1x Width + 1x Height","w":"0.5","h":"0.5"}],"shop_item_space":"default","product_per_page_allow":"12,15,30","product_per_page_default":"9","woocommerce_pagination_type":"pagination","woocommerce_load_more_text":"Load More Products","woocommerce_enable_crossfade_effect":"off","woocommerce_show_rating_on_catalog":"on","woocommerce_show_addcart_btn":"on","woocommerce_show_quickview_btn":"on","woocommerce_show_wishlist_btn":"on","woocommerce_show_compare_btn":"off","layout_single_product":"col-2cl","main_full_width_single_product":"inherit","main_space_single_product":{"top":"","bottom":""},"woocommerce_product_page_design":"1","single_ajax_add_cart":"no","move_woo_tabs_to_bottom":"yes","woocommerce_gallery_zoom":"no","woocommerce_gallery_lightbox":"no","product_single_hide_breadcrumb":"no","product_single_hide_page_title":"no","product_single_hide_product_title":"no","product_gallery_column":{"xlg":"3","lg":"3","md":"2","sm":"2","xs":"2","mb":"3"},"product_sharing":"on","related_products":"on","related_product_title":"","related_product_subtitle":"","related_products_columns":{"xlg":"3","lg":"3","md":"2","sm":"2","xs":"1","mb":"1"},"upsell_products":"on","upsell_product_title":"","upsell_product_subtitle":"","upsell_products_columns":{"xlg":"3","lg":"3","md":"2","sm":"2","xs":"1","mb":"1"},"woo_enable_custom_tab":"on","woo_custom_tab_title":"","woo_custom_tab_content":"","crosssell_products":"on","crosssell_product_title":"","crosssell_product_subtitle":"","crosssell_products_columns":{"xlg":"3","lg":"3","md":"3","sm":"2","xs":"1","mb":"1"},"wishlist_page":"1144","compare_page":"","compare_attribute":["image","title","add-to-cart","price","sku","description","stock","weight","dimensions"],"portfolio_custom_name":"Portfolios","portfolio_custom_name2":"Portfolio","portfolio_custom_slug":"portfolio","portfolio_cat_custom_name":"Portfolio Categories","portfolio_cat_custom_name2":"Portfolio Category","portfolio_cat_custom_slug":"portfolio-category","portfolio_skill_custom_name":"Portfolio Skills","portfolio_skill_custom_name2":"Portfolio Skill","portfolio_skill_custom_slug":"portfolio-skill","layout_archive_portfolio":"col-1c","main_full_width_archive_portfolio":"inherit","main_space_archive_portfolio":{"top":"","bottom":""},"portfolio_display_type":"grid","portfolio_thumbnail_height_mode":"original","portfolio_thumbnail_height_custom":"70%","portfolio_item_space":"30","portfolio_display_style":"1","portfolio_column":{"xlg":"3","lg":"3","md":"2","sm":"2","xs":"1","mb":"1"},"portfolio_per_page":"10","portfolio_thumbnail_size":"270x270","layout_single_portfolio":"col-2cr","single_portfolio_nextprev":"on","social_links":{"1":{"title":"Facebook","icon":"fa fa-facebook-square","link":"https:\/\/facebook.com"},"2":{"title":"Twitter","icon":"fa fa-twitter","link":"#"},"3":{"title":"Pinterest","icon":"fa fa-pinterest","link":"#"},"4":{"title":"Google +","icon":"fa fa-google-plus","link":"#"},"5":{"title":"Instagram","icon":"fa fa-instagram","link":"#"}},"sharing_facebook":true,"sharing_twitter":true,"sharing_reddit":true,"sharing_linkedin":true,"sharing_google_plus":true,"google_key":"","instagram_token":"7608181471.3a81a9f.7aa83c93a1e5412783f3a5cf5fa46b51","la_custom_css":"\n                                body{\n                                    background-color: #F6F6F6;\n                                }\n                                #la_full_page #colophon {\n                                    margin-left: auto;\n                                    margin-right: auto;\n                                }\n                                .footer-bottom .footer-bottom-inner {\n                                    padding: 5px 0 15px;\n                                }\n                                .site-footer{\n                                    border: none;\n                                    background-color: #EEEEEE;\n                                    \n                                }\n                                .site-footer .footer-top{\n                                    font-weight: 500;\n                                }\n                                .footer-bottom{\n                                    background-color: #252C34;\n                                }\n                                .widget_yikes_easy_mc_widget{\n                                    max-width: 280px;\n                                }\n                                .site-footer .social-media-link.style-default a{\n                                    background-color: #3B424A;\n                                    border: none;\n                                    opacity: 1;\n                                    \n                                }\n                                .site-footer .social-media-link.style-default a i{\n                                        color: #fff;\n                                }\n                                .footer-bottom-inner{\n                                    color: #90979c;\n                                }\n                                .footer-top .widget .widget-title{\n                                    font-weight: 800;\n                                    font-size: 16px;\n                                }\n\n                                ","header_js":"","footer_js":"","404_page_content":"","popup_max_width":"790","popup_max_height":"430","popup_background":{"image":"","repeat":"repeat","position":"left top","attachment":"","size":"","color":""},"newsletter_popup_delay":"2000","popup_dont_show_text":"Do not show popup anymore","newsletter_popup_show_again":"1","newsletter_popup_content":"","enable_maintenance":"no","maintenance_page":"","import":"","header_mb_footer_bar_component":"","pages_global_sidebar":"","portfolio_archive_global_sidebar":"","posts_global_sidebar":"","sharing_tumblr":"","sharing_pinterest":"","sharing_line":"","sharing_whatapps":"","sharing_telegram":"","sharing_vk":"","sharing_email":"","enable_newsletter_popup":"","only_show_newsletter_popup_on_home_page":"","disable_popup_on_mobile":"","show_checkbox_hide_newsletter_popup":""}