{
	"layout": "col-2cl",
	"body_boxed": "no",
	"body_max_width": "1310",
	"main_full_width": "no",
	"main_space": {
		"top": "40",
		"bottom": "30"
	},
	"google_rich_snippets": "no",
	"backtotop_btn": "no",
	"favicon": "",
	"favicon_iphone": "",
	"favicon_ipad": "",
	"logo": "",
	"logo_2x": "",
	"logo_transparency": "",
	"logo_transparency_2x": "",
	"logo_mobile": "",
	"logo_mobile_2x": "",
	"logo_mobile_transparency": "",
	"logo_mobile_transparency_2x": "",
	"body_background": {
		"image": "",
		"repeat": "repeat",
		"position": "left top",
		"attachment": "",
		"size": "",
		"color": ""
	},
	"body_boxed_background": {
		"image": "",
		"repeat": "repeat",
		"position": "left top",
		"attachment": "",
		"size": "",
		"color": ""
	},
	"text_color": "#8a8a8a",
	"heading_color": "#343538",
	"primary_color": "#df6e44",
	"secondary_color": "#343538",
	"three_color": "#9d9d9d",
	"border_color": "#e8e8e8",
	"page_loading_animation": "on",
	"page_loading_style": "3",
	"page_loading_custom": "",
	"body_font_size": "12px",
	"font_source": "1",
	"main_font": {
		"family": "Montserrat",
		"variant": ["100", "100italic", "200", "200italic", "300", "300italic", "regular", "italic", "500", "500italic", "600", "600italic", "700", "700italic", "800", "800italic", "900", "900italic"],
		"font": "google"
	},
	"secondary_font": {
		"family": "Montserrat",
		"variant": ["100", "100italic", "200", "200italic", "300", "300italic", "regular", "italic", "500", "500italic", "600", "600italic", "700", "700italic", "800", "800italic", "900", "900italic"],
		"font": "google"
	},
	"highlight_font": {
		"family": "Playfair Display",
		"variant": ["regular", "italic", "700", "700italic", "900", "900italic"],
		"font": "google"
	},
	"font_google_code": "",
	"main_google_font_face": "",
	"secondary_google_font_face": "",
	"highlight_google_font_face": "",
	"font_typekit_kit_id": "",
	"main_typekit_font_face": "",
	"secondary_typekit_font_face": "",
	"highlight_typekit_font_face": "",
	"header_layout": "2",
	"header_full_width": "yes",
	"header_transparency": "no",
	"header_sticky": "no",
	"enable_header_top": "no",
	"header_top_elements": "",
	"use_custom_header_top": "",
	"header_access_icon": {
		"1": {
			"type": "search_1",
			"icon": "fa fa-share",
			"text": "",
			"link": "#",
			"menu_id": "15",
			"el_class": ""
		},
		"2": {
			"type": "link_text",
			"icon": "fa fa-user-o",
			"text": "MY ACCOUNT",
			"link": "http:\/\/localhost\/wp\/vayne\/my-account\/",
			"menu_id": "15",
			"el_class": "component_icon_text right_icon hidden-md"
		},
		"3": {
			"type": "cart",
			"icon": "fa fa-share",
			"text": "",
			"link": "#",
			"menu_id": "82",
			"el_class": "component_icon_text right_icon"
		},
		"4": {
			"type": "aside_header",
			"icon": "fa fa-bars",
			"text": "",
			"link": "#",
			"menu_id": "15",
			"el_class": ""
		}
	},
	"header_left_elements": "",
	"header_background": {
		"image": "",
		"repeat": "repeat",
		"position": "left top",
		"attachment": "",
		"size": "",
		"color": "#fff"
	},
	"header_text_color": "#343538",
	"header_link_color": "#343538",
	"header_link_hover_color": "#df6e44",
	"mm_lv_1_color": "#343538",
	"mm_lv_1_bg_color": "rgba(0,0,0,0)",
	"mm_lv_1_hover_color": "#df6e44",
	"mm_lv_1_hover_bg_color": "rgba(0,0,0,0)",
	"header_top_background_color": "rgba(0,0,0,0)",
	"header_top_text_color": "#000000",
	"header_top_link_color": "#000000",
	"header_top_link_hover_color": "#df6e44",
	"transparency_header_background": {
		"image": "",
		"repeat": "repeat",
		"position": "left top",
		"attachment": "",
		"size": "",
		"color": "rgba(0,0,0,0)"
	},
	"transparency_header_text_color": "#fff",
	"transparency_header_link_color": "#fff",
	"transparency_header_link_hover_color": "#df6e44",
	"transparency_mm_lv_1_color": "#fff",
	"transparency_mm_lv_1_bg_color": "rgba(0,0,0,0)",
	"transparency_mm_lv_1_hover_color": "#df6e44",
	"transparency_mm_lv_1_hover_bg_color": "rgba(0,0,0,0)",
	"transparency_header_top_background_color": "rgba(0,0,0,0)",
	"transparency_header_top_text_color": "rgba(255,255,255,0.2)",
	"transparency_header_top_link_color": "#fff",
	"transparency_header_top_link_hover_color": "#df6e44",
	"offcanvas_background": "#fff",
	"offcanvas_text_color": "#8a8a8a",
	"offcanvas_heading_color": "#343538",
	"offcanvas_link_color": "#343538",
	"offcanvas_link_hover_color": "#df6e44",
	"mm_dropdown_bg": "#fff",
	"mm_dropdown_link_color": "#8a8a8a",
	"mm_dropdown_link_bg": "rgba(0,0,0,0)",
	"mm_dropdown_link_hover_color": "#343538",
	"mm_dropdown_link_hover_bg": "rgba(0,0,0,0)",
	"mm_wide_dropdown_bg": "#fff",
	"mm_wide_dropdown_heading_color": "#343538",
	"mm_wide_dropdown_link_color": "#8a8a8a",
	"mm_wide_dropdown_link_bg": "rgba(0,0,0,0)",
	"mm_wide_dropdown_link_hover_color": "#343538",
	"mm_wide_dropdown_link_hover_bg": "rgba(0,0,0,0)",
	"header_mb_layout": "2",
	"mm_mb_effect": "1",
	"header_mb_component_1": {
		"1": {
			"type": "search_1",
			"icon": "",
			"text": "",
			"link": "",
			"menu_id": "15",
			"el_class": ""
		},
		"2": {
			"type": "primary_menu",
			"icon": "",
			"text": "",
			"link": "",
			"menu_id": "15",
			"el_class": ""
		}
	},
	"enable_header_mb_footer_bar": "no",
	"header_mb_background": "#fff",
	"header_mb_text_color": "#8a8a8a",
	"header_mb_transparency_background": "#fff",
	"header_mb_transparency_text_color": "#8a8a8a",
	"mb_background": "#fff",
	"mb_lv_1_color": "#343538",
	"mb_lv_1_bg_color": "rgba(0,0,0,0)",
	"mb_lv_1_hover_color": "#df6e44",
	"mb_lv_1_hover_bg_color": "rgba(0,0,0,0)",
	"mb_lv_2_color": "#343538",
	"mb_lv_2_bg_color": "rgba(0,0,0,0)",
	"mb_lv_2_hover_color": "#fff",
	"mb_lv_2_hover_bg_color": "#df6e44",
	"header_height": "120px",
	"header_sticky_height": "80px",
	"header_sm_height": "100px",
	"header_sm_sticky_height": "80px",
	"header_mb_height": "70px",
	"header_mb_sticky_height": "70px",
	"page_title_bar_layout": "1",
	"enable_page_title_subtext": "no",
	"page_title_custom_subtext": "",
	"page_title_bar_background": {
		"image": "",
		"repeat": "repeat",
		"position": "left top",
		"attachment": "",
		"size": "",
		"color": ""
	},
	"page_title_bar_heading_color": "#343538",
	"page_title_bar_text_color": "#8a8a8a",
	"page_title_bar_link_color": "#8a8a8a",
	"page_title_bar_link_hover_color": "#df6e44",
	"page_title_bar_spacing": {
		"top": "170",
		"bottom": "127"
	},
	"page_title_bar_spacing_tablet": {
		"top": "25",
		"bottom": "25"
	},
	"page_title_bar_spacing_mobile": {
		"top": "25",
		"bottom": "25"
	},
	"woo_override_page_title_bar": "off",
	"woo_page_title_bar_layout": "hide",
	"woo_page_title_bar_background": {
		"image": "",
		"repeat": "repeat",
		"position": "left top",
		"attachment": "",
		"size": "",
		"color": ""
	},
	"woo_page_title_bar_heading_color": "",
	"woo_page_title_bar_text_color": "#8a8a8a",
	"woo_page_title_bar_link_color": "#8a8a8a",
	"woo_page_title_bar_link_hover_color": "#df6e44",
	"woo_page_title_bar_spacing": {
		"top": "40",
		"bottom": "40"
	},
	"woo_page_title_bar_spacing_tablet": {
		"top": "25",
		"bottom": "25"
	},
	"woo_page_title_bar_spacing_mobile": {
		"top": "25",
		"bottom": "25"
	},
	"add_sidebars": {
		"1": {
			"sidebar_id": "Sidebar Shop Area",
			"sidebar_desc": ""
		}
	},
	"pages_sidebar": "",
	"portfolio_sidebar": "",
	"portfolio_archive_sidebar": "",
	"posts_sidebar": "",
	"blog_archive_sidebar": "",
	"search_sidebar": "",
	"products_sidebar": "",
	"shop_sidebar": "sidebar-shop-area",
	"footer_layout": "3col363",
	"footer_full_width": "yes",
	"enable_footer_copyright": "no",
	"footer_copyright": "<div class=\"row\">\r\n\t<div class=\"col-xs-12\">\r\n\t\t<div class=\"small text-uppercase text-center\">2018 Created by LaStudio<\/div>\r\n\t<\/div>\r\n<\/div>",
	"footer_background": {
		"image": "",
		"repeat": "repeat",
		"position": "left top",
		"attachment": "",
		"size": "",
		"color": "#232324"
	},
	"footer_space": {
		"margin_top": "",
		"margin_right": "",
		"margin_bottom": "",
		"margin_left": "",
		"border_top": "",
		"border_right": "",
		"border_bottom": "",
		"border_left": "",
		"padding_top": "85px",
		"padding_right": "",
		"padding_bottom": "",
		"padding_left": "",
		"border_style": "",
		"border_color": ""
	},
	"footer_text_color": "#ffffff",
	"footer_heading_color": "#343538",
	"footer_link_color": "#ffffff",
	"footer_link_hover_color": "#df6e44",
	"footer_copyright_background_color": "#000",
	"footer_copyright_text_color": "#fff",
	"footer_copyright_link_color": "#fff",
	"footer_copyright_link_hover_color": "#fff",
	"layout_blog": "col-2cl",
	"blog_small_layout": "on",
	"page_title_bar_layout_blog_global": "on",
	"blog_design": "grid_1",
	"blog_post_column": {
		"xlg": "1",
		"lg": "1",
		"md": "1",
		"sm": "1",
		"xs": "1",
		"mb": "1"
	},
	"blog_item_space": "default",
	"featured_images_blog": "on",
	"blog_thumbnail_size": "770x392",
	"format_content_blog": "off",
	"blog_content_display": "excerpt",
	"blog_excerpt_length": "15",
	"blog_masonry": "off",
	"blog_pagination_type": "pagination",
	"layout_single_post": "col-1c",
	"single_small_layout": "on",
	"page_title_bar_layout_post_single_global": "on",
	"featured_images_single": "on",
	"single_post_thumbnail_size": "770x392",
	"blog_pn_nav": "on",
	"blog_post_title": "below",
	"blog_author_info": "on",
	"blog_social_sharing_box": "on",
	"blog_related_posts": "on",
	"blog_related_design": "1",
	"blog_related_by": "random",
	"blog_related_max_post": "3",
	"blog_comments": "on",
	"layout_archive_product": "col-1c",
	"catalog_mode": "off",
	"catalog_mode_price": "off",
	"active_shop_filter": "on",
	"hide_shop_toolbar": "off",
	"shop_catalog_display_type": "grid",
	"shop_catalog_grid_style": "1",
	"active_shop_masonry": "off",
	"shop_masonry_column_type": "default",
	"product_masonry_image_size": "shop_catalog",
	"product_masonry_item_width": "270",
	"product_masonry_item_height": "390",
	"woocommerce_shop_page_columns": {
		"xlg": "4",
		"lg": "4",
		"md": "3",
		"sm": "2",
		"xs": "1",
		"mb": "1"
	},
	"woocommerce_shop_masonry_columns": {
		"xlg": "4",
		"lg": "4",
		"md": "3",
		"sm": "2",
		"xs": "1",
		"mb": "1"
	},
	"woocommerce_shop_masonry_custom_columns": {
		"md": "3",
		"sm": "2",
		"xs": "1",
		"mb": "1"
	},
	"enable_shop_masonry_custom_setting": "off",
	"shop_masonry_item_setting": [{
			"size_name": "1x Width + 1x Height",
			"width": "1",
			"height": "1"
		}
	],
	"shop_item_space": "default",
	"product_per_page_allow": "12,15,30",
	"product_per_page_default": "12",
	"woocommerce_enable_crossfade_effect": "on",
	"woocommerce_toggle_grid_list": "on",
	"woocommerce_show_rating_on_catalog": "on",
	"woocommerce_show_quickview_btn": "on",
	"woocommerce_show_wishlist_btn": "on",
	"woocommerce_show_compare_btn": "on",
	"layout_single_product": "col-1c",
	"woocommerce_product_page_design": "1",
	"product_single_hide_breadcrumb": "no",
	"product_single_hide_page_title": "no",
	"product_single_hide_product_title": "no",
	"product_sharing": "on",
	"related_products": "on",
	"related_product_title": "",
	"related_product_subtitle": "",
	"related_products_columns": {
		"xlg": "4",
		"lg": "4",
		"md": "2",
		"sm": "2",
		"xs": "2",
		"mb": "1"
	},
	"upsell_products": "on",
	"upsell_product_title": "",
	"upsell_product_subtitle": "",
	"upsell_products_columns": {
		"xlg": "4",
		"lg": "4",
		"md": "2",
		"sm": "2",
		"xs": "2",
		"mb": "1"
	},
	"woo_enable_custom_tab": "off",
	"woo_custom_tab_title": "",
	"woo_custom_tab_content": "",
	"crosssell_products": "on",
	"crosssell_product_title": "",
	"crosssell_product_subtitle": "",
	"crosssell_products_columns": {
		"xlg": "4",
		"lg": "4",
		"md": "2",
		"sm": "2",
		"xs": "1",
		"mb": "1"
	},
	"layout_archive_portfolio": "col-1c",
	"main_full_width_archive_portfolio": "yes",
	"main_space_archive_portfolio": {
		"top": "",
		"bottom": ""
	},
	"portfolio_display_type": "grid",
	"portfolio_item_space": "0",
	"portfolio_display_style": "1",
	"portfolio_column": {
		"xlg": "4",
		"lg": "4",
		"md": "3",
		"sm": "3",
		"xs": "1",
		"mb": "1"
	},
	"portfolio_per_page": "8",
	"portfolio_thumbnail_size": "480x390",
	"layout_single_portfolio": "col-1c",
	"single_portfolio_nextprev": "on",
	"social_links": {
		"1": {
			"title": "Facebook",
			"icon": "fa fa-facebook",
			"link": "#"
		},
		"2": {
			"title": "Twitter",
			"icon": "fa fa-twitter",
			"link": "#"
		},
		"3": {
			"title": "Pinterest",
			"icon": "fa fa-pinterest-p",
			"link": "#"
		}
	},
	"sharing_facebook": true,
	"sharing_twitter": true,
	"sharing_google_plus": true,
	"sharing_pinterest": true,
	"google_key": "AIzaSyCRVgKaDYPQokbMuy5fvGy-QoR44WNG7IA",
	"instagram_token": "4056544068.d1a3d85.9d2eba44616b4f4c9ec2e4a9c6d89d27",
	"la_custom_css": "@media (min-width: 768px){\r\n    .page-title-v1 .section-page-header{  \r\n    \tbackground: -webkit-linear-gradient(left,#F9EAE4 0%,#FFE9F2 100%);\r\n    \tbackground: linear-gradient(left,#F9EAE4 0%,#FFE9F2 100%);\r\n    }\r\n}",
	"header_js": "",
	"footer_js": "",
	"404_page_content": "",
	"popup_max_width": "790",
	"popup_max_height": "430",
	"popup_background": {
		"image": "",
		"repeat": "repeat",
		"position": "left top",
		"attachment": "",
		"size": "",
		"color": ""
	},
	"newsletter_popup_delay": "2000",
	"popup_dont_show_text": "Do not show popup anymore",
	"newsletter_popup_show_again": "1",
	"newsletter_popup_content": "",
	"enable_maintenance": "no",
	"maintenance_page": "",
	"import": "",
	"subheader_left_elements": "",
	"subheader_right_elements": "",
	"header_mb_component_2": "",
	"header_mb_footer_bar_component": "",
	"pages_global_sidebar": false,
	"portfolio_global_sidebar": false,
	"portfolio_archive_global_sidebar": false,
	"posts_global_sidebar": false,
	"blog_archive_global_sidebar": false,
	"products_global_sidebar": false,
	"shop_global_sidebar": false,
	"sharing_reddit": false,
	"sharing_linkedin": false,
	"sharing_tumblr": false,
	"sharing_vk": false,
	"sharing_email": false,
	"enable_newsletter_popup": false,
	"only_show_newsletter_popup_on_home_page": false,
	"disable_popup_on_mobile": false,
	"show_checkbox_hide_newsletter_popup": false
}
