{
  "desktop-view": {
    "topbar": {
      "left": [],
      "center": [],
      "right": [],
      "settings": {
        "element": "header-area",
        "hidden_element": true,
        "uniqueId": "5be8f8f3885datapbar"
      },
      "left_settings": {
        "element": "header-column",
        "hidden_element": false,
        "uniqueId": "5be8f8f3885datapbarleft"
      },
      "center_settings": {
        "element": "header-column",
        "hidden_element": false,
        "uniqueId": "5be8f8f3885datapbarcenter"
      },
      "right_settings": {
        "element": "header-column",
        "hidden_element": false,
        "uniqueId": "5be8f8f3885datapbarright"
      }
    },
    "row1": {
      "left": [
        {
          "editor_icon": "fa fa-align-justify",
          "hidden_element": false,
          "name": "menu",
          "uniqueId": "1541995004457",
          "show_mobile_menu": "true",
          "show_parent_arrow": "true",
          "parent_arrow_direction": "bottom",
          "background_position_sc_all_el_submenu_box": "center center",
          "background_repeat_sc_all_el_submenu_box": "no-repeat",
          "background_cover_sc_all_el_submenu_box": "true",
          "background_position_sc_all_el_responsive_menu_box": "center center",
          "background_repeat_sc_all_el_responsive_menu_box": "no-repeat",
          "background_cover_sc_all_el_responsive_menu_box": "true",
          "background_position_sc_all_el_box": "center center",
          "background_repeat_sc_all_el_box": "no-repeat",
          "background_cover_sc_all_el_box": "true",
          "background_position_sc_tablets_el_submenu_box": "center center",
          "background_repeat_sc_tablets_el_submenu_box": "no-repeat",
          "background_cover_sc_tablets_el_submenu_box": "true",
          "background_position_sc_tablets_el_responsive_menu_box": "center center",
          "background_repeat_sc_tablets_el_responsive_menu_box": "no-repeat",
          "background_cover_sc_tablets_el_responsive_menu_box": "true",
          "background_position_sc_tablets_el_box": "center center",
          "background_repeat_sc_tablets_el_box": "no-repeat",
          "background_cover_sc_tablets_el_box": "true",
          "background_position_sc_mobiles_el_submenu_box": "center center",
          "background_repeat_sc_mobiles_el_submenu_box": "no-repeat",
          "background_cover_sc_mobiles_el_submenu_box": "true",
          "background_position_sc_mobiles_el_responsive_menu_box": "center center",
          "background_repeat_sc_mobiles_el_responsive_menu_box": "no-repeat",
          "background_cover_sc_mobiles_el_responsive_menu_box": "true",
          "background_position_sc_mobiles_el_box": "center center",
          "background_repeat_sc_mobiles_el_box": "no-repeat",
          "background_cover_sc_mobiles_el_box": "true",
          "menu": "Primary Navigation",
          "show_megamenu": "true",
          "desc_item": "false",
          "full_menu": "false",
          "height_100": "true",
          "box_shadow_status_sc_all_el_submenu_box": "false",
          "box_shadow_status_sc_tablets_el_submenu_box": "false",
          "box_shadow_status_sc_mobiles_el_submenu_box": "false",
          "text_transform_sc_all_el_menu_item": "capitalize",
          "color_sc_all_el_menu_item": "#181818",
          "color_hover_sc_all_el_menu_item": "#dc0109",
          "color_sc_all_el_current_menu_item": "#dc0109",
          "color_hover_sc_all_el_current_menu_item": "#dc0109",
          "color_hover_sc_all_el_parent_menu_arrow": "#dc0109",
          "color_sc_tablets_el_menu_item": "#bbbbbb",
          "color_sc_tablets_el_current_menu_item": "#ffffff",
          "color_sc_mobiles_el_menu_item": "#bbbbbb",
          "color_sc_mobiles_el_current_menu_item": "#ffffff"
        }
      ],
      "center": [
        {
          "editor_icon": "fa fa-picture-o",
          "hidden_element": false,
          "name": "logo",
          "uniqueId": "5be8f8f3885dalogo",
          "type": "image",
          "logo": "",
          "width_sc_all_el_logo": "62px",
          "box_shadow_status_sc_all_el_logo": "false",
          "box_shadow_status_sc_tablets_el_logo": "false",
          "box_shadow_status_sc_mobiles_el_logo": "false"
        }
      ],
      "right": [
        {
          "editor_icon": "fa fa-search",
          "hidden_element": false,
          "name": "search",
          "uniqueId": "1541995109831",
          "type": "simple",
          "icon_type": "la",
          "tooltip_text": "Tooltip Text",
          "tooltip_position": "tooltip-on-bottom",
          "text_beside_icon": "Search",
          "float_sc_all_el_custom_text": "left",
          "background_position_sc_all_el_background": "center center",
          "background_repeat_sc_all_el_background": "no-repeat",
          "background_cover_sc_all_el_background": "true",
          "background_position_sc_all_el_search_form": "center center",
          "background_repeat_sc_all_el_search_form": "no-repeat",
          "background_cover_sc_all_el_search_form": "true",
          "background_position_sc_all_el_search_form_input": "center center",
          "background_repeat_sc_all_el_search_form_input": "no-repeat",
          "background_cover_sc_all_el_search_form_input": "true",
          "background_position_sc_all_el_full_page_search": "center center",
          "background_repeat_sc_all_el_full_page_search": "no-repeat",
          "background_cover_sc_all_el_full_page_search": "true",
          "float_sc_tablets_el_custom_text": "left",
          "background_position_sc_tablets_el_background": "center center",
          "background_repeat_sc_tablets_el_background": "no-repeat",
          "background_cover_sc_tablets_el_background": "true",
          "background_position_sc_tablets_el_search_form": "center center",
          "background_repeat_sc_tablets_el_search_form": "no-repeat",
          "background_cover_sc_tablets_el_search_form": "true",
          "background_position_sc_tablets_el_search_form_input": "center center",
          "background_repeat_sc_tablets_el_search_form_input": "no-repeat",
          "background_cover_sc_tablets_el_search_form_input": "true",
          "background_position_sc_tablets_el_full_page_search": "center center",
          "background_repeat_sc_tablets_el_full_page_search": "no-repeat",
          "background_cover_sc_tablets_el_full_page_search": "true",
          "float_sc_mobiles_el_custom_text": "left",
          "background_position_sc_mobiles_el_background": "center center",
          "background_repeat_sc_mobiles_el_background": "no-repeat",
          "background_cover_sc_mobiles_el_background": "true",
          "background_position_sc_mobiles_el_search_form": "center center",
          "background_repeat_sc_mobiles_el_search_form": "no-repeat",
          "background_cover_sc_mobiles_el_search_form": "true",
          "background_position_sc_mobiles_el_search_form_input": "center center",
          "background_repeat_sc_mobiles_el_search_form_input": "no-repeat",
          "background_cover_sc_mobiles_el_search_form_input": "true",
          "background_position_sc_mobiles_el_full_page_search": "center center",
          "background_repeat_sc_mobiles_el_full_page_search": "no-repeat",
          "background_cover_sc_mobiles_el_full_page_search": "true",
          "is_product_search": "false",
          "show_tooltip": "false",
          "top_arrow": "false",
          "searchbox_icon": "false",
          "color_sc_all_el_icon": "#181818",
          "font_size_sc_all_el_icon": "14px",
          "box_shadow_status_sc_all_el_search_form": "false",
          "box_shadow_status_sc_tablets_el_search_form": "false",
          "box_shadow_status_sc_mobiles_el_search_form": "false"
        },
        {
          "editor_icon": "fa fa-shopping-cart",
          "hidden_element": false,
          "name": "cart",
          "uniqueId": "1541995036627",
          "cart_icon": "dl__icon-cart25",
          "tooltip_text": "Tooltip Text",
          "tooltip_position": "tooltip-on-bottom",
          "background_position_sc_all_el_box": "center center",
          "background_repeat_sc_all_el_box": "no-repeat",
          "background_cover_sc_all_el_box": "true",
          "background_position_sc_all_el_products_box": "center center",
          "background_repeat_sc_all_el_products_box": "no-repeat",
          "background_cover_sc_all_el_products_box": "true",
          "background_position_sc_tablets_el_box": "center center",
          "background_repeat_sc_tablets_el_box": "no-repeat",
          "background_cover_sc_tablets_el_box": "true",
          "background_position_sc_tablets_el_products_box": "center center",
          "background_repeat_sc_tablets_el_products_box": "no-repeat",
          "background_cover_sc_tablets_el_products_box": "true",
          "background_position_sc_mobiles_el_box": "center center",
          "background_repeat_sc_mobiles_el_box": "no-repeat",
          "background_cover_sc_mobiles_el_box": "true",
          "background_position_sc_mobiles_el_products_box": "center center",
          "background_repeat_sc_mobiles_el_products_box": "no-repeat",
          "background_cover_sc_mobiles_el_products_box": "true",
          "show_tooltip": "false",
          "color_sc_all_el_icon": "#181818",
          "font_size_sc_all_el_icon": "16px",
          "width_sc_all_el_box": "30px",
          "margin_right_sc_all_el_box": "15",
          "font_size_sc_tablets_el_icon": "24px"
        },
        {
          "editor_icon": "fa fa-bars",
          "hidden_element": false,
          "name": "hamburger-menu",
          "uniqueId": "1541995066232",
          "hamburger_type": "toggle",
          "hamburger_icon": "3line",
          "hm_style": "light",
          "toggle_from": "right",
          "socials": "false",
          "search": "false",
          "placeholder": "Search ...",
          "copyright": "&copy; 2018 Moren Shop. All rights reserved",
          "background_position_sc_all_el_hamburger_icon_box": "center center",
          "background_repeat_sc_all_el_hamburger_icon_box": "no-repeat",
          "background_cover_sc_all_el_hamburger_icon_box": "true",
          "background_position_sc_all_el_hamburger_box": "center center",
          "background_repeat_sc_all_el_hamburger_box": "no-repeat",
          "background_cover_sc_all_el_hamburger_box": "true",
          "background_position_sc_all_el_logo_box": "center center",
          "background_repeat_sc_all_el_logo_box": "no-repeat",
          "background_cover_sc_all_el_logo_box": "true",
          "background_position_sc_tablets_el_hamburger_icon_box": "center center",
          "background_repeat_sc_tablets_el_hamburger_icon_box": "no-repeat",
          "background_cover_sc_tablets_el_hamburger_icon_box": "true",
          "background_position_sc_tablets_el_hamburger_box": "center center",
          "background_repeat_sc_tablets_el_hamburger_box": "no-repeat",
          "background_cover_sc_tablets_el_hamburger_box": "true",
          "background_position_sc_tablets_el_logo_box": "center center",
          "background_repeat_sc_tablets_el_logo_box": "no-repeat",
          "background_cover_sc_tablets_el_logo_box": "true",
          "background_position_sc_mobiles_el_hamburger_icon_box": "center center",
          "background_repeat_sc_mobiles_el_hamburger_icon_box": "no-repeat",
          "background_cover_sc_mobiles_el_hamburger_icon_box": "true",
          "background_position_sc_mobiles_el_hamburger_box": "center center",
          "background_repeat_sc_mobiles_el_hamburger_box": "no-repeat",
          "background_cover_sc_mobiles_el_hamburger_box": "true",
          "background_position_sc_mobiles_el_logo_box": "center center",
          "background_repeat_sc_mobiles_el_logo_box": "no-repeat",
          "background_cover_sc_mobiles_el_logo_box": "true",
          "menu": "Footer Company",
          "content": "true",
          "text_content": "<div style='margin-top: 30px;'>[la_banner style='3' banner_id='3459' title_1='NEW' title_1_fz='lg:54px;md:34px;sm:20px;' title_1_lh='lg:54px;md:34px;sm:20px;' title_1_color='#ffffff']<\/div>\n\n<p class='font-size-13 margin-top-30 margin-bottom-5'>\n(+612) 2531 5600\ninfo@la-studioweb.com\nGet direction\n<\/p>\n\n<p class='font-size-13 margin-top-30 margin-bottom-5' style='text-decoration: underline; color: #181818;'>Google map<\/p>\n<p class='margin-bottom-30' style='color: #181818;'>[la_social_link]<\/p>\n<img style='margin: 20px 0;' src='https:\/\/moren.la-studioweb.com\/wp-content\/themes\/moren\/assets\/images\/payments2.png'>",
          "color_sc_all_el_menu_item": "#181818",
          "color_hover_sc_all_el_menu_item": "#dc0109",
          "font_size_sc_all_el_menu_item": "16px",
          "font_weight_sc_all_el_menu_item": "400",
          "text_transform_sc_all_el_menu_item": "capitalize",
          "line_height_sc_all_el_menu_item": "40px"
        },
        {
          "editor_icon": "fa fa-search",
          "hidden_element": true,
          "name": "search",
          "uniqueId": "1542432277389",
          "type": "full",
          "icon_type": "la",
          "tooltip_text": "Tooltip Text",
          "tooltip_position": "tooltip-on-bottom",
          "text_beside_icon": "Search",
          "float_sc_all_el_custom_text": "left",
          "background_position_sc_all_el_background": "center center",
          "background_repeat_sc_all_el_background": "no-repeat",
          "background_cover_sc_all_el_background": "true",
          "background_position_sc_all_el_search_form": "center center",
          "background_repeat_sc_all_el_search_form": "no-repeat",
          "background_cover_sc_all_el_search_form": "true",
          "background_position_sc_all_el_search_form_input": "center center",
          "background_repeat_sc_all_el_search_form_input": "no-repeat",
          "background_cover_sc_all_el_search_form_input": "true",
          "background_position_sc_all_el_full_page_search": "center center",
          "background_repeat_sc_all_el_full_page_search": "no-repeat",
          "background_cover_sc_all_el_full_page_search": "true",
          "float_sc_tablets_el_custom_text": "left",
          "background_position_sc_tablets_el_background": "center center",
          "background_repeat_sc_tablets_el_background": "no-repeat",
          "background_cover_sc_tablets_el_background": "true",
          "background_position_sc_tablets_el_search_form": "center center",
          "background_repeat_sc_tablets_el_search_form": "no-repeat",
          "background_cover_sc_tablets_el_search_form": "true",
          "background_position_sc_tablets_el_search_form_input": "center center",
          "background_repeat_sc_tablets_el_search_form_input": "no-repeat",
          "background_cover_sc_tablets_el_search_form_input": "true",
          "background_position_sc_tablets_el_full_page_search": "center center",
          "background_repeat_sc_tablets_el_full_page_search": "no-repeat",
          "background_cover_sc_tablets_el_full_page_search": "true",
          "float_sc_mobiles_el_custom_text": "left",
          "background_position_sc_mobiles_el_background": "center center",
          "background_repeat_sc_mobiles_el_background": "no-repeat",
          "background_cover_sc_mobiles_el_background": "true",
          "background_position_sc_mobiles_el_search_form": "center center",
          "background_repeat_sc_mobiles_el_search_form": "no-repeat",
          "background_cover_sc_mobiles_el_search_form": "true",
          "background_position_sc_mobiles_el_search_form_input": "center center",
          "background_repeat_sc_mobiles_el_search_form_input": "no-repeat",
          "background_cover_sc_mobiles_el_search_form_input": "true",
          "background_position_sc_mobiles_el_full_page_search": "center center",
          "background_repeat_sc_mobiles_el_full_page_search": "no-repeat",
          "background_cover_sc_mobiles_el_full_page_search": "true",
          "is_product_search": "true",
          "show_tooltip": "false",
          "top_arrow": "false",
          "searchbox_icon": "false",
          "box_shadow_status_sc_all_el_search_form": "false",
          "box_shadow_status_sc_tablets_el_search_form": "false",
          "box_shadow_status_sc_mobiles_el_search_form": "false",
          "color_sc_tablets_el_icon": "#181818",
          "font_size_sc_tablets_el_icon": "20px",
          "margin_right_sc_tablets_el_box": "15"
        }
      ],
      "settings": {
        "element": "header-area",
        "hidden_element": false,
        "uniqueId": "5be8f8f3885darow1",
        "header_type": "horizontal",
        "container_padd": "true",
        "content_position": "middle",
        "background_position_sc_all_el_background": "center center",
        "background_repeat_sc_all_el_background": "no-repeat",
        "background_cover_sc_all_el_background": "true",
        "background_position_sc_tablets_el_background": "center center",
        "background_repeat_sc_tablets_el_background": "no-repeat",
        "background_cover_sc_tablets_el_background": "true",
        "background_position_sc_mobiles_el_background": "center center",
        "background_repeat_sc_mobiles_el_background": "no-repeat",
        "background_cover_sc_mobiles_el_background": "true",
        "full_container": "true",
        "padding_right_sc_all_el_box": "",
        "padding_left_sc_all_el_box": "",
        "box_shadow_status_sc_all_el_box": "false",
        "box_shadow_status_sc_tablets_el_box": "false",
        "box_shadow_status_sc_mobiles_el_box": "false",
        "extra_id": "header-center",
        "extra_class": "header-area-padding header-v2",
        "padding_top_sc_all_el_box": "",
        "padding_bottom_sc_all_el_box": "",
        "margin_top_sc_all_el_box": "",
        "height_sc_all_el_box": "130px"
      },
      "left_settings": {
        "element": "header-column",
        "hidden_element": false,
        "uniqueId": "5be8f8f3885darow1left"
      },
      "center_settings": {
        "element": "header-column",
        "hidden_element": false,
        "uniqueId": "5be8f8f3885darow1center"
      },
      "right_settings": {
        "element": "header-column",
        "hidden_element": false,
        "uniqueId": "5be8f8f3885darow1right"
      }
    },
    "row2": {
      "left": [],
      "center": [],
      "right": [],
      "settings": {
        "element": "header-area",
        "hidden_element": true,
        "uniqueId": "5be8f8f3885darow2"
      },
      "left_settings": {
        "element": "header-column",
        "hidden_element": false,
        "uniqueId": "5be8f8f3885darow2left"
      },
      "center_settings": {
        "element": "header-column",
        "hidden_element": false,
        "uniqueId": "5be8f8f3885darow2center"
      },
      "right_settings": {
        "element": "header-column",
        "hidden_element": false,
        "uniqueId": "5be8f8f3885darow2right"
      }
    },
    "row3": {
      "left": [],
      "center": [],
      "right": [],
      "settings": {
        "element": "header-area",
        "hidden_element": true,
        "uniqueId": "5be8f8f3885darow3"
      },
      "left_settings": {
        "element": "header-column",
        "hidden_element": false,
        "uniqueId": "5be8f8f3885darow3left"
      },
      "center_settings": {
        "element": "header-column",
        "hidden_element": false,
        "uniqueId": "5be8f8f3885darow3center"
      },
      "right_settings": {
        "element": "header-column",
        "hidden_element": false,
        "uniqueId": "5be8f8f3885darow3right"
      }
    }
  },
  "tablets-view": {
    "topbar": {
      "left": [],
      "center": [],
      "right": [],
      "settings": {
        "element": "header-area",
        "hidden_element": true,
        "uniqueId": "5be8f8f3885datapbar"
      },
      "left_settings": {
        "element": "header-column",
        "hidden_element": false,
        "uniqueId": "5be8f8f3885datapbarleft"
      },
      "center_settings": {
        "element": "header-column",
        "hidden_element": false,
        "uniqueId": "5be8f8f3885datapbarcenter"
      },
      "right_settings": {
        "element": "header-column",
        "hidden_element": false,
        "uniqueId": "5be8f8f3885datapbarright"
      }
    },
    "row1": {
      "left": [
        {
          "editor_icon": "fa fa-picture-o",
          "hidden_element": false,
          "name": "logo",
          "uniqueId": "5be8f8f3885dalogo",
          "type": "image",
          "logo": "",
          "width_sc_all_el_logo": "62px",
          "box_shadow_status_sc_all_el_logo": "false",
          "box_shadow_status_sc_tablets_el_logo": "false",
          "box_shadow_status_sc_mobiles_el_logo": "false"
        }
      ],
      "center": [],
      "right": [
        {
          "editor_icon": "fa fa-shopping-cart",
          "hidden_element": false,
          "name": "cart",
          "uniqueId": "1541995036627",
          "cart_icon": "dl__icon-cart25",
          "tooltip_text": "Tooltip Text",
          "tooltip_position": "tooltip-on-bottom",
          "background_position_sc_all_el_box": "center center",
          "background_repeat_sc_all_el_box": "no-repeat",
          "background_cover_sc_all_el_box": "true",
          "background_position_sc_all_el_products_box": "center center",
          "background_repeat_sc_all_el_products_box": "no-repeat",
          "background_cover_sc_all_el_products_box": "true",
          "background_position_sc_tablets_el_box": "center center",
          "background_repeat_sc_tablets_el_box": "no-repeat",
          "background_cover_sc_tablets_el_box": "true",
          "background_position_sc_tablets_el_products_box": "center center",
          "background_repeat_sc_tablets_el_products_box": "no-repeat",
          "background_cover_sc_tablets_el_products_box": "true",
          "background_position_sc_mobiles_el_box": "center center",
          "background_repeat_sc_mobiles_el_box": "no-repeat",
          "background_cover_sc_mobiles_el_box": "true",
          "background_position_sc_mobiles_el_products_box": "center center",
          "background_repeat_sc_mobiles_el_products_box": "no-repeat",
          "background_cover_sc_mobiles_el_products_box": "true",
          "show_tooltip": "false",
          "color_sc_all_el_icon": "#181818",
          "font_size_sc_all_el_icon": "16px",
          "width_sc_all_el_box": "30px",
          "margin_right_sc_all_el_box": "15",
          "font_size_sc_tablets_el_icon": "24px"
        },
        {
          "editor_icon": "fa fa-search",
          "hidden_element": false,
          "name": "search",
          "uniqueId": "1542432277389",
          "type": "full",
          "icon_type": "la",
          "tooltip_text": "Tooltip Text",
          "tooltip_position": "tooltip-on-bottom",
          "text_beside_icon": "Search",
          "float_sc_all_el_custom_text": "left",
          "background_position_sc_all_el_background": "center center",
          "background_repeat_sc_all_el_background": "no-repeat",
          "background_cover_sc_all_el_background": "true",
          "background_position_sc_all_el_search_form": "center center",
          "background_repeat_sc_all_el_search_form": "no-repeat",
          "background_cover_sc_all_el_search_form": "true",
          "background_position_sc_all_el_search_form_input": "center center",
          "background_repeat_sc_all_el_search_form_input": "no-repeat",
          "background_cover_sc_all_el_search_form_input": "true",
          "background_position_sc_all_el_full_page_search": "center center",
          "background_repeat_sc_all_el_full_page_search": "no-repeat",
          "background_cover_sc_all_el_full_page_search": "true",
          "float_sc_tablets_el_custom_text": "left",
          "background_position_sc_tablets_el_background": "center center",
          "background_repeat_sc_tablets_el_background": "no-repeat",
          "background_cover_sc_tablets_el_background": "true",
          "background_position_sc_tablets_el_search_form": "center center",
          "background_repeat_sc_tablets_el_search_form": "no-repeat",
          "background_cover_sc_tablets_el_search_form": "true",
          "background_position_sc_tablets_el_search_form_input": "center center",
          "background_repeat_sc_tablets_el_search_form_input": "no-repeat",
          "background_cover_sc_tablets_el_search_form_input": "true",
          "background_position_sc_tablets_el_full_page_search": "center center",
          "background_repeat_sc_tablets_el_full_page_search": "no-repeat",
          "background_cover_sc_tablets_el_full_page_search": "true",
          "float_sc_mobiles_el_custom_text": "left",
          "background_position_sc_mobiles_el_background": "center center",
          "background_repeat_sc_mobiles_el_background": "no-repeat",
          "background_cover_sc_mobiles_el_background": "true",
          "background_position_sc_mobiles_el_search_form": "center center",
          "background_repeat_sc_mobiles_el_search_form": "no-repeat",
          "background_cover_sc_mobiles_el_search_form": "true",
          "background_position_sc_mobiles_el_search_form_input": "center center",
          "background_repeat_sc_mobiles_el_search_form_input": "no-repeat",
          "background_cover_sc_mobiles_el_search_form_input": "true",
          "background_position_sc_mobiles_el_full_page_search": "center center",
          "background_repeat_sc_mobiles_el_full_page_search": "no-repeat",
          "background_cover_sc_mobiles_el_full_page_search": "true",
          "is_product_search": "true",
          "show_tooltip": "false",
          "top_arrow": "false",
          "searchbox_icon": "false",
          "box_shadow_status_sc_all_el_search_form": "false",
          "box_shadow_status_sc_tablets_el_search_form": "false",
          "box_shadow_status_sc_mobiles_el_search_form": "false",
          "color_sc_tablets_el_icon": "#181818",
          "font_size_sc_tablets_el_icon": "20px",
          "margin_right_sc_tablets_el_box": "15"
        },
        {
          "editor_icon": "fa fa-align-justify",
          "hidden_element": false,
          "name": "menu",
          "uniqueId": "1541995004457",
          "show_mobile_menu": "true",
          "show_parent_arrow": "true",
          "parent_arrow_direction": "bottom",
          "background_position_sc_all_el_submenu_box": "center center",
          "background_repeat_sc_all_el_submenu_box": "no-repeat",
          "background_cover_sc_all_el_submenu_box": "true",
          "background_position_sc_all_el_responsive_menu_box": "center center",
          "background_repeat_sc_all_el_responsive_menu_box": "no-repeat",
          "background_cover_sc_all_el_responsive_menu_box": "true",
          "background_position_sc_all_el_box": "center center",
          "background_repeat_sc_all_el_box": "no-repeat",
          "background_cover_sc_all_el_box": "true",
          "background_position_sc_tablets_el_submenu_box": "center center",
          "background_repeat_sc_tablets_el_submenu_box": "no-repeat",
          "background_cover_sc_tablets_el_submenu_box": "true",
          "background_position_sc_tablets_el_responsive_menu_box": "center center",
          "background_repeat_sc_tablets_el_responsive_menu_box": "no-repeat",
          "background_cover_sc_tablets_el_responsive_menu_box": "true",
          "background_position_sc_tablets_el_box": "center center",
          "background_repeat_sc_tablets_el_box": "no-repeat",
          "background_cover_sc_tablets_el_box": "true",
          "background_position_sc_mobiles_el_submenu_box": "center center",
          "background_repeat_sc_mobiles_el_submenu_box": "no-repeat",
          "background_cover_sc_mobiles_el_submenu_box": "true",
          "background_position_sc_mobiles_el_responsive_menu_box": "center center",
          "background_repeat_sc_mobiles_el_responsive_menu_box": "no-repeat",
          "background_cover_sc_mobiles_el_responsive_menu_box": "true",
          "background_position_sc_mobiles_el_box": "center center",
          "background_repeat_sc_mobiles_el_box": "no-repeat",
          "background_cover_sc_mobiles_el_box": "true",
          "menu": "Primary Navigation",
          "show_megamenu": "true",
          "desc_item": "false",
          "full_menu": "false",
          "height_100": "true",
          "box_shadow_status_sc_all_el_submenu_box": "false",
          "box_shadow_status_sc_tablets_el_submenu_box": "false",
          "box_shadow_status_sc_mobiles_el_submenu_box": "false",
          "text_transform_sc_all_el_menu_item": "capitalize",
          "color_sc_all_el_menu_item": "#181818",
          "color_hover_sc_all_el_menu_item": "#dc0109",
          "color_sc_all_el_current_menu_item": "#dc0109",
          "color_hover_sc_all_el_current_menu_item": "#dc0109",
          "color_hover_sc_all_el_parent_menu_arrow": "#dc0109",
          "color_sc_tablets_el_menu_item": "#bbbbbb",
          "color_sc_tablets_el_current_menu_item": "#ffffff",
          "color_sc_mobiles_el_menu_item": "#bbbbbb",
          "color_sc_mobiles_el_current_menu_item": "#ffffff"
        },
        {
          "editor_icon": "fa fa-bars",
          "hidden_element": true,
          "name": "hamburger-menu",
          "uniqueId": "1541995066232",
          "hamburger_type": "toggle",
          "hamburger_icon": "3line",
          "hm_style": "light",
          "toggle_from": "right",
          "socials": "false",
          "search": "false",
          "placeholder": "Search ...",
          "copyright": "&copy; 2018 Moren Shop. All rights reserved",
          "background_position_sc_all_el_hamburger_icon_box": "center center",
          "background_repeat_sc_all_el_hamburger_icon_box": "no-repeat",
          "background_cover_sc_all_el_hamburger_icon_box": "true",
          "background_position_sc_all_el_hamburger_box": "center center",
          "background_repeat_sc_all_el_hamburger_box": "no-repeat",
          "background_cover_sc_all_el_hamburger_box": "true",
          "background_position_sc_all_el_logo_box": "center center",
          "background_repeat_sc_all_el_logo_box": "no-repeat",
          "background_cover_sc_all_el_logo_box": "true",
          "background_position_sc_tablets_el_hamburger_icon_box": "center center",
          "background_repeat_sc_tablets_el_hamburger_icon_box": "no-repeat",
          "background_cover_sc_tablets_el_hamburger_icon_box": "true",
          "background_position_sc_tablets_el_hamburger_box": "center center",
          "background_repeat_sc_tablets_el_hamburger_box": "no-repeat",
          "background_cover_sc_tablets_el_hamburger_box": "true",
          "background_position_sc_tablets_el_logo_box": "center center",
          "background_repeat_sc_tablets_el_logo_box": "no-repeat",
          "background_cover_sc_tablets_el_logo_box": "true",
          "background_position_sc_mobiles_el_hamburger_icon_box": "center center",
          "background_repeat_sc_mobiles_el_hamburger_icon_box": "no-repeat",
          "background_cover_sc_mobiles_el_hamburger_icon_box": "true",
          "background_position_sc_mobiles_el_hamburger_box": "center center",
          "background_repeat_sc_mobiles_el_hamburger_box": "no-repeat",
          "background_cover_sc_mobiles_el_hamburger_box": "true",
          "background_position_sc_mobiles_el_logo_box": "center center",
          "background_repeat_sc_mobiles_el_logo_box": "no-repeat",
          "background_cover_sc_mobiles_el_logo_box": "true",
          "menu": "Footer Company",
          "content": "true",
          "text_content": "<div style='margin-top: 30px;'>[la_banner style='3' banner_id='3459' title_1='NEW' title_1_fz='lg:54px;md:34px;sm:20px;' title_1_lh='lg:54px;md:34px;sm:20px;' title_1_color='#ffffff']<\/div>\n\n<p class='font-size-13 margin-top-30 margin-bottom-5'>\n(+612) 2531 5600\ninfo@la-studioweb.com\nGet direction\n<\/p>\n\n<p class='font-size-13 margin-top-30 margin-bottom-5' style='text-decoration: underline; color: #181818;'>Google map<\/p>\n<p class='margin-bottom-30' style='color: #181818;'>[la_social_link]<\/p>\n<img style='margin: 20px 0;' src='https:\/\/moren.la-studioweb.com\/wp-content\/themes\/moren\/assets\/images\/payments2.png'>",
          "color_sc_all_el_menu_item": "#181818",
          "color_hover_sc_all_el_menu_item": "#dc0109",
          "font_size_sc_all_el_menu_item": "16px",
          "font_weight_sc_all_el_menu_item": "400",
          "text_transform_sc_all_el_menu_item": "capitalize",
          "line_height_sc_all_el_menu_item": "40px"
        },
        {
          "editor_icon": "fa fa-search",
          "hidden_element": true,
          "name": "search",
          "uniqueId": "1541995109831",
          "type": "simple",
          "icon_type": "la",
          "tooltip_text": "Tooltip Text",
          "tooltip_position": "tooltip-on-bottom",
          "text_beside_icon": "Search",
          "float_sc_all_el_custom_text": "left",
          "background_position_sc_all_el_background": "center center",
          "background_repeat_sc_all_el_background": "no-repeat",
          "background_cover_sc_all_el_background": "true",
          "background_position_sc_all_el_search_form": "center center",
          "background_repeat_sc_all_el_search_form": "no-repeat",
          "background_cover_sc_all_el_search_form": "true",
          "background_position_sc_all_el_search_form_input": "center center",
          "background_repeat_sc_all_el_search_form_input": "no-repeat",
          "background_cover_sc_all_el_search_form_input": "true",
          "background_position_sc_all_el_full_page_search": "center center",
          "background_repeat_sc_all_el_full_page_search": "no-repeat",
          "background_cover_sc_all_el_full_page_search": "true",
          "float_sc_tablets_el_custom_text": "left",
          "background_position_sc_tablets_el_background": "center center",
          "background_repeat_sc_tablets_el_background": "no-repeat",
          "background_cover_sc_tablets_el_background": "true",
          "background_position_sc_tablets_el_search_form": "center center",
          "background_repeat_sc_tablets_el_search_form": "no-repeat",
          "background_cover_sc_tablets_el_search_form": "true",
          "background_position_sc_tablets_el_search_form_input": "center center",
          "background_repeat_sc_tablets_el_search_form_input": "no-repeat",
          "background_cover_sc_tablets_el_search_form_input": "true",
          "background_position_sc_tablets_el_full_page_search": "center center",
          "background_repeat_sc_tablets_el_full_page_search": "no-repeat",
          "background_cover_sc_tablets_el_full_page_search": "true",
          "float_sc_mobiles_el_custom_text": "left",
          "background_position_sc_mobiles_el_background": "center center",
          "background_repeat_sc_mobiles_el_background": "no-repeat",
          "background_cover_sc_mobiles_el_background": "true",
          "background_position_sc_mobiles_el_search_form": "center center",
          "background_repeat_sc_mobiles_el_search_form": "no-repeat",
          "background_cover_sc_mobiles_el_search_form": "true",
          "background_position_sc_mobiles_el_search_form_input": "center center",
          "background_repeat_sc_mobiles_el_search_form_input": "no-repeat",
          "background_cover_sc_mobiles_el_search_form_input": "true",
          "background_position_sc_mobiles_el_full_page_search": "center center",
          "background_repeat_sc_mobiles_el_full_page_search": "no-repeat",
          "background_cover_sc_mobiles_el_full_page_search": "true",
          "is_product_search": "false",
          "show_tooltip": "false",
          "top_arrow": "false",
          "searchbox_icon": "false",
          "color_sc_all_el_icon": "#181818",
          "font_size_sc_all_el_icon": "14px",
          "box_shadow_status_sc_all_el_search_form": "false",
          "box_shadow_status_sc_tablets_el_search_form": "false",
          "box_shadow_status_sc_mobiles_el_search_form": "false"
        }
      ],
      "settings": {
        "element": "header-area",
        "hidden_element": false,
        "uniqueId": "5be8f8f3885darow1",
        "header_type": "horizontal",
        "container_padd": "true",
        "content_position": "middle",
        "background_position_sc_all_el_background": "center center",
        "background_repeat_sc_all_el_background": "no-repeat",
        "background_cover_sc_all_el_background": "true",
        "background_position_sc_tablets_el_background": "center center",
        "background_repeat_sc_tablets_el_background": "no-repeat",
        "background_cover_sc_tablets_el_background": "true",
        "background_position_sc_mobiles_el_background": "center center",
        "background_repeat_sc_mobiles_el_background": "no-repeat",
        "background_cover_sc_mobiles_el_background": "true",
        "full_container": "true",
        "padding_right_sc_all_el_box": "",
        "padding_left_sc_all_el_box": "",
        "box_shadow_status_sc_all_el_box": "false",
        "box_shadow_status_sc_tablets_el_box": "false",
        "box_shadow_status_sc_mobiles_el_box": "false",
        "extra_id": "header-center",
        "extra_class": "header-area-padding header-v2",
        "padding_top_sc_all_el_box": "",
        "padding_bottom_sc_all_el_box": "",
        "margin_top_sc_all_el_box": "",
        "height_sc_all_el_box": "130px"
      },
      "left_settings": {
        "element": "header-column",
        "hidden_element": false,
        "uniqueId": "5be8f8f3885darow1left"
      },
      "center_settings": {
        "element": "header-column",
        "hidden_element": false,
        "uniqueId": "5be8f8f3885darow1center"
      },
      "right_settings": {
        "element": "header-column",
        "hidden_element": false,
        "uniqueId": "5be8f8f3885darow1right"
      }
    },
    "row2": {
      "left": [],
      "center": [],
      "right": [],
      "settings": {
        "element": "header-area",
        "hidden_element": true,
        "uniqueId": "5be8f8f3885darow2"
      },
      "left_settings": {
        "element": "header-column",
        "hidden_element": false,
        "uniqueId": "5be8f8f3885darow2left"
      },
      "center_settings": {
        "element": "header-column",
        "hidden_element": false,
        "uniqueId": "5be8f8f3885darow2center"
      },
      "right_settings": {
        "element": "header-column",
        "hidden_element": false,
        "uniqueId": "5be8f8f3885darow2right"
      }
    },
    "row3": {
      "left": [],
      "center": [],
      "right": [],
      "settings": {
        "element": "header-area",
        "hidden_element": true,
        "uniqueId": "5be8f8f3885darow3"
      },
      "left_settings": {
        "element": "header-column",
        "hidden_element": false,
        "uniqueId": "5be8f8f3885darow3left"
      },
      "center_settings": {
        "element": "header-column",
        "hidden_element": false,
        "uniqueId": "5be8f8f3885darow3center"
      },
      "right_settings": {
        "element": "header-column",
        "hidden_element": false,
        "uniqueId": "5be8f8f3885darow3right"
      }
    }
  },
  "mobiles-view": {
    "topbar": {
      "left": [],
      "center": [],
      "right": [],
      "settings": {
        "element": "header-area",
        "hidden_element": true,
        "uniqueId": "5be8f8f3885datapbar"
      },
      "left_settings": {
        "element": "header-column",
        "hidden_element": false,
        "uniqueId": "5be8f8f3885datapbarleft"
      },
      "center_settings": {
        "element": "header-column",
        "hidden_element": false,
        "uniqueId": "5be8f8f3885datapbarcenter"
      },
      "right_settings": {
        "element": "header-column",
        "hidden_element": false,
        "uniqueId": "5be8f8f3885datapbarright"
      }
    },
    "row1": {
      "left": [
        {
          "editor_icon": "fa fa-picture-o",
          "hidden_element": false,
          "name": "logo",
          "uniqueId": "5be8f8f3885dalogo",
          "type": "image",
          "logo": "",
          "width_sc_all_el_logo": "62px",
          "box_shadow_status_sc_all_el_logo": "false",
          "box_shadow_status_sc_tablets_el_logo": "false",
          "box_shadow_status_sc_mobiles_el_logo": "false"
        }
      ],
      "center": [],
      "right": [
        {
          "editor_icon": "fa fa-shopping-cart",
          "hidden_element": false,
          "name": "cart",
          "uniqueId": "1541995036627",
          "cart_icon": "dl__icon-cart25",
          "tooltip_text": "Tooltip Text",
          "tooltip_position": "tooltip-on-bottom",
          "background_position_sc_all_el_box": "center center",
          "background_repeat_sc_all_el_box": "no-repeat",
          "background_cover_sc_all_el_box": "true",
          "background_position_sc_all_el_products_box": "center center",
          "background_repeat_sc_all_el_products_box": "no-repeat",
          "background_cover_sc_all_el_products_box": "true",
          "background_position_sc_tablets_el_box": "center center",
          "background_repeat_sc_tablets_el_box": "no-repeat",
          "background_cover_sc_tablets_el_box": "true",
          "background_position_sc_tablets_el_products_box": "center center",
          "background_repeat_sc_tablets_el_products_box": "no-repeat",
          "background_cover_sc_tablets_el_products_box": "true",
          "background_position_sc_mobiles_el_box": "center center",
          "background_repeat_sc_mobiles_el_box": "no-repeat",
          "background_cover_sc_mobiles_el_box": "true",
          "background_position_sc_mobiles_el_products_box": "center center",
          "background_repeat_sc_mobiles_el_products_box": "no-repeat",
          "background_cover_sc_mobiles_el_products_box": "true",
          "show_tooltip": "false",
          "color_sc_all_el_icon": "#181818",
          "font_size_sc_all_el_icon": "16px",
          "width_sc_all_el_box": "30px",
          "margin_right_sc_all_el_box": "15",
          "font_size_sc_tablets_el_icon": "24px"
        },
        {
          "editor_icon": "fa fa-search",
          "hidden_element": false,
          "name": "search",
          "uniqueId": "1542432277389",
          "type": "full",
          "icon_type": "la",
          "tooltip_text": "Tooltip Text",
          "tooltip_position": "tooltip-on-bottom",
          "text_beside_icon": "Search",
          "float_sc_all_el_custom_text": "left",
          "background_position_sc_all_el_background": "center center",
          "background_repeat_sc_all_el_background": "no-repeat",
          "background_cover_sc_all_el_background": "true",
          "background_position_sc_all_el_search_form": "center center",
          "background_repeat_sc_all_el_search_form": "no-repeat",
          "background_cover_sc_all_el_search_form": "true",
          "background_position_sc_all_el_search_form_input": "center center",
          "background_repeat_sc_all_el_search_form_input": "no-repeat",
          "background_cover_sc_all_el_search_form_input": "true",
          "background_position_sc_all_el_full_page_search": "center center",
          "background_repeat_sc_all_el_full_page_search": "no-repeat",
          "background_cover_sc_all_el_full_page_search": "true",
          "float_sc_tablets_el_custom_text": "left",
          "background_position_sc_tablets_el_background": "center center",
          "background_repeat_sc_tablets_el_background": "no-repeat",
          "background_cover_sc_tablets_el_background": "true",
          "background_position_sc_tablets_el_search_form": "center center",
          "background_repeat_sc_tablets_el_search_form": "no-repeat",
          "background_cover_sc_tablets_el_search_form": "true",
          "background_position_sc_tablets_el_search_form_input": "center center",
          "background_repeat_sc_tablets_el_search_form_input": "no-repeat",
          "background_cover_sc_tablets_el_search_form_input": "true",
          "background_position_sc_tablets_el_full_page_search": "center center",
          "background_repeat_sc_tablets_el_full_page_search": "no-repeat",
          "background_cover_sc_tablets_el_full_page_search": "true",
          "float_sc_mobiles_el_custom_text": "left",
          "background_position_sc_mobiles_el_background": "center center",
          "background_repeat_sc_mobiles_el_background": "no-repeat",
          "background_cover_sc_mobiles_el_background": "true",
          "background_position_sc_mobiles_el_search_form": "center center",
          "background_repeat_sc_mobiles_el_search_form": "no-repeat",
          "background_cover_sc_mobiles_el_search_form": "true",
          "background_position_sc_mobiles_el_search_form_input": "center center",
          "background_repeat_sc_mobiles_el_search_form_input": "no-repeat",
          "background_cover_sc_mobiles_el_search_form_input": "true",
          "background_position_sc_mobiles_el_full_page_search": "center center",
          "background_repeat_sc_mobiles_el_full_page_search": "no-repeat",
          "background_cover_sc_mobiles_el_full_page_search": "true",
          "is_product_search": "true",
          "show_tooltip": "false",
          "top_arrow": "false",
          "searchbox_icon": "false",
          "box_shadow_status_sc_all_el_search_form": "false",
          "box_shadow_status_sc_tablets_el_search_form": "false",
          "box_shadow_status_sc_mobiles_el_search_form": "false",
          "color_sc_tablets_el_icon": "#181818",
          "font_size_sc_tablets_el_icon": "20px",
          "margin_right_sc_tablets_el_box": "15"
        },
        {
          "editor_icon": "fa fa-align-justify",
          "hidden_element": false,
          "name": "menu",
          "uniqueId": "1541995004457",
          "show_mobile_menu": "true",
          "show_parent_arrow": "true",
          "parent_arrow_direction": "bottom",
          "background_position_sc_all_el_submenu_box": "center center",
          "background_repeat_sc_all_el_submenu_box": "no-repeat",
          "background_cover_sc_all_el_submenu_box": "true",
          "background_position_sc_all_el_responsive_menu_box": "center center",
          "background_repeat_sc_all_el_responsive_menu_box": "no-repeat",
          "background_cover_sc_all_el_responsive_menu_box": "true",
          "background_position_sc_all_el_box": "center center",
          "background_repeat_sc_all_el_box": "no-repeat",
          "background_cover_sc_all_el_box": "true",
          "background_position_sc_tablets_el_submenu_box": "center center",
          "background_repeat_sc_tablets_el_submenu_box": "no-repeat",
          "background_cover_sc_tablets_el_submenu_box": "true",
          "background_position_sc_tablets_el_responsive_menu_box": "center center",
          "background_repeat_sc_tablets_el_responsive_menu_box": "no-repeat",
          "background_cover_sc_tablets_el_responsive_menu_box": "true",
          "background_position_sc_tablets_el_box": "center center",
          "background_repeat_sc_tablets_el_box": "no-repeat",
          "background_cover_sc_tablets_el_box": "true",
          "background_position_sc_mobiles_el_submenu_box": "center center",
          "background_repeat_sc_mobiles_el_submenu_box": "no-repeat",
          "background_cover_sc_mobiles_el_submenu_box": "true",
          "background_position_sc_mobiles_el_responsive_menu_box": "center center",
          "background_repeat_sc_mobiles_el_responsive_menu_box": "no-repeat",
          "background_cover_sc_mobiles_el_responsive_menu_box": "true",
          "background_position_sc_mobiles_el_box": "center center",
          "background_repeat_sc_mobiles_el_box": "no-repeat",
          "background_cover_sc_mobiles_el_box": "true",
          "menu": "Primary Navigation",
          "show_megamenu": "true",
          "desc_item": "false",
          "full_menu": "false",
          "height_100": "true",
          "box_shadow_status_sc_all_el_submenu_box": "false",
          "box_shadow_status_sc_tablets_el_submenu_box": "false",
          "box_shadow_status_sc_mobiles_el_submenu_box": "false",
          "text_transform_sc_all_el_menu_item": "capitalize",
          "color_sc_all_el_menu_item": "#181818",
          "color_hover_sc_all_el_menu_item": "#dc0109",
          "color_sc_all_el_current_menu_item": "#dc0109",
          "color_hover_sc_all_el_current_menu_item": "#dc0109",
          "color_hover_sc_all_el_parent_menu_arrow": "#dc0109",
          "color_sc_tablets_el_menu_item": "#bbbbbb",
          "color_sc_tablets_el_current_menu_item": "#ffffff",
          "color_sc_mobiles_el_menu_item": "#bbbbbb",
          "color_sc_mobiles_el_current_menu_item": "#ffffff"
        },
        {
          "editor_icon": "fa fa-bars",
          "hidden_element": true,
          "name": "hamburger-menu",
          "uniqueId": "1541995066232",
          "hamburger_type": "toggle",
          "hamburger_icon": "3line",
          "hm_style": "light",
          "toggle_from": "right",
          "socials": "false",
          "search": "false",
          "placeholder": "Search ...",
          "copyright": "&copy; 2018 Moren Shop. All rights reserved",
          "background_position_sc_all_el_hamburger_icon_box": "center center",
          "background_repeat_sc_all_el_hamburger_icon_box": "no-repeat",
          "background_cover_sc_all_el_hamburger_icon_box": "true",
          "background_position_sc_all_el_hamburger_box": "center center",
          "background_repeat_sc_all_el_hamburger_box": "no-repeat",
          "background_cover_sc_all_el_hamburger_box": "true",
          "background_position_sc_all_el_logo_box": "center center",
          "background_repeat_sc_all_el_logo_box": "no-repeat",
          "background_cover_sc_all_el_logo_box": "true",
          "background_position_sc_tablets_el_hamburger_icon_box": "center center",
          "background_repeat_sc_tablets_el_hamburger_icon_box": "no-repeat",
          "background_cover_sc_tablets_el_hamburger_icon_box": "true",
          "background_position_sc_tablets_el_hamburger_box": "center center",
          "background_repeat_sc_tablets_el_hamburger_box": "no-repeat",
          "background_cover_sc_tablets_el_hamburger_box": "true",
          "background_position_sc_tablets_el_logo_box": "center center",
          "background_repeat_sc_tablets_el_logo_box": "no-repeat",
          "background_cover_sc_tablets_el_logo_box": "true",
          "background_position_sc_mobiles_el_hamburger_icon_box": "center center",
          "background_repeat_sc_mobiles_el_hamburger_icon_box": "no-repeat",
          "background_cover_sc_mobiles_el_hamburger_icon_box": "true",
          "background_position_sc_mobiles_el_hamburger_box": "center center",
          "background_repeat_sc_mobiles_el_hamburger_box": "no-repeat",
          "background_cover_sc_mobiles_el_hamburger_box": "true",
          "background_position_sc_mobiles_el_logo_box": "center center",
          "background_repeat_sc_mobiles_el_logo_box": "no-repeat",
          "background_cover_sc_mobiles_el_logo_box": "true",
          "menu": "Footer Company",
          "content": "true",
          "text_content": "<div style='margin-top: 30px;'>[la_banner style='3' banner_id='3459' title_1='NEW' title_1_fz='lg:54px;md:34px;sm:20px;' title_1_lh='lg:54px;md:34px;sm:20px;' title_1_color='#ffffff']<\/div>\n\n<p class='font-size-13 margin-top-30 margin-bottom-5'>\n(+612) 2531 5600\ninfo@la-studioweb.com\nGet direction\n<\/p>\n\n<p class='font-size-13 margin-top-30 margin-bottom-5' style='text-decoration: underline; color: #181818;'>Google map<\/p>\n<p class='margin-bottom-30' style='color: #181818;'>[la_social_link]<\/p>\n<img style='margin: 20px 0;' src='https:\/\/moren.la-studioweb.com\/wp-content\/themes\/moren\/assets\/images\/payments2.png'>",
          "color_sc_all_el_menu_item": "#181818",
          "color_hover_sc_all_el_menu_item": "#dc0109",
          "font_size_sc_all_el_menu_item": "16px",
          "font_weight_sc_all_el_menu_item": "400",
          "text_transform_sc_all_el_menu_item": "capitalize",
          "line_height_sc_all_el_menu_item": "40px"
        },
        {
          "editor_icon": "fa fa-search",
          "hidden_element": true,
          "name": "search",
          "uniqueId": "1541995109831",
          "type": "simple",
          "icon_type": "la",
          "tooltip_text": "Tooltip Text",
          "tooltip_position": "tooltip-on-bottom",
          "text_beside_icon": "Search",
          "float_sc_all_el_custom_text": "left",
          "background_position_sc_all_el_background": "center center",
          "background_repeat_sc_all_el_background": "no-repeat",
          "background_cover_sc_all_el_background": "true",
          "background_position_sc_all_el_search_form": "center center",
          "background_repeat_sc_all_el_search_form": "no-repeat",
          "background_cover_sc_all_el_search_form": "true",
          "background_position_sc_all_el_search_form_input": "center center",
          "background_repeat_sc_all_el_search_form_input": "no-repeat",
          "background_cover_sc_all_el_search_form_input": "true",
          "background_position_sc_all_el_full_page_search": "center center",
          "background_repeat_sc_all_el_full_page_search": "no-repeat",
          "background_cover_sc_all_el_full_page_search": "true",
          "float_sc_tablets_el_custom_text": "left",
          "background_position_sc_tablets_el_background": "center center",
          "background_repeat_sc_tablets_el_background": "no-repeat",
          "background_cover_sc_tablets_el_background": "true",
          "background_position_sc_tablets_el_search_form": "center center",
          "background_repeat_sc_tablets_el_search_form": "no-repeat",
          "background_cover_sc_tablets_el_search_form": "true",
          "background_position_sc_tablets_el_search_form_input": "center center",
          "background_repeat_sc_tablets_el_search_form_input": "no-repeat",
          "background_cover_sc_tablets_el_search_form_input": "true",
          "background_position_sc_tablets_el_full_page_search": "center center",
          "background_repeat_sc_tablets_el_full_page_search": "no-repeat",
          "background_cover_sc_tablets_el_full_page_search": "true",
          "float_sc_mobiles_el_custom_text": "left",
          "background_position_sc_mobiles_el_background": "center center",
          "background_repeat_sc_mobiles_el_background": "no-repeat",
          "background_cover_sc_mobiles_el_background": "true",
          "background_position_sc_mobiles_el_search_form": "center center",
          "background_repeat_sc_mobiles_el_search_form": "no-repeat",
          "background_cover_sc_mobiles_el_search_form": "true",
          "background_position_sc_mobiles_el_search_form_input": "center center",
          "background_repeat_sc_mobiles_el_search_form_input": "no-repeat",
          "background_cover_sc_mobiles_el_search_form_input": "true",
          "background_position_sc_mobiles_el_full_page_search": "center center",
          "background_repeat_sc_mobiles_el_full_page_search": "no-repeat",
          "background_cover_sc_mobiles_el_full_page_search": "true",
          "is_product_search": "false",
          "show_tooltip": "false",
          "top_arrow": "false",
          "searchbox_icon": "false",
          "color_sc_all_el_icon": "#181818",
          "font_size_sc_all_el_icon": "14px",
          "box_shadow_status_sc_all_el_search_form": "false",
          "box_shadow_status_sc_tablets_el_search_form": "false",
          "box_shadow_status_sc_mobiles_el_search_form": "false"
        }
      ],
      "settings": {
        "element": "header-area",
        "hidden_element": false,
        "uniqueId": "5be8f8f3885darow1",
        "header_type": "horizontal",
        "container_padd": "true",
        "content_position": "middle",
        "background_position_sc_all_el_background": "center center",
        "background_repeat_sc_all_el_background": "no-repeat",
        "background_cover_sc_all_el_background": "true",
        "background_position_sc_tablets_el_background": "center center",
        "background_repeat_sc_tablets_el_background": "no-repeat",
        "background_cover_sc_tablets_el_background": "true",
        "background_position_sc_mobiles_el_background": "center center",
        "background_repeat_sc_mobiles_el_background": "no-repeat",
        "background_cover_sc_mobiles_el_background": "true",
        "full_container": "true",
        "padding_right_sc_all_el_box": "",
        "padding_left_sc_all_el_box": "",
        "box_shadow_status_sc_all_el_box": "false",
        "box_shadow_status_sc_tablets_el_box": "false",
        "box_shadow_status_sc_mobiles_el_box": "false",
        "extra_id": "header-center",
        "extra_class": "header-area-padding header-v2",
        "padding_top_sc_all_el_box": "",
        "padding_bottom_sc_all_el_box": "",
        "margin_top_sc_all_el_box": "",
        "height_sc_all_el_box": "130px"
      },
      "left_settings": {
        "element": "header-column",
        "hidden_element": false,
        "uniqueId": "5be8f8f3885darow1left"
      },
      "center_settings": {
        "element": "header-column",
        "hidden_element": false,
        "uniqueId": "5be8f8f3885darow1center"
      },
      "right_settings": {
        "element": "header-column",
        "hidden_element": false,
        "uniqueId": "5be8f8f3885darow1right"
      }
    },
    "row2": {
      "left": [],
      "center": [],
      "right": [],
      "settings": {
        "element": "header-area",
        "hidden_element": true,
        "uniqueId": "5be8f8f3885darow2"
      },
      "left_settings": {
        "element": "header-column",
        "hidden_element": false,
        "uniqueId": "5be8f8f3885darow2left"
      },
      "center_settings": {
        "element": "header-column",
        "hidden_element": false,
        "uniqueId": "5be8f8f3885darow2center"
      },
      "right_settings": {
        "element": "header-column",
        "hidden_element": false,
        "uniqueId": "5be8f8f3885darow2right"
      }
    },
    "row3": {
      "left": [],
      "center": [],
      "right": [],
      "settings": {
        "element": "header-area",
        "hidden_element": true,
        "uniqueId": "5be8f8f3885darow3"
      },
      "left_settings": {
        "element": "header-column",
        "hidden_element": false,
        "uniqueId": "5be8f8f3885darow3left"
      },
      "center_settings": {
        "element": "header-column",
        "hidden_element": false,
        "uniqueId": "5be8f8f3885darow3center"
      },
      "right_settings": {
        "element": "header-column",
        "hidden_element": false,
        "uniqueId": "5be8f8f3885darow3right"
      }
    }
  }
}