{
  "sidebar-primary": {
    "search-2": {
      "title": ""
    },
    "recent-posts-2": {
      "title": "",
      "number": 5
    },
    "recent-comments-2": {
      "title": "",
      "number": 5
    },
    "archives-2": {
      "title": "",
      "count": 0,
      "dropdown": 0
    },
    "categories-2": {
      "title": "",
      "count": 0,
      "hierarchical": 0,
      "dropdown": 0
    },
    "meta-2": {
      "title": ""
    }
  },
  "sidebar-shop-filter": {
    "woocommerce_price_filter-3": {
      "title": "BY PRICES",
      "classes": ""
    },
    "product-sort-by-2": {
      "title": "SORT BY",
      "classes": ""
    },
    "woocommerce_product_categories-3": {
      "title": "BY CATEGORIES",
      "orderby": "name",
      "dropdown": 0,
      "count": 0,
      "hierarchical": 0,
      "show_children_only": 0,
      "hide_empty": 1,
      "max_depth": "",
      "classes": ""
    },
    "woocommerce_layered_nav-4": {
      "title": "BY COLORS",
      "attribute": "color",
      "display_type": "swatches",
      "query_type": "and",
      "classes": ""
    },
    "woocommerce_layered_nav-5": {
      "title": "BY BRANDS",
      "attribute": "brand",
      "display_type": "list",
      "query_type": "and",
      "classes": ""
    }
  },
  "aside-widget": {
    "text-4": {
      "title": "Lapa Furniture Store",
      "text": "Nullam varius porttitor augue id rutrum. Duis vehicula magna at magna tempus rhoncus. Maecenas quis lobortis elit, nec faucibus augue.\r\n\r\nPhasellus pellentesque mi ut mauris volutpat pellentesque. Donec id leo efficitur, bibendum enim ac, consectetur ex.",
      "filter": true,
      "visual": true,
      "classes": ""
    },
    "media_image-3": {
      "attachment_id": 67,
      "url": "http:\/\/lapa.la-studioweb.com\/wp-content\/uploads\/2018\/03\/aside-image.jpg",
      "title": "",
      "size": "full",
      "width": 333,
      "height": 309,
      "caption": "",
      "alt": "",
      "link_type": "custom",
      "link_url": "http:\/\/lapa.la-studioweb.com\/",
      "image_classes": "",
      "link_classes": "",
      "link_rel": "",
      "link_target_blank": false,
      "image_title": "",
      "classes": "padding-top-30"
    },
    "contact_info-3": {
      "title": "",
      "phone": "(+61 2) 9251 5600",
      "email": "info@domain.com",
      "address": "PO Box 16122 Collins Street West  Victoria 8007 Australia ",
      "classes": "padding-top-30"
    },
    "text-5": {
      "title": "",
      "text": "Contact with us\r\n\r\n[la_social_link]",
      "filter": true,
      "visual": true,
      "classes": "padding-top-50"
    }
  },
  "f-col-1": {
    "text-7": {
      "title": "",
      "text": "\u00a9 2018 by LaStudio",
      "filter": true,
      "visual": true,
      "classes": "col-md-3 font-size-10 text-uppercase letter-spacing-3 sm-text-center "
    },
    "contact_info-4": {
      "title": "",
      "phone": "(+61 2) 9251 5600",
      "email": "info@domain.com",
      "address": "PO Box 16122 Collins Street West Victoria",
      "classes": "inline-item col-md-6 text-center padding-0"
    },
    "text-6": {
      "title": "",
      "text": "[la_social_link]",
      "filter": true,
      "visual": true,
      "classes": "col-md-3 text-right sm-text-center margin-bottom-0 padding-0"
    }
  },
  "sidebar-shop-area": {
    "woocommerce_product_search-2": {
      "title": "",
      "classes": ""
    },
    "woocommerce_product_categories-2": {
      "title": "BY CATEGORIES",
      "orderby": "name",
      "dropdown": 0,
      "count": 1,
      "hierarchical": 0,
      "show_children_only": 0,
      "hide_empty": 0,
      "max_depth": "",
      "classes": ""
    },
    "woocommerce_layered_nav-3": {
      "title": "BY COLORS",
      "attribute": "color",
      "display_type": "swatches",
      "query_type": "and",
      "classes": ""
    },
    "woocommerce_price_filter-2": {
      "title": "BY PRICES",
      "classes": ""
    },
    "woocommerce_layered_nav-2": {
      "title": "BY BRANDS",
      "attribute": "brand",
      "display_type": "list",
      "query_type": "and",
      "classes": "filter-two-columns"
    },
    "woocommerce_product_tag_cloud-2": {
      "title": "TAGS CLOUD",
      "classes": ""
    },
    "text-8": {
      "title": "",
      "text": "[la_banner style=\"6\" banner_id=\"721\" banner_link=\"url:%2Fshop|||\" title_1=\"Arm Chair\" title_2=\"Sale 50%\" el_class1=\"font-weight-700\" el_class2=\"font-weight-100\" title_1_fz=\"lg:20px;\" title_1_color=\"#36393e\" title_2_fz=\"lg:72px;\" title_2_color=\"#393939\" title_2_lh=\"lg:60px;\"]",
      "filter": true,
      "visual": true,
      "classes": ""
    }
  }
}