{"layout":"col-2cr","body_boxed":"no","body_max_width":"1230","main_full_width":"no","main_space":{"top":"50","bottom":"50"},"backtotop_btn":"no","favicon":"","favicon_iphone":"","favicon_ipad":"","logo":"2935","logo_2x":"2936","logo_transparency":"2937","logo_transparency_2x":"2938","logo_mobile":"2935","logo_mobile_2x":"2936","logo_mobile_transparency":"2937","logo_mobile_transparency_2x":"2938","body_background":{"image":"","repeat":"repeat","position":"left top","attachment":"","size":"","color":""},"body_boxed_background":{"image":"","repeat":"repeat","position":"left top","attachment":"","size":"","color":""},"text_color":"#8a8a8a","heading_color":"#232324","primary_color":"#6b56e2","secondary_color":"#232324","three_color":"#9d9d9d","border_color":"#e8e8e8","page_loading_animation":"on","page_loading_style":"3","page_loading_custom":"","body_font_size":"14px","font_source":"1","main_font":{"family":"Montserrat","variant":["regular","italic","500","500italic","700","700italic"],"font":"google"},"secondary_font":{"family":"Montserrat","variant":["regular","italic","700","700italic"],"font":"google"},"highlight_font":{"family":"Vidaloka","variant":["regular"],"font":"google"},"font_google_code":"","main_google_font_face":"","secondary_google_font_face":"","highlight_google_font_face":"","font_typekit_kit_id":"","main_typekit_font_face":"","secondary_typekit_font_face":"","highlight_typekit_font_face":"","header_layout":"4","header_full_width":"yes","header_transparency":"yes","header_sticky":"no","header_access_icon_1":{"1":{"type":"search_1","icon":"fa fa-share","text":"","link":"#","menu_id":"16","el_class":""},"2":{"type":"dropdown_menu","icon":"dl-icon-user12","text":"","link":"#","menu_id":"97","el_class":""},"3":{"type":"cart","icon":"dl-icon-cart28","text":"","link":"#","menu_id":"80","el_class":""},"4":{"type":"aside_header","icon":"dl-icon-menu1","text":"","link":"#","menu_id":"16","el_class":""}},"enable_header_top":"no","use_custom_header_top":"","header_background":{"image":"","repeat":"repeat","position":"left top","attachment":"","size":"","color":"#fff"},"header_text_color":"#343538","header_link_color":"#343538","header_link_hover_color":"#6b56e2","mm_lv_1_color":"#343538","mm_lv_1_bg_color":"rgba(0,0,0,0)","mm_lv_1_hover_color":"#6b56e2","mm_lv_1_hover_bg_color":"rgba(0,0,0,0)","header_top_background_color":"rgba(0,0,0,0)","header_top_text_color":"#ffffff","header_top_link_color":"#fff","header_top_link_hover_color":"#6b56e2","transparency_header_background":{"image":"","repeat":"repeat","position":"left top","attachment":"","size":"","color":"rgba(0,0,0,0)"},"transparency_header_text_color":"#fff","transparency_header_link_color":"#fff","transparency_header_link_hover_color":"#fff","transparency_mm_lv_1_color":"#fff","transparency_mm_lv_1_bg_color":"rgba(0,0,0,0)","transparency_mm_lv_1_hover_color":"#fff","transparency_mm_lv_1_hover_bg_color":"rgba(0,0,0,0)","transparency_header_top_background_color":"rgba(0,0,0,0)","transparency_header_top_text_color":"#ffffff","transparency_header_top_link_color":"#fff","transparency_header_top_link_hover_color":"#6b56e2","offcanvas_background":"#fff","offcanvas_text_color":"#343538","offcanvas_heading_color":"#343538","offcanvas_link_color":"#343538","offcanvas_link_hover_color":"#6b56e2","mm_dropdown_bg":"rgba(0,0,0,0.9)","mm_dropdown_link_color":"rgba(255,255,255,0.7)","mm_dropdown_link_bg":"rgba(0,0,0,0)","mm_dropdown_link_hover_color":"#ffffff","mm_dropdown_link_hover_bg":"rgba(0,0,0,0)","mm_wide_dropdown_bg":"rgba(0,0,0,0.9)","mm_wide_dropdown_heading_color":"#ffffff","mm_wide_dropdown_link_color":"rgba(255,255,255,0.7)","mm_wide_dropdown_link_bg":"rgba(0,0,0,0)","mm_wide_dropdown_link_hover_color":"#ffffff","mm_wide_dropdown_link_hover_bg":"rgba(0,0,0,0)","header_mb_layout":"2","mm_mb_effect":"1","header_mb_component_1":{"1":{"type":"search_1","icon":"","text":"","link":"","menu_id":"16","el_class":""},"2":{"type":"primary_menu","icon":"","text":"","link":"","menu_id":"16","el_class":""}},"enable_header_mb_footer_bar":"no","header_mb_background":"#fff","header_mb_text_color":"#8a8a8a","header_mb_transparency_background":"#fff","header_mb_transparency_text_color":"#8a8a8a","mb_background":"#fff","mb_lv_1_color":"#343538","mb_lv_1_bg_color":"rgba(0,0,0,0)","mb_lv_1_hover_color":"#6b56e2","mb_lv_1_hover_bg_color":"rgba(0,0,0,0)","mb_lv_2_color":"#343538","mb_lv_2_bg_color":"rgba(0,0,0,0)","mb_lv_2_hover_color":"#fff","mb_lv_2_hover_bg_color":"#ef5619","header_height":"100px","header_sticky_height":"80px","header_sm_height":"100px","header_sm_sticky_height":"80px","header_mb_height":"70px","header_mb_sticky_height":"70px","page_title_bar_layout":"1","enable_page_title_subtext":"no","page_title_custom_subtext":"","page_title_font_size":{"xlg":"","lg":"","md":"","sm":"","xs":"","mb":""},"page_title_bar_background":{"image":"","repeat":"repeat","position":"left top","attachment":"","size":"","color":"#f9f9f9"},"page_title_bar_heading_color":"#232324","page_title_bar_text_color":"#232324","page_title_bar_link_color":"#232324","page_title_bar_link_hover_color":"#6b56e2","page_title_bar_spacing":{"top":"50","bottom":"50"},"page_title_bar_spacing_tablet":{"top":"50","bottom":"50"},"page_title_bar_spacing_mobile":{"top":"50","bottom":"50"},"woo_override_page_title_bar":"on","woo_page_title_bar_layout":"1","woo_page_title_font_size":{"xlg":"","lg":"","md":"","sm":"","xs":"","mb":""},"woo_page_title_bar_background":{"image":"http:\/\/camille.la-studioweb.com\/wp-content\/uploads\/2018\/05\/shop-bg-bar.jpg","repeat":"no-repeat","position":"center center","attachment":"","size":"cover","color":""},"woo_page_title_bar_heading_color":"#ffffff","woo_page_title_bar_text_color":"rgba(249,249,249,0.7)","woo_page_title_bar_link_color":"rgba(249,249,249,0.7)","woo_page_title_bar_link_hover_color":"#ffffff","woo_page_title_bar_spacing":{"top":"75","bottom":"75"},"woo_page_title_bar_spacing_tablet":{"top":"60","bottom":"60"},"woo_page_title_bar_spacing_mobile":{"top":"50","bottom":"50"},"footer_layout":"4col3333","footer_full_width":"no","enable_footer_copyright":"yes","footer_copyright":"<div class=\"row\">\r\n\t<div class=\"col-xs-12 col-sm-6 text-left xs-text-center small\">\r\n\t\tCamille Multi Concept WordPress Theme\r\n\t<\/div>\r\n\t<div class=\"col-xs-12 col-sm-6 text-right xs-text-center small\">\r\n\t\t\u00a9 Camille Theme by LaStudio. All Right Reserved 2018.\r\n\t<\/div>\r\n<\/div>","footer_background":{"color":"#202020"},"footer_space":{"padding_top":"80px","padding_bottom":"20px","border_bottom":"1px","border_style":"solid","border_color":"rgba(66,66,66,0.4)"},"footer_text_color":"#888888","footer_heading_color":"#f9f9f9","footer_link_color":"#888888","footer_link_hover_color":"#ffffff","footer_copyright_background_color":"#202020","footer_copyright_text_color":"#888888","footer_copyright_link_color":"#888888","footer_copyright_link_hover_color":"#ffffff","layout_blog":"inherit","blog_small_layout":"off","page_title_bar_layout_blog_global":"on","blog_design":"list_1","blog_post_column":{"xlg":"1","lg":"1","md":"1","sm":"1","xs":"1","mb":"1"},"blog_item_space":"default","featured_images_blog":"on","blog_thumbnail_size":"770x335","blog_content_display":"excerpt","blog_excerpt_length":"25","blog_masonry":"off","blog_pagination_type":"pagination","layout_single_post":"inherit","single_small_layout":"on","page_title_bar_layout_post_single_global":"off","featured_images_single":"on","single_post_thumbnail_size":"770x370","blog_pn_nav":"off","blog_post_title":"above","blog_author_info":"on","blog_social_sharing_box":"on","blog_related_posts":"on","blog_related_design":"1","blog_related_by":"tag","blog_related_max_post":"3","blog_comments":"on","layout_archive_product":"col-1c","catalog_mode":"off","catalog_mode_price":"off","active_shop_filter":"on","hide_shop_toolbar":"off","woocommerce_toggle_grid_list":"off","shop_catalog_display_type":"grid","shop_catalog_grid_style":"1","active_shop_masonry":"off","shop_masonry_column_type":"default","product_masonry_image_size":"shop_catalog","product_masonry_item_width":"270","product_masonry_item_height":"450","woocommerce_shop_page_columns":{"xlg":"3","lg":"3","md":"3","sm":"2","xs":"1","mb":"1"},"woocommerce_shop_masonry_columns":{"xlg":"4","lg":"4","md":"3","sm":"2","xs":"1","mb":"1"},"woocommerce_shop_masonry_custom_columns":{"md":"3","sm":"2","xs":"1","mb":"1"},"enable_shop_masonry_custom_setting":"off","shop_masonry_item_setting":[{"size_name":"1x Width + 1x Height","w":"0.5","h":"0.5"}],"shop_item_space":"default","product_per_page_allow":"9,12,15","product_per_page_default":"9","woocommerce_enable_crossfade_effect":"on","woocommerce_show_rating_on_catalog":"on","woocommerce_show_addcart_btn":"on","woocommerce_show_quickview_btn":"on","woocommerce_show_wishlist_btn":"on","woocommerce_show_compare_btn":"on","layout_single_product":"col-1c","woocommerce_product_page_design":"2","single_ajax_add_cart":"yes","woocommerce_gallery_zoom":"yes","woocommerce_gallery_lightbox":"yes","product_single_hide_breadcrumb":"no","product_single_hide_page_title":"no","product_single_hide_product_title":"no","product_sharing":"on","related_products":"on","related_product_title":"","related_product_subtitle":"","related_products_columns":{"xlg":"4","lg":"4","md":"3","sm":"2","xs":"1","mb":"1"},"upsell_products":"on","upsell_product_title":"","upsell_product_subtitle":"","upsell_products_columns":{"xlg":"4","lg":"4","md":"3","sm":"2","xs":"1","mb":"1"},"woo_enable_custom_tab":"on","woo_custom_tab_title":"","woo_custom_tab_content":"","crosssell_products":"on","crosssell_product_title":"","crosssell_product_subtitle":"","crosssell_products_columns":{"xlg":"4","lg":"4","md":"3","sm":"2","xs":"1","mb":"1"},"wishlist_page":"801","compare_page":"804","compare_attribute":["image","title","add-to-cart","price","sku","description","stock","weight","dimensions"],"layout_archive_portfolio":"col-1c","main_full_width_archive_portfolio":"yes","main_space_archive_portfolio":{"top":"","bottom":""},"portfolio_display_type":"grid","portfolio_item_space":"","portfolio_display_style":"1","portfolio_column":{"xlg":"4","lg":"4","md":"3","sm":"3","xs":"1","mb":"1"},"portfolio_per_page":"8","portfolio_thumbnail_size":"480x390","layout_single_portfolio":"col-1c","single_portfolio_nextprev":"on","social_links":{"1":{"title":"Facebook","icon":"fa fa-facebook","link":"https:\/\/www.facebook.com\/"},"2":{"title":"Twitter","icon":"fa fa-twitter","link":"https:\/\/twitter.com\/"},"3":{"title":"Pinterest","icon":"fa fa-pinterest-p","link":"https:\/\/www.pinterest.com\/"},"4":{"title":"Dribbble","icon":"fa fa-dribbble","link":"https:\/\/dribbble.com\/"},"5":{"title":"Behance","icon":"fa fa-behance","link":"https:\/\/www.behance.net\/"}},"sharing_facebook":true,"sharing_twitter":true,"sharing_google_plus":true,"sharing_pinterest":true,"google_key":"AIzaSyCRVgKaDYPQokbMuy5fvGy-QoR44WNG7IA","instagram_token":"6371775302.3a81a9f.c286a463ae974bcbb3d126d309ce2e33","la_custom_css":"\n@media(min-width: 992px){\n    .la-footer-4col3333 .footer-column-2 {\n        padding-left: 8%;\n    }\n}\n","header_js":"","footer_js":"","404_page_content":"","popup_max_width":"790","popup_max_height":"430","popup_background":{"image":"","repeat":"repeat","position":"left top","attachment":"","size":"","color":""},"newsletter_popup_delay":"2000","popup_dont_show_text":"Do not show popup anymore","newsletter_popup_show_again":"1","newsletter_popup_content":"","enable_maintenance":"no","maintenance_page":"","import":"","header_access_icon_2":"","header_top_elements":"","header_mb_component_2":"","header_mb_footer_bar_component":"","pages_global_sidebar":"","portfolio_global_sidebar":"","portfolio_archive_global_sidebar":"","posts_global_sidebar":"","blog_archive_global_sidebar":"","sharing_reddit":"","sharing_linkedin":"","sharing_tumblr":"","sharing_vk":"","sharing_email":"","enable_newsletter_popup":"","only_show_newsletter_popup_on_home_page":"","disable_popup_on_mobile":"","show_checkbox_hide_newsletter_popup":""}