{"layout":"col-2cl","body_boxed":"no","body_max_width":"1230","main_full_width":"no","main_space":{"top":"20","bottom":"50"},"google_rich_snippets":"no","backtotop_btn":"no","favicon":"","favicon_iphone":"","favicon_ipad":"","logo":"","logo_2x":"","logo_transparency":"","logo_transparency_2x":"","logo_mobile":"","logo_mobile_2x":"","body_background":{"image":"","repeat":"repeat","position":"left top","attachment":"","size":"","color":""},"body_boxed_background":{"image":"","repeat":"repeat","position":"left top","attachment":"","size":"","color":""},"text_color":"#8a8a8a","heading_color":"#232324","primary_color":"#e9595e","secondary_color":"#232324","three_color":"#9d9d9d","border_color":"#e6e6e6","page_loading_animation":"on","page_loading_style":"3","page_loading_custom":"","body_font_size":"14px","font_source":"1","main_font":{"family":"Poppins","variant":["regular"],"font":"google"},"secondary_font":{"family":"Poppins","variant":["700"],"font":"google"},"highlight_font":{"family":"Yesteryear","variant":["regular"],"font":"google"},"font_google_code":"","main_google_font_face":"","secondary_google_font_face":"","highlight_google_font_face":"","font_typekit_kit_id":"","main_typekit_font_face":"","secondary_typekit_font_face":"","highlight_typekit_font_face":"","heading_custom_font":"no","h1_font":{"family":"Roboto Condensed","variant":"regular","font":"google","fz_res":{"lg":"","md":"","sm":"","xs":"","mb":""},"lh_res":{"lg":"","md":"","sm":"","xs":"","mb":""}},"h2_font":{"family":"Roboto Condensed","variant":"regular","font":"google","fz_res":{"lg":"","md":"","sm":"","xs":"","mb":""},"lh_res":{"lg":"","md":"","sm":"","xs":"","mb":""}},"h3_font":{"family":"Roboto Condensed","variant":"regular","font":"google","fz_res":{"lg":"","md":"","sm":"","xs":"","mb":""},"lh_res":{"lg":"","md":"","sm":"","xs":"","mb":""}},"h4_font":{"family":"Roboto Condensed","variant":"regular","font":"google","fz_res":{"lg":"","md":"","sm":"","xs":"","mb":""},"lh_res":{"lg":"","md":"","sm":"","xs":"","mb":""}},"h5_font":{"family":"Roboto Condensed","variant":"regular","font":"google","fz_res":{"lg":"","md":"","sm":"","xs":"","mb":""},"lh_res":{"lg":"","md":"","sm":"","xs":"","mb":""}},"h6_font":{"family":"Roboto Condensed","variant":"regular","font":"google","fz_res":{"lg":"","md":"","sm":"","xs":"","mb":""},"lh_res":{"lg":"","md":"","sm":"","xs":"","mb":""}},"header_layout":5,"header_full_width":"no","header_transparency":"no","store_working_hours":"Mon-Sat: 8am-9pm","store_email":"info@la-studioweb.com","store_phone":"+44. 54.343.54","header_access_icon":[{"type":"dropdown_menu","menu_id":47,"icon":"fa fa-user-circle-o"},{"type":"wishlist"},{"type":"cart"}],"header_show_menu_hamburger":"yes","enable_header_top":"yes","use_custom_header_top":"","header_background":{"image":"","repeat":"repeat","position":"left top","attachment":"","size":"","color":"#fff"},"header_text_color":"#232324","header_link_color":"#232324","header_link_hover_color":"#e9595e","mm_lv_1_color":"#fff","mm_lv_1_bg_color":"rgba(0,0,0,0)","mm_lv_1_hover_color":"#e9595e","mm_lv_1_hover_bg_color":"rgba(0,0,0,0)","header_top_background_color":"#f7f7f7","header_top_text_color":"#8a8a8a","header_top_link_color":"#8a8a8a","header_top_link_hover_color":"#e9595e","transparency_header_background":{"image":"","repeat":"repeat","position":"left top","attachment":"","size":"","color":"rgba(0,0,0,0)"},"transparency_header_text_color":"#232324","transparency_header_link_color":"#232324","transparency_header_link_hover_color":"#e9595e","transparency_mm_lv_1_color":"#232324","transparency_mm_lv_1_bg_color":"rgba(0,0,0,0)","transparency_mm_lv_1_hover_color":"#e9595e","transparency_mm_lv_1_hover_bg_color":"rgba(0,0,0,0)","transparency_header_top_background_color":"rgba(0,0,0,0)","transparency_header_top_text_color":"#232324","transparency_header_top_link_color":"#232324","transparency_header_top_link_hover_color":"#e9595e","offcanvas_background":"#fff","offcanvas_text_color":"#232324","offcanvas_heading_color":"#232324","offcanvas_link_color":"#232324","offcanvas_link_hover_color":"#e9595e","mm_dropdown_bg":"#fff","mm_dropdown_link_color":"#8a8a8a","mm_dropdown_link_bg":"rgba(0,0,0,0)","mm_dropdown_link_hover_color":"#232324","mm_dropdown_link_hover_bg":"rgba(0,0,0,0)","mm_wide_dropdown_bg":"#fff","mm_wide_dropdown_heading_color":"#232324","mm_wide_dropdown_link_color":"#8a8a8a","mm_wide_dropdown_link_bg":"rgba(0,0,0,0)","mm_wide_dropdown_link_hover_color":"#232324","mm_wide_dropdown_link_hover_bg":"rgba(0,0,0,0)","header_mb_layout":"2","header_mb_component_1":{"1":{"type":"dropdown_menu","icon":"fa fa-user-circle-o","text":"","link":"#","menu_id":"47","el_class":""},"2":{"type":"search_1","icon":"fa fa-share","text":"","link":"#","menu_id":"47","el_class":""},"3":{"type":"wishlist","icon":"fa fa-share","text":"","link":"#","menu_id":"47","el_class":""},"4":{"type":"cart","icon":"fa fa-share","text":"","link":"\/\/precise.la-studioweb.com\/cart","menu_id":"47","el_class":""},"5":{"type":"primary_menu","icon":"fa fa-share","text":"","link":"#","menu_id":"47","el_class":""}},"header_mb_component_2":{"1":{"type":"cart","icon":"fa fa-share","text":"","link":"#","menu_id":"47","el_class":""}},"header_mb_background":"#fff","header_mb_text_color":"#232324","mb_background":"#fff","mb_lv_1_color":"#232324","mb_lv_1_bg_color":"rgba(0,0,0,0)","mb_lv_1_hover_color":"#e9595e","mb_lv_1_hover_bg_color":"rgba(0,0,0,0)","mb_lv_2_color":"#232324","mb_lv_2_bg_color":"rgba(0,0,0,0)","mb_lv_2_hover_color":"#fff","mb_lv_2_hover_bg_color":"#e9595e","header_height":120,"header_sticky_height":"80px","header_sm_height":"100px","header_sm_sticky_height":"80px","header_mb_height":"70px","header_mb_sticky_height":"70px","page_title_bar_layout":"1","page_title_bar_background":{"image":"","repeat":"repeat","position":"left top","attachment":"","size":"","color":""},"page_title_bar_heading_color":"#232324","page_title_bar_text_color":"#8a8a8a","page_title_bar_link_color":"#8a8a8a","page_title_bar_link_hover_color":"#e9595e","page_title_bar_spacing":{"top":"70","bottom":"70"},"page_title_bar_spacing_tablet":{"top":"25","bottom":"25"},"page_title_bar_spacing_mobile":{"top":"25","bottom":"25"},"woo_override_page_title_bar":"off","woo_page_title_bar_layout":"hide","woo_page_title_bar_background":{"image":"","repeat":"repeat","position":"left top","attachment":"","size":"","color":""},"woo_page_title_bar_heading_color":"","woo_page_title_bar_text_color":"#8a8a8a","woo_page_title_bar_link_color":"#8a8a8a","woo_page_title_bar_link_hover_color":"#dcb86c","woo_page_title_bar_spacing":{"top":"40","bottom":"40"},"woo_page_title_bar_spacing_tablet":{"top":"25","bottom":"25"},"woo_page_title_bar_spacing_mobile":{"top":"25","bottom":"25"},"footer_layout":"5col32223","footer_full_width":"yes","enable_footer_copyright":"no","footer_copyright":"<div class=\"row\">\r\n    <div class=\"col-xs-12\"><div class=\"small text-uppercase text-center letter-spacing-2\">\u00a9 2017 all rights reserved. Created by  LaStudio<\/div><\/div>\r\n<\/div>","footer_background":{"image":"","repeat":"repeat","position":"left top","attachment":"","size":"","color":"#232324"},"footer_space":{"margin_top":"","margin_right":"","margin_bottom":"","margin_left":"","border_top":"","border_right":"","border_bottom":"","border_left":"","padding_top":"","padding_right":"","padding_bottom":"","padding_left":"","border_type":""},"footer_text_color":"#8a8a8a","footer_heading_color":"#ffffff","footer_link_color":"#8a8a8a","footer_link_hover_color":"#e9595e","footer_copyright_background_color":"#232324","footer_copyright_text_color":"rgba(138,138,138,0.4)","footer_copyright_link_color":"rgba(138,138,138,0.4)","footer_copyright_link_hover_color":"#e9595e","layout_blog":"col-2cl","blog_small_layout":"off","page_title_bar_layout_blog_global":"on","blog_design":"list_1","blog_post_column":{"xlg":"1","lg":"1","md":"1","sm":"1","xs":"1","mb":"1"},"featured_images_blog":"on","blog_thumbnail_size":"870x410","format_content_blog":"off","blog_content_display":"excerpt","blog_excerpt_length":"60","blog_masonry":"off","blog_pagination_type":"pagination","layout_single_post":"col-1c","single_small_layout":"off","page_title_bar_layout_post_single_global":"off","featured_images_single":"off","blog_pn_nav":"on","blog_post_title":"below","blog_author_info":"on","blog_social_sharing_box":"on","blog_related_posts":"on","blog_related_design":"1","blog_related_by":"random","blog_related_max_post":"2","blog_comments":"on","layout_archive_product":"col-1c","catalog_mode":"off","catalog_mode_price":"off","active_shop_filter":"on","hide_shop_toolbar":"off","shop_catalog_display_type":"grid","shop_catalog_grid_style":"1","active_shop_masonry":"off","shop_masonry_column_type":"default","product_masonry_image_size":"shop_catalog","product_masonry_item_width":"270","product_masonry_item_height":"390","woocommerce_shop_page_columns":{"xlg":"4","lg":"4","md":"3","sm":"2","xs":"1","mb":"1"},"woocommerce_shop_masonry_columns":{"xlg":"4","lg":"4","md":"3","sm":"2","xs":"1","mb":"1"},"woocommerce_shop_masonry_custom_columns":{"md":"3","sm":"2","xs":"1","mb":"1"},"shop_masonry_item_gap":"30","enable_shop_masonry_custom_setting":"off","shop_masonry_item_setting":[{"size_name":"1x Width + 1x Height","width":"1","height":"1"}],"product_per_page_allow":"12,15,30","product_per_page_default":"12","woocommerce_enable_crossfade_effect":"on","woocommerce_toggle_grid_list":"on","woocommerce_show_rating_on_catalog":"off","woocommerce_show_quickview_btn":"on","woocommerce_show_wishlist_btn":"on","woocommerce_show_compare_btn":"on","layout_single_product":"col-1c","woocommerce_product_page_design":"2","product_sharing":"on","related_products":"on","related_product_title":"RELATED PRODUCTS","related_product_subtitle":"","related_products_columns":{"xlg":"4","lg":"4","md":"3","sm":"2","xs":"2","mb":"1"},"upsell_products":"on","upsell_product_title":"YOU MAY ALSO LIKE","upsell_product_subtitle":"","upsell_products_columns":{"xlg":"4","lg":"4","md":"3","sm":"2","xs":"2","mb":"1"},"woo_enable_custom_tab":"on","woo_custom_tab_title":"Custom tab","woo_custom_tab_content":"Nunc vulputate consectetur ipsum, eget sollicitudin lorem ultricies at. Donec rhoncus sit amet sapien ut viverra. Pellentesque non elementum augue. Proin vitae malesuada tortor. Fusce sollicitudin ligula nec commodo interdum. Integer eget sollicitudin leo. Nunc non velit a dolor malesuada suscipit ac ut\r\n\r\nLorem ipsum dolor sit amet, consectetur adipiscing elit. Morbi placerat gravida tellus vel tempus. Nulla fermentum orci maximus tellus semper ultrices. Nulla ultrices tortor a dolor malesua","crosssell_products":"on","crosssell_product_title":"YOU MAY ALSO LIKE","crosssell_product_subtitle":"","crosssell_products_columns":{"xlg":"4","lg":"4","md":"3","sm":"2","xs":"1","mb":"1"},"layout_archive_portfolio":"col-1c","main_full_width_archive_portfolio":"yes","main_space_archive_portfolio":{"top":"","bottom":""},"portfolio_display_type":"grid","portfolio_item_space":"","portfolio_display_style":"1","portfolio_column":{"xlg":"4","lg":"4","md":"3","sm":"3","xs":"1","mb":"1"},"portfolio_per_page":"8","portfolio_thumbnail_size":"480x390","layout_single_portfolio":"col-1c","single_portfolio_design":"use_vc","single_portfolio_nextprev":"on","social_links":{"1":{"title":"Facebook","icon":"fa fa-facebook","link":"#"},"2":{"title":"Twitter","icon":"fa fa-twitter","link":"#"},"3":{"title":"Linked In","icon":"fa fa-linkedin","link":"#"},"4":{"title":"Youtube","icon":"fa fa-youtube-play","link":"#"},"5":{"title":"Vimeo","icon":"fa fa-vimeo-square","link":"#"}},"sharing_facebook":true,"sharing_twitter":true,"sharing_google_plus":true,"sharing_pinterest":true,"google_key":"AIzaSyCRVgKaDYPQokbMuy5fvGy-QoR44WNG7IA","instagram_token":"4056544068.d1a3d85.9d2eba44616b4f4c9ec2e4a9c6d89d27","la_custom_css":".site-header__nav-primary {\n    background-color: #000;\n}","header_js":"","footer_js":"","404_page_content":"","popup_max_width":"790","popup_max_height":"430","popup_background":{"image":"","repeat":"repeat","position":"left top","attachment":"","size":"","color":""},"newsletter_popup_delay":"2000","popup_dont_show_text":"Do not show popup anymore","newsletter_popup_show_again":"1","newsletter_popup_content":"","enable_maintenance":"no","maintenance_page":"","import":"","header_top_elements":[{"type":"text","icon":"fa fa-mobile-phone","text":"+44. 54.343.54","menu_id":"47"},{"type":"link_text","icon":"fa fa-envelope-o","text":"info@la-studioweb.com","link":"maito:info@la-studioweb.com","el_class":"hidden-xs"},{"type":"text","icon":"fa fa-clock-o","text":"Mon-Sat: 8am-9pm","el_class":"hidden-xs"},{"type":"dropdown_menu","text":"LANGUAGE","menu_id":"71","el_class":"item-menu-language"},{"type":"dropdown_menu","text":"CURRENCY","menu_id":"72","el_class":"item-menu-currenry"}],"pages_global_sidebar":"","portfolio_global_sidebar":"","portfolio_archive_global_sidebar":"","posts_global_sidebar":"","blog_archive_global_sidebar":"","sharing_reddit":"","sharing_linkedin":"","sharing_tumblr":"","sharing_vk":"","sharing_email":"","enable_newsletter_popup":"","only_show_newsletter_popup_on_home_page":"","disable_popup_on_mobile":"","show_checkbox_hide_newsletter_popup":""}