{"layout":"col-2cl","body_boxed":"no","body_max_width":"1230","main_full_width":"no","main_space":{"top":"","bottom":""},"backtotop_btn":"no","favicon":"","favicon_iphone":"","favicon_ipad":"","logo":"","logo_2x":"","logo_transparency":"","logo_transparency_2x":"","logo_mobile":"","logo_mobile_2x":"","logo_mobile_transparency":"","logo_mobile_transparency_2x":"","logo_height":"","logo_mobile_height":"","body_background":{"image":"","repeat":"repeat","position":"left top","attachment":"","size":"","color":""},"body_boxed_background":{"image":"","repeat":"repeat","position":"left top","attachment":"","size":"","color":""},"text_color":"#737373","heading_color":"#181818","primary_color":"#dc0109","secondary_color":"#282828","three_color":"#a3a3a3","border_color":"#cdcdcd","page_loading_animation":"on","page_loading_style":"3","page_loading_custom":"","body_font_size":"14px","megamenu_lv1":"16px","megamenu_heading":"13px","megamenu_lv2":"12px","megamenu_lv3":"12px","font_source":"1","main_font":{"family":"Poppins","variant":["regular","600","700"],"font":"google"},"secondary_font":{"family":"Poppins","variant":["regular","600"],"font":"google"},"highlight_font":{"family":"Prata","variant":["regular"],"font":"google"},"font_google_code":"","main_google_font_face":"","secondary_google_font_face":"","highlight_google_font_face":"","font_typekit_kit_id":"","main_typekit_font_face":"","secondary_typekit_font_face":"","highlight_typekit_font_face":"","header_transparency":"no","header_sticky":"auto","enable_header_mb_footer_bar":"yes","header_mb_footer_bar_component":{"1":{"type":"dropdown_menu","icon":"fa fa-user-circle-o","text":"","link":"#","menu_id":"71","el_class":""},"2":{"type":"wishlist","icon":"dl-icon-heart3","text":"","link":"#","menu_id":"127","el_class":""},"3":{"type":"compare","icon":"dl-icon-compare3","text":"","link":"#","menu_id":"127","el_class":""},"4":{"type":"cart","icon":"dl-icon-cart4","text":"","link":"#","menu_id":"127","el_class":"force-display-on-mobile"}},"enable_header_mb_footer_bar_sticky":"down","page_title_bar_layout":"1","enable_page_title_subtext":"no","page_title_custom_subtext":"","page_title_font_size":{"xlg":"","lg":"","md":"","sm":"","xs":"","mb":""},"page_title_bar_background":{"image":"","repeat":"repeat","position":"left top","attachment":"","size":"","color":""},"page_title_bar_heading_color":"#282828","page_title_bar_text_color":"#737373","page_title_bar_link_color":"#282828","page_title_bar_link_hover_color":"#dc0109","page_title_bar_spacing":{"top":"40","bottom":"40"},"page_title_bar_spacing_desktop_small":{"top":"30","bottom":"35"},"page_title_bar_spacing_tablet":{"top":"25","bottom":"25"},"page_title_bar_spacing_mobile":{"top":"25","bottom":"25"},"woo_override_page_title_bar":"off","woo_page_title_bar_layout":"1","woo_page_title_font_size":{"xlg":"","lg":"","md":"","sm":"","xs":"","mb":""},"woo_page_title_bar_background":{"image":"","repeat":"repeat","position":"left top","attachment":"","size":"","color":""},"woo_page_title_bar_heading_color":"","woo_page_title_bar_text_color":"","woo_page_title_bar_link_color":"","woo_page_title_bar_link_hover_color":"","woo_page_title_bar_spacing":{"top":"30","bottom":"0"},"woo_page_title_bar_spacing_desktop_small":{"top":"","bottom":""},"woo_page_title_bar_spacing_tablet":{"top":"","bottom":""},"woo_page_title_bar_spacing_mobile":{"top":"","bottom":""},"archive_portfolio_override_page_title_bar":"off","archive_portfolio_page_title_bar_layout":"hide","archive_portfolio_page_title_font_size":{"xlg":"","lg":"","md":"","sm":"","xs":"","mb":""},"archive_portfolio_page_title_bar_background":{"image":"","repeat":"repeat","position":"left top","attachment":"","size":"","color":""},"archive_portfolio_page_title_bar_heading_color":"","archive_portfolio_page_title_bar_text_color":"","archive_portfolio_page_title_bar_link_color":"","archive_portfolio_page_title_bar_link_hover_color":"","archive_portfolio_page_title_bar_spacing":{"top":"","bottom":""},"archive_portfolio_page_title_bar_spacing_desktop_small":{"top":"","bottom":""},"archive_portfolio_page_title_bar_spacing_tablet":{"top":"","bottom":""},"archive_portfolio_page_title_bar_spacing_mobile":{"top":"","bottom":""},"single_post_override_page_title_bar":"on","single_post_page_title_bar_layout":"hide","single_post_page_title_font_size":{"xlg":"","lg":"","md":"","sm":"","xs":"","mb":""},"single_post_page_title_bar_background":{"image":"https:\/\/zuka.la-studioweb.com\/wp-content\/uploads\/2018\/10\/bg_page_info_2.png","repeat":"repeat","position":"left top","attachment":"","size":"","color":""},"single_post_page_title_bar_heading_color":"#282828","single_post_page_title_bar_text_color":"#737373","single_post_page_title_bar_link_color":"#282828","single_post_page_title_bar_link_hover_color":"#dc0109","single_post_page_title_bar_spacing":{"top":"35","bottom":"35"},"single_post_page_title_bar_spacing_desktop_small":{"top":"30","bottom":"30"},"single_post_page_title_bar_spacing_tablet":{"top":"20","bottom":"20"},"single_post_page_title_bar_spacing_mobile":{"top":"20","bottom":"20"},"single_product_override_page_title_bar":"on","single_product_page_title_bar_layout":"2","single_product_page_title_font_size":{"xlg":"","lg":"","md":"","sm":"","xs":"","mb":""},"single_product_page_title_bar_background":{"image":"","repeat":"repeat","position":"left top","attachment":"","size":"","color":""},"single_product_page_title_bar_heading_color":"","single_product_page_title_bar_text_color":"","single_product_page_title_bar_link_color":"","single_product_page_title_bar_link_hover_color":"","single_product_page_title_bar_spacing":{"top":"60","bottom":"5"},"single_product_page_title_bar_spacing_desktop_small":{"top":"40","bottom":"5"},"single_product_page_title_bar_spacing_tablet":{"top":"25","bottom":"25"},"single_product_page_title_bar_spacing_mobile":{"top":"25","bottom":"25"},"single_portfolio_override_page_title_bar":"off","single_portfolio_page_title_bar_layout":"hide","single_portfolio_page_title_font_size":{"xlg":"","lg":"","md":"","sm":"","xs":"","mb":""},"single_portfolio_page_title_bar_background":{"image":"","repeat":"repeat","position":"left top","attachment":"","size":"","color":""},"single_portfolio_page_title_bar_heading_color":"","single_portfolio_page_title_bar_text_color":"","single_portfolio_page_title_bar_link_color":"","single_portfolio_page_title_bar_link_hover_color":"","single_portfolio_page_title_bar_spacing":{"top":"","bottom":""},"single_portfolio_page_title_bar_spacing_desktop_small":{"top":"","bottom":""},"single_portfolio_page_title_bar_spacing_tablet":{"top":"","bottom":""},"single_portfolio_page_title_bar_spacing_mobile":{"top":"","bottom":""},"footer_layout":"6col322223","enable_footer_top":"no","footer_full_width":"yes","enable_footer_copyright":"yes","footer_copyright":"<div class=\"row padding-bottom-5\">\r\n\t<div class=\"col-xs-12 text-center\">\r\n\t\t\u00a9 2018 Zuka All rights reserved. Designed by LA-STUDIO\r\n\t<\/div>\r\n<\/div>\r\n","footer_background":{"image":"","repeat":"repeat","position":"left top","attachment":"","size":"","color":"#ffffff"},"footer_space":{"margin_top":"","margin_right":"","margin_bottom":"","margin_left":"","border_top":"","border_right":"","border_bottom":"","border_left":"","padding_top":"55px","padding_right":"","padding_bottom":"0","padding_left":"","border_style":"","border_color":""},"footer_text_color":"#868686","footer_heading_color":"#181818","footer_link_color":"#868686","footer_link_hover_color":"#dc0109","footer_copyright_background_color":"#ffffff","footer_copyright_text_color":"#868686","footer_copyright_link_color":"#868686","footer_copyright_link_hover_color":"#dc0109","layout_blog":"col-2cl","blog_small_layout":"off","page_title_bar_layout_blog_global":"on","blog_design":"grid_4","blog_post_column":{"xlg":"2","lg":"2","md":"2","sm":"1","xs":"1","mb":"1"},"blog_item_space":"default","featured_images_blog":"on","blog_thumbnail_height_mode":"custom","blog_thumbnail_height_custom":"50%","blog_thumbnail_size":"full","blog_content_display":"excerpt","blog_excerpt_length":"50","blog_masonry":"off","blog_pagination_type":"pagination","layout_single_post":"col-2cr","single_small_layout":"off","featured_images_single":"on","single_post_thumbnail_size":"870x460","blog_pn_nav":"on","blog_post_title":"below","blog_author_info":"off","blog_social_sharing_box":"on","blog_related_posts":"on","blog_related_design":"1","blog_related_by":"random","blog_related_max_post":"3","blog_comments":"on","layout_archive_product":"col-2cl","main_full_width_archive_product":"yes","main_space_archive_product":{"top":"","bottom":""},"catalog_mode":"off","catalog_mode_price":"on","active_shop_filter":"on","hide_shop_toolbar":"off","woocommerce_toggle_grid_list":"on","shop_catalog_display_type":"grid","shop_catalog_grid_style":"1","active_shop_masonry":"off","shop_masonry_column_type":"default","product_masonry_container_width":"1170","product_masonry_image_size":"shop_catalog","product_masonry_item_width":"270","product_masonry_item_height":"390","woocommerce_shop_page_columns":{"xlg":"5","lg":"4","md":"3","sm":"2","xs":"1","mb":"1"},"woocommerce_shop_masonry_columns":{"xlg":"4","lg":"4","md":"3","sm":"2","xs":"1","mb":"1"},"woocommerce_shop_masonry_custom_columns":{"md":"3","sm":"2","xs":"1","mb":"1"},"enable_shop_masonry_custom_setting":"off","shop_masonry_item_setting":[{"size_name":"1x Width + 1x Height","w":"0.5","h":"0.5"}],"shop_item_space":"default","product_per_page_allow":"6,12,15","product_per_page_default":"20","woocommerce_pagination_type":"pagination","woocommerce_load_more_text":"Load More Products","woocommerce_enable_crossfade_effect":"on","woocommerce_show_rating_on_catalog":"on","woocommerce_show_addcart_btn":"on","woocommerce_show_quickview_btn":"on","woocommerce_show_wishlist_btn":"on","woocommerce_show_compare_btn":"on","layout_single_product":"col-1c","main_full_width_single_product":"yes","main_space_single_product":{"top":"20","bottom":""},"woocommerce_product_page_design":"2","single_ajax_add_cart":"yes","move_woo_tabs_to_bottom":"yes","woocommerce_gallery_zoom":"yes","woocommerce_gallery_lightbox":"yes","product_single_hide_breadcrumb":"no","product_single_hide_page_title":"yes","product_single_hide_product_title":"no","product_gallery_column":{"xlg":"3","lg":"3","md":"3","sm":"5","xs":"4","mb":"3"},"product_sharing":"on","related_products":"on","related_product_title":"Related Products","related_product_subtitle":"","related_products_columns":{"xlg":"5","lg":"5","md":"3","sm":"2","xs":"2","mb":"1"},"upsell_products":"on","upsell_product_title":"Up-Sells Products","upsell_product_subtitle":"","upsell_products_columns":{"xlg":"4","lg":"4","md":"3","sm":"2","xs":"2","mb":"1"},"woo_enable_custom_tab":"on","woo_custom_tab_title":"","woo_custom_tab_content":"","crosssell_products":"on","crosssell_product_title":"Related Products","crosssell_product_subtitle":"Sed vitae eros a quam malesuada porttitor nec nec","crosssell_products_columns":{"xlg":"4","lg":"4","md":"3","sm":"2","xs":"1","mb":"1"},"wishlist_page":"","compare_page":"","compare_attribute":["image","title","add-to-cart","price","sku","description","stock","weight","dimensions"],"portfolio_custom_name":"Portfolios","portfolio_custom_name2":"Portfolio","portfolio_custom_slug":"portfolio","portfolio_cat_custom_name":"Portfolio Categories","portfolio_cat_custom_name2":"Portfolio Category","portfolio_cat_custom_slug":"portfolio-category","portfolio_skill_custom_name":"Portfolio Skills","portfolio_skill_custom_name2":"Portfolio Skill","portfolio_skill_custom_slug":"portfolio-skill","layout_archive_portfolio":"col-1c","main_full_width_archive_portfolio":"yes","main_space_archive_portfolio":{"top":"","bottom":""},"portfolio_display_type":"grid","portfolio_thumbnail_height_mode":"original","portfolio_thumbnail_height_custom":"70%","portfolio_item_space":"","portfolio_display_style":"1","portfolio_column":{"xlg":"4","lg":"4","md":"3","sm":"3","xs":"1","mb":"1"},"portfolio_per_page":"8","portfolio_thumbnail_size":"480x390","layout_single_portfolio":"col-1c","single_portfolio_nextprev":"on","social_links":{"1":{"title":"Facebook","icon":"fa fa-facebook","link":"#"},"2":{"title":"Twitter","icon":"fa fa-twitter","link":"#"},"3":{"title":"Pinterest","icon":"fa fa-pinterest-p","link":"#"},"4":{"title":"Linked In","icon":"fa fa-linkedin-square","link":"#"},"5":{"title":"Behance","icon":"fa fa-behance","link":"#"}},"sharing_facebook":true,"sharing_twitter":true,"sharing_google_plus":true,"sharing_pinterest":true,"google_key":"","instagram_token":"8205164261.3a81a9f.ba755ce4da85464b8a9a3e15a15c7db4","la_custom_css":".mm-item-hide > a {\r\n    display: none !important;\r\n}\r\n.megamenu_block_banner .banner--info {\r\n    padding: 0 !important;\r\n}\r\n.menu-shopbanner.mm-menu-custom-block .wpb_content_element.la-banner-box {\r\n    margin-right: -80px;\r\n    margin-top: -30px;\r\n    margin-bottom: -30px !important;\r\n}\r\n.menu-shopbanner.mm-menu-custom-block .wpb_content_element.la-banner-box a.banner--btn.hidden.hcolorf {\r\n    display: none;\r\n}\r\n.menu-shopbanner.mm-menu-custom-block .wpb_content_element.la-banner-box a.banner--link-overlay.item--overlay {\r\n    position: absolute !important;\r\n}\r\n.site-footer ul li {\r\n    margin-bottom: 15px;\r\n}\r\n.footer-top .widget .widget-title {\r\n    font-weight:500;\r\n}\r\n\r\n.site-footer .la-contact-info .la-contact-item {\r\n    margin-bottom: 15px;\r\n}\r\n.site-footer .la-contact-info .la-contact-address {\r\n    line-height: normal;\r\n}\r\n\r\n.footer-bottom .footer-bottom-inner .la-headings {\r\n    position: relative;\r\n}\r\n.footer-bottom .footer-bottom-inner .la-headings:before {\r\n    content: \"\";\r\n    height: 48px;\r\n    width: 1px;\r\n    background: #3E3E3E;\r\n    position: absolute;\r\n    left: -50px;\r\n    top: 5px;\r\n    opacity: 0.5;\r\n}\r\n.footer-bottom .footer-bottom-inner .col-md-3:first-child .la-headings:before{\r\n    display: none;\r\n}\r\n.footer-bottom .footer-bottom-inner {\r\n    padding-top: 25px;\r\n}\r\n@media(max-width: 1200px){\r\n\t.entry-summary {\r\n    padding-left: 0;\r\n\t}\r\n}\r\n\n.is-sticky .sticky--pinned .lahfb-desktop-view .header-v5-1 {\n    display: none;\n}\n.is-sticky .sticky--pinned .lahfb-desktop-view .header-v5-2 {\n    display: none;\n}\n.site-footer{\n    border: none;\n}\n","header_js":"","footer_js":"","404_page_content":"[vc_row content_placement=\"middle\"][vc_column width=\"5\/12\"][vc_single_image image=\"2052\" img_size=\"full\"][\/vc_column][vc_column width=\"7\/12\" la_animation_duration=\"1\" la_animation_delay=\"0\" la_animation_iteration_count=\"1\" offset=\"vc_col-lg-offset-0\" css=\"padding-left: 120px;\"][la_heading alignment=\"left\" title=\"404\" title_fz=\"lg:207px;md:150px;sm:100px;xs:100px;mb:100px;\" title_lh=\"lg:160px;\"][\/la_heading][la_heading alignment=\"left\" title=\"Oops! That page can't be found.\" title_fz=\"lg:36px;md:26px;sm:26px;xs:26px;mb:26px;\" title_color=\"#232324\" subtitle_fz=\"lg:14px;md:14px;sm:14px;xs:14px;mb:14px;\" subtitle_color=\"#737373\" title_lh=\"lg:50px;\"]Sorry, but the page you are looking for is not found. Please, make\r\nsure you have typed the current URL.[\/la_heading][la_divider height=\"lg:20px;\"][la_btn title=\"Back to Home\" link=\"url:https%3A%2F%2Fzuka.la-studioweb.com|||\"][\/vc_column][\/vc_row]","popup_max_width":"1070","popup_max_height":"460","popup_background":{"image":"https:\/\/zuka.la-studioweb.com\/wp-content\/uploads\/2018\/11\/bg-newsletter.jpg","repeat":"no-repeat","position":"right center","attachment":"","size":"","color":"#ffffff"},"newsletter_popup_delay":"2000","show_checkbox_hide_newsletter_popup":true,"popup_dont_show_text":"Do not show popup anymore","newsletter_popup_show_again":"1","newsletter_popup_content":"<h5>Woman Autumn Winter 2019<\/h5>\r\n<h4>Join our newsletter and get 20% persale<\/h4>\r\n[yikes-mailchimp form=\"1\"]","enable_maintenance":"no","maintenance_page":"","import":"","pages_global_sidebar":"","portfolio_global_sidebar":"","portfolio_archive_global_sidebar":"","posts_global_sidebar":"","blog_archive_global_sidebar":"","sharing_reddit":"","sharing_linkedin":"","sharing_tumblr":"","sharing_line":"","sharing_whatapps":"","sharing_telegram":"","sharing_vk":"","sharing_email":"","enable_newsletter_popup":"","only_show_newsletter_popup_on_home_page":"","disable_popup_on_mobile":""}