{"layout":"col-2cl","body_boxed":"no","body_max_width":"1230","main_full_width":"no","main_space":{"top":"","bottom":""},"backtotop_btn":"no","favicon":"","favicon_iphone":"","favicon_ipad":"","logo":"","logo_2x":"","logo_transparency":"","logo_transparency_2x":"","logo_mobile":"","logo_mobile_2x":"","logo_mobile_transparency":"","logo_mobile_transparency_2x":"","logo_height":"","logo_mobile_height":"","body_background":{"image":"","repeat":"repeat","position":"left top","attachment":"","size":"","color":""},"body_boxed_background":{"image":"","repeat":"repeat","position":"left top","attachment":"","size":"","color":""},"text_color":"#8a8a8a","heading_color":"#282828","primary_color":"#cf987e","secondary_color":"#282828","three_color":"#a3a3a3","border_color":"#a3a3a3","page_loading_animation":"on","page_loading_style":"3","page_loading_custom":"","body_font_size":"14px","megamenu_lv1":"16px","megamenu_heading":"13px","megamenu_lv2":"12px","megamenu_lv3":"12px","font_source":"1","main_font":{"family":"Montserrat","variant":["300","300italic","regular","italic","700","700italic"],"font":"google"},"secondary_font":{"family":"Montserrat","variant":["regular","italic","700","700italic"],"font":"google"},"highlight_font":{"family":"Playfair Display","variant":["regular","italic","700","700italic"],"font":"google"},"font_google_code":"","main_google_font_face":"","secondary_google_font_face":"","highlight_google_font_face":"","font_typekit_kit_id":"","main_typekit_font_face":"","secondary_typekit_font_face":"","highlight_typekit_font_face":"","header_layout":"6","header_full_width":"yes","header_transparency":"yes","header_sticky":"yes","header_access_icon_1":[{"type":"aside_header","icon":"dl-icon-menu2"}],"enable_searchbox_header":"no","enable_header_top":"yes","use_custom_header_top":"","header_background":{"image":"","repeat":"repeat","position":"left top","attachment":"","size":"","color":"#fff"},"header_text_color":"#282828","header_link_color":"#282828","header_link_hover_color":"#cf987e","mm_lv_1_color":"#282828","mm_lv_1_bg_color":"rgba(0,0,0,0)","mm_lv_1_hover_color":"#cf987e","mm_lv_1_hover_bg_color":"rgba(0,0,0,0)","header_top_background_color":"rgba(0,0,0,0)","header_top_text_color":"#8a8a8a","header_top_link_color":"#8a8a8a","header_top_link_hover_color":"#cf987e","transparency_header_background":{"image":"","repeat":"repeat","position":"left top","attachment":"","size":"","color":"rgba(0,0,0,0)"},"transparency_header_text_color":"#282828","transparency_header_link_color":"#282828","transparency_header_link_hover_color":"#cf987e","transparency_mm_lv_1_color":"#282828","transparency_mm_lv_1_bg_color":"rgba(0,0,0,0)","transparency_mm_lv_1_hover_color":"#cf987e","transparency_mm_lv_1_hover_bg_color":"rgba(0,0,0,0)","transparency_header_top_background_color":"rgba(0,0,0,0)","transparency_header_top_text_color":"#282828","transparency_header_top_link_color":"#282828","transparency_header_top_link_hover_color":"#cf987e","offcanvas_background":"#fff","offcanvas_text_color":"#282828","offcanvas_heading_color":"#282828","offcanvas_link_color":"#282828","offcanvas_link_hover_color":"#cf987e","mm_dropdown_bg":"#fff","mm_dropdown_link_color":"#8A8A8A","mm_dropdown_link_bg":"rgba(0,0,0,0)","mm_dropdown_link_hover_color":"#cf987e","mm_dropdown_link_hover_bg":"rgba(0,0,0,0)","mm_wide_dropdown_bg":"#fff","mm_wide_dropdown_heading_color":"#282828","mm_wide_dropdown_link_color":"#8A8A8A","mm_wide_dropdown_link_bg":"rgba(0,0,0,0)","mm_wide_dropdown_link_hover_color":"#cf987e","mm_wide_dropdown_link_hover_bg":"rgba(0,0,0,0)","header_mb_layout":"2","mm_mb_effect":"1","header_mb_component_1":{"1":{"type":"search_1","icon":"","text":"","link":"","menu_id":"17","el_class":""},"2":{"type":"primary_menu","icon":"","text":"","link":"","menu_id":"17","el_class":""}},"enable_header_mb_footer_bar":"no","enable_header_mb_footer_bar_sticky":"always","header_mb_background":"#fff","header_mb_text_color":"#8A8A8A","header_mb_transparency_background":"#fff","header_mb_transparency_text_color":"#8a8a8a","mb_background":"#fff","mb_lv_1_color":"#282828","mb_lv_1_bg_color":"rgba(0,0,0,0)","mb_lv_1_hover_color":"#cf987e","mb_lv_1_hover_bg_color":"rgba(0,0,0,0)","mb_lv_2_color":"#282828","mb_lv_2_bg_color":"rgba(0,0,0,0)","mb_lv_2_hover_color":"#fff","mb_lv_2_hover_bg_color":"#cf987e","header_height":"120px","header_sticky_height":"120px","header_sm_height":"100px","header_sm_sticky_height":"100px","header_mb_height":"90px","header_mb_sticky_height":"90","page_title_bar_layout":"1","enable_page_title_subtext":"no","page_title_custom_subtext":"","page_title_font_size":{"xlg":"","lg":"","md":"","sm":"","xs":"","mb":""},"page_title_bar_background":{"image":"","repeat":"repeat","position":"left top","attachment":"","size":"","color":"#f8f8f8"},"page_title_bar_heading_color":"#282828","page_title_bar_text_color":"#282828","page_title_bar_link_color":"#282828","page_title_bar_link_hover_color":"#cf987e","page_title_bar_spacing":{"top":"70","bottom":"70"},"page_title_bar_spacing_desktop_small":{"top":"40","bottom":"40"},"page_title_bar_spacing_tablet":{"top":"25","bottom":"25"},"page_title_bar_spacing_mobile":{"top":"25","bottom":"25"},"woo_override_page_title_bar":"off","woo_page_title_bar_layout":"hide","woo_page_title_font_size":{"xlg":"","lg":"","md":"","sm":"","xs":"","mb":""},"woo_page_title_bar_background":{"image":"","repeat":"repeat","position":"left top","attachment":"","size":"","color":""},"woo_page_title_bar_heading_color":"","woo_page_title_bar_text_color":"","woo_page_title_bar_link_color":"","woo_page_title_bar_link_hover_color":"","woo_page_title_bar_spacing":{"top":"","bottom":""},"woo_page_title_bar_spacing_desktop_small":{"top":"","bottom":""},"woo_page_title_bar_spacing_tablet":{"top":"","bottom":""},"woo_page_title_bar_spacing_mobile":{"top":"","bottom":""},"archive_portfolio_override_page_title_bar":"off","archive_portfolio_page_title_bar_layout":"hide","archive_portfolio_page_title_font_size":{"xlg":"","lg":"","md":"","sm":"","xs":"","mb":""},"archive_portfolio_page_title_bar_background":{"image":"","repeat":"repeat","position":"left top","attachment":"","size":"","color":""},"archive_portfolio_page_title_bar_heading_color":"","archive_portfolio_page_title_bar_text_color":"","archive_portfolio_page_title_bar_link_color":"","archive_portfolio_page_title_bar_link_hover_color":"","archive_portfolio_page_title_bar_spacing":{"top":"","bottom":""},"archive_portfolio_page_title_bar_spacing_desktop_small":{"top":"","bottom":""},"archive_portfolio_page_title_bar_spacing_tablet":{"top":"","bottom":""},"archive_portfolio_page_title_bar_spacing_mobile":{"top":"","bottom":""},"single_post_override_page_title_bar":"off","single_post_page_title_bar_layout":"hide","single_post_page_title_font_size":{"xlg":"","lg":"","md":"","sm":"","xs":"","mb":""},"single_post_page_title_bar_background":{"image":"","repeat":"repeat","position":"left top","attachment":"","size":"","color":""},"single_post_page_title_bar_heading_color":"","single_post_page_title_bar_text_color":"","single_post_page_title_bar_link_color":"","single_post_page_title_bar_link_hover_color":"","single_post_page_title_bar_spacing":{"top":"","bottom":""},"single_post_page_title_bar_spacing_desktop_small":{"top":"","bottom":""},"single_post_page_title_bar_spacing_tablet":{"top":"","bottom":""},"single_post_page_title_bar_spacing_mobile":{"top":"","bottom":""},"single_product_override_page_title_bar":"off","single_product_page_title_bar_layout":"hide","single_product_page_title_font_size":{"xlg":"","lg":"","md":"","sm":"","xs":"","mb":""},"single_product_page_title_bar_background":{"image":"","repeat":"repeat","position":"left top","attachment":"","size":"","color":""},"single_product_page_title_bar_heading_color":"","single_product_page_title_bar_text_color":"","single_product_page_title_bar_link_color":"","single_product_page_title_bar_link_hover_color":"","single_product_page_title_bar_spacing":{"top":"","bottom":""},"single_product_page_title_bar_spacing_desktop_small":{"top":"","bottom":""},"single_product_page_title_bar_spacing_tablet":{"top":"","bottom":""},"single_product_page_title_bar_spacing_mobile":{"top":"","bottom":""},"single_portfolio_override_page_title_bar":"off","single_portfolio_page_title_bar_layout":"hide","single_portfolio_page_title_font_size":{"xlg":"","lg":"","md":"","sm":"","xs":"","mb":""},"single_portfolio_page_title_bar_background":{"image":"","repeat":"repeat","position":"left top","attachment":"","size":"","color":""},"single_portfolio_page_title_bar_heading_color":"","single_portfolio_page_title_bar_text_color":"","single_portfolio_page_title_bar_link_color":"","single_portfolio_page_title_bar_link_hover_color":"","single_portfolio_page_title_bar_spacing":{"top":"","bottom":""},"single_portfolio_page_title_bar_spacing_desktop_small":{"top":"","bottom":""},"single_portfolio_page_title_bar_spacing_tablet":{"top":"","bottom":""},"single_portfolio_page_title_bar_spacing_mobile":{"top":"","bottom":""},"footer_layout":"4col2225","enable_footer_top":"yes","footer_full_width":"no","enable_footer_copyright":"yes","footer_copyright":"<div class=\"row font-size-11\">\r\n\t<div class=\"col-xs-12 col-sm-4 xs-text-left text-color-secondary font-size-14\">\r\n\t\t[la_social_link]\r\n\t<\/div>\r\n\t<div class=\"col-xs-12 col-sm-4 text-center xs-text-left xs-pt-5 xs-pb-10\">\r\n\t\t\t\u00a9 2018 AIRI. Designed by LA-STUDIO\r\n\t<\/div>\r\n\t<div class=\"col-xs-12 col-sm-4 text-right xs-text-left\">\r\n\t\t<img src=\"\/\/airi.la-studioweb.com\/wp-content\/themes\/airi\/assets\/images\/payments.png\" alt=\"payment\">\r\n\t<\/div>\r\n<\/div>","footer_background":{"image":"","repeat":"repeat","position":"left top","attachment":"","size":"","color":""},"footer_space":{"margin_top":"","margin_right":"","margin_bottom":"","margin_left":"","border_top":"","border_right":"","border_bottom":"","border_left":"","padding_top":"40px","padding_right":"","padding_bottom":"5px","padding_left":"","border_style":"","border_color":""},"footer_text_color":"#8A8A8A","footer_heading_color":"#282828","footer_link_color":"#8A8A8A","footer_link_hover_color":"#cf987e","footer_copyright_background_color":"rgba(255,255,255,0)","footer_copyright_text_color":"#282828","footer_copyright_link_color":"#282828","footer_copyright_link_hover_color":"#cf987e","layout_blog":"col-2cl","blog_small_layout":"off","page_title_bar_layout_blog_global":"on","blog_design":"list_2","blog_post_column":{"xlg":"1","lg":"1","md":"1","sm":"1","xs":"1","mb":"1"},"blog_item_space":"default","featured_images_blog":"on","blog_thumbnail_height_mode":"custom","blog_thumbnail_height_custom":"50%","blog_thumbnail_size":"full","blog_content_display":"excerpt","blog_excerpt_length":"50","blog_masonry":"off","blog_pagination_type":"pagination","layout_single_post":"col-2cl","single_small_layout":"off","featured_images_single":"on","single_post_thumbnail_size":"870x460","blog_pn_nav":"on","blog_post_title":"below","blog_author_info":"off","blog_social_sharing_box":"on","blog_related_posts":"on","blog_related_design":"1","blog_related_by":"random","blog_related_max_post":"3","blog_comments":"on","layout_archive_product":"col-2cl","main_full_width_archive_product":"yes","main_space_archive_product":{"top":"","bottom":""},"catalog_mode":"off","catalog_mode_price":"off","active_shop_filter":"on","hide_shop_toolbar":"off","woocommerce_toggle_grid_list":"off","shop_catalog_display_type":"grid","shop_catalog_grid_style":"1","active_shop_masonry":"off","shop_masonry_column_type":"default","product_masonry_container_width":"1170","product_masonry_image_size":"shop_catalog","product_masonry_item_width":"270","product_masonry_item_height":"390","woocommerce_shop_page_columns":{"xlg":"4","lg":"3","md":"3","sm":"2","xs":"1","mb":"1"},"woocommerce_shop_masonry_columns":{"xlg":"4","lg":"4","md":"3","sm":"2","xs":"1","mb":"1"},"woocommerce_shop_masonry_custom_columns":{"md":"3","sm":"2","xs":"1","mb":"1"},"enable_shop_masonry_custom_setting":"off","shop_masonry_item_setting":[{"size_name":"1x Width + 1x Height","w":"0.5","h":"0.5"}],"shop_item_space":"default","product_per_page_allow":"6,12,15","product_per_page_default":"12","woocommerce_pagination_type":"pagination","woocommerce_load_more_text":"Load More Products","woocommerce_enable_crossfade_effect":"on","woocommerce_show_rating_on_catalog":"on","woocommerce_show_addcart_btn":"on","woocommerce_show_quickview_btn":"on","woocommerce_show_wishlist_btn":"on","woocommerce_show_compare_btn":"on","layout_single_product":"col-1c","main_full_width_single_product":"yes","main_space_single_product":{"top":"","bottom":""},"woocommerce_product_page_design":"2","single_ajax_add_cart":"yes","move_woo_tabs_to_bottom":"yes","woocommerce_gallery_zoom":"yes","woocommerce_gallery_lightbox":"yes","product_single_hide_breadcrumb":"no","product_single_hide_page_title":"yes","product_single_hide_product_title":"no","product_gallery_column":{"xlg":"3","lg":"3","md":"3","sm":"5","xs":"4","mb":"3"},"product_sharing":"on","related_products":"on","related_product_title":"Related Products","related_product_subtitle":"","related_products_columns":{"xlg":"4","lg":"4","md":"3","sm":"2","xs":"2","mb":"1"},"upsell_products":"on","upsell_product_title":"Up-Sells Products","upsell_product_subtitle":"","upsell_products_columns":{"xlg":"4","lg":"4","md":"3","sm":"2","xs":"2","mb":"1"},"woo_enable_custom_tab":"on","woo_custom_tab_title":"","woo_custom_tab_content":"","crosssell_products":"on","crosssell_product_title":"Related Products","crosssell_product_subtitle":"Sed vitae eros a quam malesuada porttitor nec nec","crosssell_products_columns":{"xlg":"4","lg":"4","md":"3","sm":"2","xs":"1","mb":"1"},"wishlist_page":"","compare_page":"","compare_attribute":["image","title","add-to-cart","price","sku","description","stock","weight","dimensions"],"portfolio_custom_name":"Portfolios","portfolio_custom_name2":"Portfolio","portfolio_custom_slug":"portfolio","portfolio_cat_custom_name":"Portfolio Categories","portfolio_cat_custom_name2":"Portfolio Category","portfolio_cat_custom_slug":"portfolio-category","portfolio_skill_custom_name":"Portfolio Skills","portfolio_skill_custom_name2":"Portfolio Skill","portfolio_skill_custom_slug":"portfolio-skill","layout_archive_portfolio":"col-1c","main_full_width_archive_portfolio":"yes","main_space_archive_portfolio":{"top":"","bottom":""},"portfolio_display_type":"grid","portfolio_thumbnail_height_mode":"original","portfolio_thumbnail_height_custom":"70%","portfolio_item_space":"","portfolio_display_style":"1","portfolio_column":{"xlg":"4","lg":"4","md":"3","sm":"3","xs":"1","mb":"1"},"portfolio_per_page":"8","portfolio_thumbnail_size":"480x390","layout_single_portfolio":"col-1c","single_portfolio_nextprev":"on","social_links":{"1":{"title":"Facebook","icon":"fa fa-facebook","link":"#"},"2":{"title":"Twitter","icon":"fa fa-twitter","link":"#"},"3":{"title":"Pinterest","icon":"fa fa-pinterest-p","link":"#"},"4":{"title":"Linked In","icon":"fa fa-linkedin-square","link":"#"},"5":{"title":"Behance","icon":"fa fa-behance","link":"#"}},"sharing_facebook":true,"sharing_twitter":true,"sharing_google_plus":true,"sharing_pinterest":true,"google_key":"","instagram_token":"8205164261.3a81a9f.ba755ce4da85464b8a9a3e15a15c7db4","la_custom_css":"\n.header-v6 #masthead_aside {\n    background-color: transparent;\n}\n@media(max-width: 992px){\n    .header-v6 .site-header .site-header-top {\n        display: none;\n    }\n}\n#masthead_aside .site-branding {\n    float: left;\n}\n.header-v6 #masthead_aside .header-left .header-component-inner a.component-target {\n    font-size: 24px;\n    margin-left: 20px;\n    margin-top: 10px;\n}\n.header-v6 #masthead_aside .header-right {\n    margin-top: calc( (100vh - 400px)\/2 - 150px );\n}\n","header_js":"","footer_js":"","404_page_content":"<img class=\"alignnone size-full wp-image-618\" src=\"https:\/\/airi.la-studioweb.com\/wp-content\/uploads\/2018\/09\/404-img.png\" alt=\"\" width=\"453\" height=\"155\" \/>\r\n<p style=\"text-align: center;\">[la_divider height=\"lg:10px;\"][la_heading title=\"Page cannot be found!\" title_fz=\"lg:32px;\"]It looks like nothing was found at this locations.[\/la_heading][la_divider height=\"lg:50px;\"][la_btn title=\"Back to home\" style=\"outline\" color=\"gray\" align=\"center\" link=\"url:https%3A%2F%2Fairi.la-studioweb.com%2F|||\"]<\/p>\r\n&nbsp;","enable_newsletter_popup":true,"popup_max_width":"1070","popup_max_height":"460","popup_background":{"image":"https:\/\/airi.la-studioweb.com\/wp-content\/uploads\/2018\/09\/bg-newsletter.jpg","repeat":"no-repeat","position":"right center","attachment":"","size":"","color":"#ffffff"},"newsletter_popup_delay":"2000","show_checkbox_hide_newsletter_popup":true,"popup_dont_show_text":"Do not show popup anymore","newsletter_popup_show_again":"1","newsletter_popup_content":"<h5>Man Autumn Winter 2019<\/h5>\r\n<h4>Join our newsletter and get 20% per sale<\/h4>\r\n[yikes-mailchimp form=\"1\"]","enable_maintenance":"no","maintenance_page":"","import":"","header_access_icon_2":"","header_top_elements":[{"type":"dropdown_menu","icon":"fa fa-user-circle-o","menu_id":17},{"type":"cart","icon":"dl-icon-cart4"},{"type":"search_1"}],"header_mb_component_2":"","header_mb_footer_bar_component":"","pages_global_sidebar":"","portfolio_global_sidebar":"","portfolio_archive_global_sidebar":"","posts_global_sidebar":"","blog_archive_global_sidebar":"","sharing_reddit":"","sharing_linkedin":"","sharing_tumblr":"","sharing_line":"","sharing_whatapps":"","sharing_telegram":"","sharing_vk":"","sharing_email":"","only_show_newsletter_popup_on_home_page":"","disable_popup_on_mobile":""}