{"layout":"col-1c","body_boxed":"no","body_max_width":"1370","main_full_width":"no","main_space":{"top":"70","bottom":"90"},"backtotop_btn":"no","body_background":{"image":"","repeat":"repeat","position":"left top","attachment":"","size":"","color":""},"body_boxed_background":{"image":"","repeat":"repeat","position":"left top","attachment":"","size":"","color":"#ffffff"},"text_color":"#777777","heading_color":"#262626","primary_color":"#fc4f4f","secondary_color":"#262626","three_color":"#A3A3A3","border_color":"rgba(0,0,0,0.15)","page_loading_animation":"off","page_loading_style":"1","page_loading_custom":"","body_font_size":"14px","font_source":"1","main_font":{"family":"Poppins","variant":["100","300","regular","500","600","700"],"font":"google"},"secondary_font":{"family":"Poppins","variant":["100","300","regular","500","600","700"],"font":"google"},"highlight_font":{"family":"Alegreya","variant":["regular","700","900"],"font":"google"},"font_google_code":"","main_google_font_face":"","secondary_google_font_face":"","highlight_google_font_face":"","font_typekit_kit_id":"","main_typekit_font_face":"","secondary_typekit_font_face":"","highlight_typekit_font_face":"","header_transparency":"no","header_sticky":"no","enable_header_mb_footer_bar":"no","enable_header_mb_footer_bar_sticky":"always","page_title_bar_layout":"1","enable_page_title_subtext":"no","page_title_custom_subtext":"","page_title_font_size":{"xlg":"","lg":"","md":"","sm":"","xs":"","mb":""},"page_title_bar_background":{"image":"","repeat":"repeat","position":"left top","attachment":"","size":"","color":"#f9f9f9"},"page_title_bar_heading_color":"#262626","page_title_bar_text_color":"#777777","page_title_bar_link_color":"#262626","page_title_bar_link_hover_color":"#fc4f4f","page_title_bar_spacing":{"top":"78","bottom":"78"},"page_title_bar_spacing_desktop_small":{"top":"78","bottom":"78"},"page_title_bar_spacing_tablet":{"top":"40","bottom":"40"},"page_title_bar_spacing_mobile":{"top":"40","bottom":"40"},"woo_override_page_title_bar":"off","woo_page_title_bar_layout":"hide","woo_page_title_font_size":{"xlg":"","lg":"","md":"","sm":"","xs":"","mb":""},"woo_page_title_bar_background":{"image":"","repeat":"repeat","position":"left top","attachment":"","size":"","color":""},"woo_page_title_bar_heading_color":"","woo_page_title_bar_text_color":"","woo_page_title_bar_link_color":"","woo_page_title_bar_link_hover_color":"","woo_page_title_bar_spacing":{"top":"","bottom":""},"woo_page_title_bar_spacing_desktop_small":{"top":"","bottom":""},"woo_page_title_bar_spacing_tablet":{"top":"","bottom":""},"woo_page_title_bar_spacing_mobile":{"top":"","bottom":""},"single_post_override_page_title_bar":"off","single_post_page_title_bar_layout":"hide","single_post_page_title_font_size":{"xlg":"","lg":"","md":"","sm":"","xs":"","mb":""},"single_post_page_title_bar_background":{"image":"","repeat":"repeat","position":"left top","attachment":"","size":"","color":""},"single_post_page_title_bar_heading_color":"","single_post_page_title_bar_text_color":"","single_post_page_title_bar_link_color":"","single_post_page_title_bar_link_hover_color":"","single_post_page_title_bar_spacing":{"top":"","bottom":""},"single_post_page_title_bar_spacing_desktop_small":{"top":"","bottom":""},"single_post_page_title_bar_spacing_tablet":{"top":"","bottom":""},"single_post_page_title_bar_spacing_mobile":{"top":"","bottom":""},"single_product_override_page_title_bar":"on","single_product_page_title_bar_layout":"2","single_product_page_title_font_size":{"xlg":"","lg":"","md":"","sm":"","xs":"","mb":""},"single_product_page_title_bar_background":{"image":"","repeat":"repeat","position":"left top","attachment":"","size":"","color":""},"single_product_page_title_bar_heading_color":"","single_product_page_title_bar_text_color":"","single_product_page_title_bar_link_color":"","single_product_page_title_bar_link_hover_color":"","single_product_page_title_bar_spacing":{"top":"80","bottom":"25"},"single_product_page_title_bar_spacing_desktop_small":{"top":"80","bottom":"25"},"single_product_page_title_bar_spacing_tablet":{"top":"50","bottom":"25"},"single_product_page_title_bar_spacing_mobile":{"top":"50","bottom":"25"},"layout_blog":"col-2cr","blog_small_layout":"off","page_title_bar_layout_blog_global":"on","blog_design":"grid_3","blog_post_column":{"xlg":"1","lg":"1","md":"1","sm":"1","xs":"1","mb":"1"},"blog_item_space":"default","featured_images_blog":"on","blog_thumbnail_height_mode":"custom","blog_thumbnail_height_custom":"55%","blog_thumbnail_size":"full","blog_content_display":"excerpt","blog_excerpt_length":"30","blog_masonry":"off","blog_pagination_type":"pagination","layout_single_post":"col-2cr","single_small_layout":"off","featured_images_single":"on","blog_pn_nav":"on","blog_post_title":"below","blog_author_info":"on","blog_social_sharing_box":"on","blog_related_posts":"off","blog_related_design":"1","blog_related_by":"random","blog_related_max_post":"1","blog_comments":"on","layout_archive_product":"col-1c","main_full_width_archive_product":"yes","main_space_archive_product":{"top":"","bottom":""},"catalog_mode":"off","catalog_mode_price":"on","active_shop_filter":"on","hide_shop_toolbar":"off","woocommerce_toggle_grid_list":"on","shop_catalog_display_type":"grid","shop_catalog_grid_style":"3","active_shop_masonry":"off","shop_masonry_column_type":"custom","product_masonry_container_width":"","product_masonry_image_size":"shop_catalog","product_masonry_item_width":"","product_masonry_item_height":"","woocommerce_shop_page_columns":{"xlg":"5","lg":"4","md":"4","sm":"3","xs":"2","mb":"1"},"woocommerce_shop_masonry_columns":{"xlg":"4","lg":"4","md":"3","sm":"2","xs":"1","mb":"1"},"woocommerce_shop_masonry_custom_columns":{"md":"2","sm":"1","xs":"1","mb":"1"},"enable_shop_masonry_custom_setting":"on","shop_masonry_item_setting":{"1":{"size_name":"1x Width + 2x Height","w":"1","h":"2"},"2":{"size_name":"1x Width + 1x Height","w":"1","h":"1"},"3":{"size_name":"1x Width + 1x Height","w":"1","h":"1"},"4":{"size_name":"1x Width + 1x Height","w":"1","h":"1"},"5":{"size_name":"1x Width + 1x Height","w":"1","h":"1"},"6":{"size_name":"1x Width + 1.5x Height","w":"1","h":"1.5"},"7":{"size_name":"1x Width + 1.5x Height","w":"1","h":"1.5"},"8":{"size_name":"1x Width + 1.5x Height","w":"1","h":"1.5"},"9":{"size_name":"2x Width + 2x Height","w":"2","h":"2"},"10":{"size_name":"1x Width + 2x Height","w":"1","h":"2"},"11":{"size_name":"1x Width + 1.5x Height","w":"1","h":"1.5"},"12":{"size_name":"1x Width + 1.5x Height","w":"1","h":"1.5"},"13":{"size_name":"1x Width + 1.5x Height","w":"1","h":"1.5"}},"shop_item_space":"default","product_per_page_allow":"15,20,25","product_per_page_default":"15","woocommerce_pagination_type":"pagination","woocommerce_load_more_text":"Load More Products","woocommerce_enable_crossfade_effect":"on","woocommerce_show_rating_on_catalog":"on","woocommerce_show_addcart_btn":"on","woocommerce_show_quickview_btn":"on","woocommerce_show_wishlist_btn":"on","woocommerce_show_compare_btn":"on","layout_single_product":"col-1c","main_full_width_single_product":"yes","main_space_single_product":{"top":"0","bottom":""},"woocommerce_product_page_design":"2","single_ajax_add_cart":"yes","move_woo_tabs_to_bottom":"yes","woocommerce_gallery_zoom":"yes","woocommerce_gallery_lightbox":"yes","product_single_hide_breadcrumb":"no","product_single_hide_page_title":"no","product_single_hide_product_title":"no","product_gallery_column":{"xlg":"4","lg":"4","md":"3","sm":"3","xs":"3","mb":"3"},"product_sharing":"on","related_products":"on","related_product_title":"","related_product_subtitle":"","related_products_columns":{"xlg":"5","lg":"3","md":"3","sm":"3","xs":"1","mb":"1"},"upsell_products":"on","upsell_product_title":"You may also like","upsell_product_subtitle":"","upsell_products_columns":{"xlg":"5","lg":"3","md":"3","sm":"3","xs":"1","mb":"1"},"woo_enable_custom_tab":"on","woo_custom_tab_title":"Brands","woo_custom_tab_content":"[elementor-template id=\"7690\"]","woo_custom_tab_title_2":"Shipping &amp; Delivery","woo_custom_tab_content_2":"Nunc lacus elit, faucibus ac laoreet sed, dapibus ac mi. Maecenas eu ante a elit tempus fermentum. Aliquam commodo tincidunt semper. Phasellus accumsan, justo ac mollis pharetra, ex dui pharetra nisl, a scelerisque ipsum nulla ac sem. Cras eu risus urna. Duis lorem sapien, congue eget nisl sit amet, rutrum faucibus elit.\r\n\r\nDonec accumsan auctor iaculis. Sed suscipit arcu ligula, at egestas magna molestie a. Proin ac ex maximus, ultrices justo eget, sodales orci. Aliquam egestas libero ac turpis pharetra, in vehicula lacus scelerisque. Vestibulum ut sem laoreet, feugiat tellus at, hendrerit arcu.\r\n\r\nNunc lacus elit, faucibus ac laoreet sed, dapibus ac mi. Maecenas eu ante a elit tempus fermentum. Aliquam commodo tincidunt semper. Phasellus accumsan, justo ac mollis pharetra, ex dui pharetra nisl, a scelerisque ipsum nulla ac sem. Cras eu risus urna. Duis lorem sapien, congue eget nisl sit amet, rutrum faucibus elit.","woo_custom_tab_title_3":"","woo_custom_tab_content_3":"","crosssell_products":"on","crosssell_product_title":"","crosssell_product_subtitle":"","crosssell_products_columns":{"xlg":"4","lg":"4","md":"3","sm":"2","xs":"1","mb":"1"},"social_links":{"1":{"title":"Facebook","icon":"fa fa-facebook-f","link":"#"},"2":{"title":"Twiter","icon":"fa fa-twitter","link":"#"},"3":{"title":"Youtube","icon":"fa fa-youtube-play","link":"#"},"4":{"title":"Dribbble","icon":"fa fa-dribbble","link":"#"}},"sharing_facebook":true,"sharing_twitter":true,"sharing_linkedin":true,"sharing_google_plus":true,"sharing_pinterest":true,"la_custom_css":"\n                                \n                              ","header_js":"","footer_js":"","404_page_content":"[elementor-template id=\"7140\"]","enable_newsletter_popup":true,"popup_max_width":"1070","popup_max_height":"420","popup_background":{"image":"","repeat":"repeat","position":"left top","attachment":"","size":"","color":""},"only_show_newsletter_popup_on_home_page":true,"disable_popup_on_mobile":true,"newsletter_popup_delay":"2000","show_checkbox_hide_newsletter_popup":true,"popup_dont_show_text":"Do not show popup anymore","newsletter_popup_show_again":"1","newsletter_popup_content":"[elementor-template id=\"10858\"]","enable_maintenance":"no","maintenance_page":"","import":"","header_mb_footer_bar_component":"","pages_global_sidebar":"","posts_global_sidebar":"","blog_archive_global_sidebar":"","sharing_reddit":"","sharing_tumblr":"","sharing_line":"","sharing_whatapps":"","sharing_telegram":"","sharing_vk":"","sharing_email":""}