{"sidebar-primary":{"text-5":{"title":"Author","text":"<img class=\"aligncenter size-full wp-image-1496\" src=\"\/\/camille.la-studioweb.com\/wp-content\/uploads\/2018\/04\/sidebar-avatar.png\" alt=\"\" width=\"132\" height=\"132\" \/>\r\n<p class=\"text-center text-color-secondary\"><strong>Rose Grant<\/strong><\/p>\r\n[la_social_link style=\"outline\" el_class=\"visible-block text-center\"]","filter":true,"visual":true,"classes":""},"la-recent-posts-2":{"title":"Popular Post","number":5,"show_date":true,"classes":""},"categories-2":{"title":"Categories","count":1,"hierarchical":1,"dropdown":0,"classes":""},"tag_cloud-2":{"title":"Tags cloud","count":0,"taxonomy":"post_tag","classes":""},"archives-2":{"title":"Archive","count":1,"dropdown":0,"classes":""},"text-3":{"title":"Newsletter","text":"[contact-form-7 id=\"1861\" title=\"Newsletter Form 05\"]","filter":true,"visual":true,"classes":""},"text-4":{"title":"Follow us @Instagram","text":"[la_instagram_feed feed_type=\"tagged\" item_space=\"10\" limit=\"6\" image_size=\"standard_resolution\" hashtag=\"lapa_wp\" column=\"xlg:3;lg:3;md:3;sm:3;xs:3;mb:3;\"]","filter":true,"visual":true,"classes":""}},"sidebar-shop-filter":{"woocommerce_price_filter-3":{"title":"BY PRICES","classes":""},"product-sort-by-2":{"title":"SORT BY","classes":""},"woocommerce_product_categories-3":{"title":"CATEGORIES","orderby":"name","dropdown":0,"count":0,"hierarchical":1,"show_children_only":0,"hide_empty":0,"max_depth":"1","classes":""},"woocommerce_layered_nav-5":{"title":"COLOR","attribute":"color","display_type":"swatches","query_type":"or","classes":""},"woocommerce_layered_nav-6":{"title":"SIZE","attribute":"size","display_type":"list","query_type":"or","classes":""}},"aside-widget":{"text-9":{"title":"","text":"<div class=\"widget-title h2\">Camille<\/div>\r\nNullam varius porttitor augue id rutrum. Duis vehicula magna at magna tempus rhoncus. Maecenas quis lobortis elit, nec faucibus augue.\r\n\r\nPhasellus pellentesque mi ut mauris volutpat pellentesque. Donec id leo efficitur, bibendum enim ac, consectetur ex.","filter":true,"visual":true,"classes":""},"media_image-2":{"attachment_id":2115,"url":"http:\/\/camille.la-studioweb.com\/wp-content\/uploads\/2018\/05\/aside-image.jpg","title":"","size":"full","width":358,"height":358,"caption":"","alt":"","link_type":"custom","link_url":"https:\/\/camille.la-studioweb.com\/","image_classes":"","link_classes":"","link_rel":"","link_target_blank":false,"image_title":"","classes":"padding-top-30"},"contact_info-2":{"title":"","phone":"(+61 2) 9251 5600","email":"info@domain.com","address":"PO Box 16122 Collins Street West Victoria 8007 Australia","classes":"padding-top-30"},"text-10":{"title":"","text":"Contact with us\r\n\r\n[la_social_link]","filter":true,"visual":true,"classes":"padding-top-50"}},"f-col-1":{"text-26":{"title":"","text":"[la_social_link]","filter":true,"visual":true,"classes":""}},"f-col-2":{"custom_html-2":{"title":"","content":"<div class=\"la-contact-info inline-item\"><div class=\"la-contact-item la-contact-phone\"><span><a href=\"tel:+61292515600\">(+61 2) 9251 5600<\/a><\/span><\/div><div class=\"la-contact-item la-contact-email\"><span><a href=\"mailto:info@la-studioweb.com\">info@la-studioweb.com<\/a><\/span><\/div><div class=\"la-contact-item la-contact-address\"><span><a href=\"https:\/\/www.google.com\/maps\">Get Directions<\/a><\/span><\/div><\/div>","classes":""}},"f-col-3":{"text-27":{"title":"","text":"\u00a9 Camille Theme by LaStudio","filter":true,"visual":true,"classes":""}},"f-col-4":{"nav_menu-4":{"title":"LEGAL","nav_menu":"Footer Legal","classes":"xs-text-center"}},"f-col-5":{"text-7":{"title":"ADDRESS","text":"<p class=\"p1\"><a href=\"tel:+61225315600\"><span class=\"s1\">(+612) 2531 5600<\/span><\/a><\/p>\r\n<p class=\"p1\"><a href=\"mailto:info@la-studioweb.com\"><span class=\"s1\">info@la-studioweb.com<\/span><\/a><\/p>\r\n<p class=\"p1\"><span class=\"s1\">PO Box 1622 Colins Street West<\/span><\/p>\r\n<p class=\"p1\"><span class=\"s1\">Victoria 8077 Australia<\/span><\/p>","filter":true,"visual":true,"classes":"xs-text-center"}}}